{"__type__":"sp.SkeletonData","_name":"Fish_20","skeletonJsonStr":"{\n\"skeleton\": { \"hash\": \"GDNlICglZLncJGXykmIMeMd5WE4\", \"spine\": \"3.7.94\", \"width\": 205.88, \"height\": 118.75 },\n\"bones\": [\n\t{ \"name\": \"root\" },\n\t{\n\t\t\"name\": \"All\",\n\t\t\"parent\": \"root\",\n\t\t\"rotation\": -90,\n\t\t\"x\": 19.92,\n\t\t\"y\": 0.33,\n\t\t\"scaleX\": 0.463,\n\t\t\"scaleY\": 0.532\n\t},\n\t{ \"name\": \"than\", \"parent\": \"All\", \"x\": -0.61, \"y\": 73.62 },\n\t{ \"name\": \"than2\", \"parent\": \"than\", \"length\": 60.02, \"rotation\": 90.65, \"scaleY\": 1.046 },\n\t{ \"name\": \"than3\", \"parent\": \"than\", \"length\": 51.83, \"rotation\": -90, \"y\": -1.36 },\n\t{ \"name\": \"than4\", \"parent\": \"than3\", \"length\": 51.84, \"rotation\": 0.75, \"x\": 51.83 },\n\t{ \"name\": \"than5\", \"parent\": \"than4\", \"length\": 48.43, \"rotation\": -1.56, \"x\": 51.84 },\n\t{ \"name\": \"than6\", \"parent\": \"than5\", \"length\": 44.35, \"rotation\": 2.57, \"x\": 48.43 },\n\t{ \"name\": \"than7\", \"parent\": \"than6\", \"length\": 34.1, \"rotation\": -1.76, \"x\": 44.35 },\n\t{ \"name\": \"than8\", \"parent\": \"than7\", \"length\": 21.32, \"rotation\": -0.66, \"x\": 33.84, \"y\": 0.05 },\n\t{ \"name\": \"than9\", \"parent\": \"than8\", \"length\": 18.14, \"rotation\": -1.66, \"x\": 21.32 },\n\t{ \"name\": \"than10\", \"parent\": \"than9\", \"length\": 15.68, \"rotation\": 3.22, \"x\": 18.14 },\n\t{ \"name\": \"than11\", \"parent\": \"than10\", \"length\": 16.19, \"rotation\": -3.5, \"x\": 15.68 },\n\t{ \"name\": \"than12\", \"parent\": \"than6\", \"length\": 14.04, \"rotation\": -59.57, \"x\": 35.5, \"y\": -18.9 },\n\t{ \"name\": \"than13\", \"parent\": \"than6\", \"length\": 14.53, \"rotation\": 56.23, \"x\": 37.1, \"y\": 18.88 },\n\t{ \"name\": \"than14\", \"parent\": \"than3\", \"rotation\": -4.53, \"x\": 30.27, \"y\": -29.34 },\n\t{\n\t\t\"name\": \"vay1\",\n\t\t\"parent\": \"than14\",\n\t\t\"length\": 29.05,\n\t\t\"rotation\": -72.59,\n\t\t\"x\": 0.34,\n\t\t\"y\": -5.01,\n\t\t\"scaleX\": 0.999,\n\t\t\"scaleY\": 1.142\n\t},\n\t{ \"name\": \"vay2\", \"parent\": \"vay1\", \"length\": 23.93, \"rotation\": 10.72, \"x\": 28.69, \"y\": -0.45 },\n\t{ \"name\": \"vay3\", \"parent\": \"vay2\", \"length\": 26.44, \"rotation\": 11.34, \"x\": 23.93 },\n\t{ \"name\": \"vay6\", \"parent\": \"than4\", \"length\": 17.39, \"rotation\": -8.64, \"x\": 17.93, \"y\": -2.15 },\n\t{ \"name\": \"vay7\", \"parent\": \"vay6\", \"length\": 15.41, \"rotation\": 11.83, \"x\": 17.39 },\n\t{ \"name\": \"vay8\", \"parent\": \"vay7\", \"length\": 17.47, \"rotation\": 5.66, \"x\": 15.41 },\n\t{ \"name\": \"than15\", \"parent\": \"than3\", \"rotation\": 7.75, \"x\": 32.89, \"y\": 31.93, \"scaleY\": -1 },\n\t{\n\t\t\"name\": \"vay4\",\n\t\t\"parent\": \"than15\",\n\t\t\"length\": 29.05,\n\t\t\"rotation\": -72.59,\n\t\t\"x\": 0.34,\n\t\t\"y\": -5.01,\n\t\t\"scaleX\": 0.999,\n\t\t\"scaleY\": 1.141\n\t},\n\t{ \"name\": \"vay5\", \"parent\": \"vay4\", \"length\": 23.93, \"rotation\": 10.72, \"x\": 28.69, \"y\": -0.45 },\n\t{ \"name\": \"vay9\", \"parent\": \"vay5\", \"length\": 26.44, \"rotation\": 11.34, \"x\": 23.93 }\n],\n\"slots\": [\n\t{ \"name\": \"bong\", \"bone\": \"than\", \"attachment\": \"20_x60x200/bong\" },\n\t{ \"name\": \"vay1\", \"bone\": \"vay1\", \"attachment\": \"20_x60x200/vay1\" },\n\t{ \"name\": \"vay3\", \"bone\": \"vay4\", \"attachment\": \"20_x60x200/vay1\" },\n\t{ \"name\": \"than\", \"bone\": \"than\", \"attachment\": \"20_x60x200/than\" },\n\t{ \"name\": \"vay2\", \"bone\": \"vay6\", \"attachment\": \"20_x60x200/vay2\" }\n],\n\"skins\": {\n\t\"default\": {\n\t\t\"bong\": {\n\t\t\t\"20_x60x200/bong\": {\n\t\t\t\t\"type\": \"mesh\",\n\t\t\t\t\"color\": \"ffffff83\",\n\t\t\t\t\"uvs\": [ 0.45916, 0, 0.55647, 0, 0.63726, 0.03103, 0.71621, 0.07482, 0.76578, 0.10401, 0.81352, 0.1478, 0.81168, 0.19383, 0.80067, 0.24885, 0.83188, 0.29264, 0.88513, 0.3252, 0.93654, 0.35889, 0.97142, 0.39482, 1, 0.44534, 1, 0.49699, 0.95857, 0.50822, 0.8888, 0.48689, 0.80985, 0.45994, 0.78965, 0.51383, 0.76027, 0.56997, 0.71804, 0.61264, 0.67311, 0.66244, 0.65426, 0.69491, 0.70223, 0.72739, 0.69538, 0.76091, 0.64912, 0.76301, 0.59088, 0.76091, 0.61829, 0.79653, 0.64056, 0.83844, 0.61829, 0.86882, 0.58574, 0.87825, 0.56175, 0.92644, 0.55319, 0.96834, 0.53263, 1, 0.44698, 1, 0.44184, 0.94006, 0.4367, 0.88977, 0.38016, 0.8751, 0.36646, 0.83006, 0.40243, 0.78606, 0.42984, 0.75882, 0.3459, 0.76196, 0.29793, 0.75149, 0.3202, 0.70644, 0.35275, 0.68444, 0.31678, 0.64463, 0.27224, 0.5912, 0.22427, 0.53463, 0.202, 0.4833, 0.19343, 0.44872, 0.11121, 0.47492, 0.05125, 0.49796, 0, 0.5252, 0, 0.47072, 0, 0.42672, 0.06666, 0.35339, 0.10949, 0.32196, 0.19343, 0.27587, 0.19686, 0.23501, 0.20371, 0.17425, 0.20714, 0.1313, 0.27395, 0.09358, 0.34248, 0.05063, 0.40757, 0.0213, 0.05296, 0.45606, 0.09407, 0.4173, 0.16774, 0.3733, 0.26881, 0.34815, 0.3202, 0.17215, 0.45383, 0.07892, 0.62685, 0.11768, 0.70737, 0.18158, 0.50522, 0.17006, 0.50179, 0.27377, 0.50693, 0.35863, 0.5155, 0.45815, 0.49975, 0.56766, 0.50932, 0.671, 0.50454, 0.76265, 0.5141, 0.84064, 0.49497, 0.92254, 0.4312, 0.83772, 0.58265, 0.83479, 0.64802, 0.73632, 0.57787, 0.71585, 0.36424, 0.72462, 0.43598, 0.7061, 0.41207, 0.62615, 0.597, 0.62323, 0.34351, 0.52838, 0.64961, 0.52643, 0.66556, 0.43283, 0.34511, 0.43673, 0.38656, 0.31487, 0.64164, 0.31222, 0.78034, 0.37364, 0.89354, 0.41166, 0.94615, 0.46138, 0.31322, 0.24787, 0.6544, 0.23617, 0.42482, 0.22447, 0.42004, 0.13868, 0.62411, 0.16988 ],\n\t\t\t\t\"triangles\": [ 91, 66, 92, 66, 97, 92, 66, 56, 97, 56, 57, 97, 57, 58, 97, 97, 58, 67, 97, 67, 99, 53, 54, 64, 50, 51, 63, 50, 63, 49, 63, 51, 52, 52, 53, 63, 63, 53, 64, 65, 56, 66, 63, 64, 49, 49, 64, 48, 64, 65, 48, 48, 65, 66, 64, 55, 65, 64, 54, 55, 65, 55, 56, 93, 72, 98, 90, 94, 16, 95, 94, 9, 95, 9, 10, 15, 96, 14, 14, 96, 13, 96, 12, 13, 15, 95, 96, 15, 16, 95, 96, 11, 12, 96, 95, 11, 94, 95, 16, 95, 10, 11, 98, 101, 70, 9, 94, 8, 90, 93, 94, 94, 93, 7, 7, 93, 98, 94, 7, 8, 7, 98, 70, 7, 70, 6, 6, 70, 5, 32, 33, 79, 31, 32, 79, 34, 35, 79, 33, 34, 79, 30, 79, 78, 31, 79, 30, 79, 35, 78, 35, 80, 78, 37, 38, 80, 36, 80, 35, 36, 37, 80, 81, 26, 27, 80, 77, 78, 29, 30, 78, 78, 77, 81, 78, 81, 29, 29, 81, 28, 28, 81, 27, 77, 83, 25, 25, 82, 24, 24, 82, 23, 23, 82, 22, 25, 83, 82, 81, 25, 26, 41, 42, 84, 39, 84, 85, 80, 39, 77, 81, 77, 25, 39, 85, 77, 38, 39, 80, 40, 84, 39, 40, 41, 84, 82, 21, 22, 21, 87, 20, 20, 87, 19, 82, 83, 21, 42, 43, 84, 43, 86, 85, 83, 76, 87, 83, 87, 21, 77, 85, 76, 84, 43, 85, 85, 86, 76, 77, 76, 83, 76, 75, 87, 86, 44, 88, 43, 44, 86, 86, 75, 76, 18, 89, 17, 89, 90, 17, 87, 89, 19, 19, 89, 18, 75, 74, 89, 87, 75, 89, 44, 45, 88, 45, 46, 88, 75, 88, 74, 88, 46, 91, 91, 46, 47, 86, 88, 75, 17, 90, 16, 91, 92, 73, 91, 73, 74, 89, 74, 90, 47, 48, 91, 88, 91, 74, 74, 73, 90, 73, 93, 90, 48, 66, 91, 92, 72, 73, 73, 72, 93, 101, 98, 72, 92, 99, 72, 92, 97, 99, 72, 99, 71, 67, 58, 59, 67, 59, 60, 67, 100, 99, 99, 100, 71, 67, 61, 100, 67, 60, 61, 1, 68, 0, 100, 61, 68, 68, 61, 62, 68, 62, 0, 101, 72, 71, 101, 69, 70, 70, 4, 5, 70, 3, 4, 70, 69, 3, 69, 71, 68, 101, 71, 69, 1, 69, 68, 69, 2, 3, 69, 1, 2, 100, 68, 71 ],\n\t\t\t\t\"vertices\": [ 1, 3, -32.83, -43.46, 1, 4, 3, -32.94, -52.42, 0.99564, 5, -20.16, 55.47, 0, 6, -73.48, 53.49, 0, 23, 14.59, -4.64, 0.00436, 4, 3, -38.69, -59.79, 0.96748, 5, -14.39, 63.18, 0, 6, -67.93, 61.35, 0, 23, 21.68, -0.37, 0.03252, 4, 3, -46.76, -66.97, 0.86498, 5, -6.3, 70.68, 0, 6, -60.04, 69.07, 0, 23, 28.94, 6.24, 0.13502, 5, 3, -52.15, -71.47, 0.75496, 4, 49.93, 75.37, 0.00592, 5, -0.91, 75.38, 0, 6, -54.78, 73.92, 0, 23, 33.55, 10.69, 0.23912, 5, 3, -60.19, -75.78, 0.57673, 4, 57.92, 79.96, 0.02606, 5, 7.14, 79.87, 1.0E-5, 6, -46.86, 78.63, 0, 23, 38.38, 17.8, 0.3972, 5, 3, -68.59, -75.52, 0.37358, 4, 66.32, 79.79, 0.04752, 5, 15.54, 79.59, 1.0E-5, 6, -38.45, 78.57, 1.0E-5, 23, 39.39, 26.11, 0.57889, 5, 3, -78.62, -74.4, 0.09808, 4, 76.36, 78.73, 0.01766, 5, 25.56, 78.39, 2.0E-5, 6, -28.4, 77.65, 1.0E-5, 23, 39.92, 36.19, 0.88423, 2, 3, -86.64, -77.18, 8.9E-4, 23, 43.46, 43.56, 0.99911, 4, 3, -92.64, -82.02, 7.3E-4, 5, 39.6, 86.34, 0.04869, 6, -14.58, 85.98, 0.01499, 23, 48.43, 48.56, 0.93558, 4, 3, -98.85, -86.69, 9.3E-4, 5, 45.82, 91.21, 0.11738, 6, -8.5, 91.02, 0.04614, 23, 53.29, 53.79, 0.83555, 4, 3, -105.44, -89.83, 9.9E-4, 5, 52.42, 94.49, 0.15776, 6, -1.99, 94.47, 0.07509, 23, 56.92, 59.69, 0.76615, 4, 3, -114.69, -92.36, 0.00104, 5, 61.67, 97.12, 0.18126, 6, 7.19, 97.35, 0.10116, 23, 60.43, 68.32, 0.71655, 4, 3, -124.12, -92.25, 0.00107, 5, 71.1, 96.99, 0.18516, 6, 16.61, 97.48, 0.10816, 23, 61.72, 77.61, 0.7056, 4, 3, -126.12, -88.42, 0.00107, 5, 73.1, 92.98, 0.1863, 6, 18.72, 93.52, 0.10964, 23, 58.77, 80.3, 0.70299, 5, 3, -122.15, -82.04, 9.9E-4, 5, 69.11, 86.31, 0.1988, 6, 14.92, 86.75, 0.12505, 7, -29.58, 88.17, 1.0E-5, 23, 52.79, 77.59, 0.67515, 5, 3, -117.15, -74.83, 6.1E-4, 5, 64.1, 78.77, 0.26378, 6, 10.11, 79.08, 0.24021, 7, -34.73, 80.72, 0.00231, 23, 45.95, 74.02, 0.49309, 5, 3, -126.96, -72.86, 2.3E-4, 5, 73.91, 76.7, 0.17659, 6, 19.97, 77.27, 0.60154, 7, -24.96, 78.48, 0.04057, 23, 45.73, 84.04, 0.18108, 5, 3, -137.18, -70.05, 9.0E-5, 5, 84.11, 73.73, 0.04794, 6, 30.26, 74.59, 0.71699, 7, -14.81, 75.34, 0.17606, 23, 44.85, 94.61, 0.05892, 6, 3, -144.92, -66.07, 3.0E-5, 5, 91.85, 69.56, 0.00614, 6, 38.1, 70.63, 0.55519, 7, -7.15, 71.03, 0.41942, 8, -53.66, 69.41, 0.00209, 23, 42.62, 102.97, 0.01713, 5, 3, -153.95, -61.84, 0, 6, 47.25, 66.43, 0.18455, 7, 1.8, 66.42, 0.73516, 8, -44.57, 65.08, 0.079, 23, 40.37, 112.66, 0.00129, 5, 3, -159.86, -60.04, 0, 6, 53.2, 64.7, 0.03737, 7, 7.67, 64.43, 0.64347, 8, -38.65, 63.27, 0.31916, 23, 39.71, 118.8, 1.0E-5, 3, 6, 59.06, 69.4, 0.00139, 7, 13.74, 68.86, 0.38414, 8, -32.72, 67.89, 0.61447, 2, 7, 19.83, 68.02, 0.30638, 8, -26.6, 67.23, 0.69362, 3, 7, 20.08, 63.55, 0.2781, 8, -26.22, 62.77, 0.71967, 9, -60.77, 62.03, 0.00223, 3, 7, 19.52, 57.96, 0.12458, 8, -26.6, 57.16, 0.83699, 9, -61.09, 56.42, 0.03843, 4, 7, 26.1, 60.39, 0.00221, 8, -20.1, 59.8, 0.59586, 9, -54.62, 59.13, 0.39583, 10, -77.62, 56.9, 0.0061, 3, 8, -12.45, 61.95, 0.16514, 9, -47, 61.37, 0.742, 10, -70.07, 59.35, 0.09286, 3, 8, -6.91, 59.8, 0.03869, 9, -41.43, 59.29, 0.68965, 10, -64.44, 57.43, 0.27166, 4, 8, -5.18, 56.67, 0.01005, 9, -39.67, 56.17, 0.50064, 10, -62.59, 54.37, 0.48489, 11, -77.56, 58.83, 0.00441, 4, 9, -30.85, 53.96, 2.2E-4, 10, -53.71, 52.42, 0.45629, 11, -68.8, 56.38, 0.52825, 12, -87.76, 51.12, 0.01525, 3, 10, -46.04, 51.9, 0.00877, 11, -61.17, 55.43, 0.37445, 12, -80.09, 50.64, 0.61677, 1, 12, -74.23, 48.93, 1, 1, 12, -73.85, 40.68, 1, 3, 10, -50.76, 40.97, 0.00598, 11, -66.5, 44.79, 0.98608, 12, -84.76, 39.69, 0.00795, 2, 9, -37.4, 41.84, 0.1728, 10, -59.91, 40.11, 0.8272, 3, 8, -5.76, 36.87, 9.5E-4, 9, -40.02, 36.37, 0.66979, 10, -62.36, 34.56, 0.32926, 3, 8, -13.98, 35.55, 0.17677, 9, -48.22, 34.95, 0.79657, 10, -70.52, 32.91, 0.02666, 2, 8, -22.01, 39.01, 0.83643, 9, -56.29, 38.32, 0.16357, 3, 7, 18.67, 42.47, 0.04073, 8, -26.98, 41.65, 0.95727, 9, -61.29, 40.91, 0.002, 2, 7, 18.99, 34.37, 0.2574, 8, -26.41, 33.57, 0.7426, 2, 7, 16.94, 29.81, 0.30758, 8, -28.32, 28.95, 0.69242, 3, 6, 55.76, 32.56, 3.2E-4, 7, 8.78, 32.21, 0.5851, 8, -36.54, 31.09, 0.41457, 3, 6, 51.7, 35.64, 0.01347, 7, 4.87, 35.46, 0.84028, 8, -40.56, 34.23, 0.14625, 4, 6, 44.48, 32.07, 0.22028, 7, -2.5, 32.22, 0.77592, 8, -47.82, 30.76, 0.00363, 16, -31.6, 130.21, 1.7E-4, 4, 5, 87.37, 26.69, 0.01427, 6, 34.79, 27.65, 0.71931, 7, -12.38, 28.24, 0.25556, 16, -29.95, 119.75, 0.01086, 4, 5, 76.99, 22.2, 0.13706, 6, 24.53, 22.88, 0.76898, 7, -22.84, 23.94, 0.0255, 16, -28.14, 108.66, 0.06846, 4, 5, 67.59, 20.18, 0.32419, 6, 15.2, 20.61, 0.47267, 7, -32.27, 22.08, 1.2E-4, 16, -28.14, 99.05, 0.20302, 3, 5, 61.27, 19.44, 0.38057, 6, 8.9, 19.69, 0.19022, 16, -28.63, 92.71, 0.42921, 3, 5, 65.94, 11.46, 0.31074, 6, 13.79, 11.84, 0.06276, 16, -21.41, 95.61, 0.6265, 3, 5, 70.07, 5.63, 0.2987, 6, 18.08, 6.13, 0.04438, 16, -16.01, 98.42, 0.65692, 3, 5, 74.98, 0.63, 0.29674, 6, 23.12, 1.26, 0.0403, 16, -11.14, 102.17, 0.66296, 3, 5, 65.04, 0.76, 0.29735, 6, 13.18, 1.12, 0.04535, 16, -12.97, 92.48, 0.65731, 3, 5, 57.01, 0.87, 0.28721, 6, 5.15, 1.01, 0.04513, 16, -14.44, 84.65, 0.66765, 3, 5, 43.71, 7.46, 0.19403, 6, -8.33, 7.24, 0.0223, 16, -22.04, 73.03, 0.78367, 3, 5, 38.03, 11.66, 0.10278, 6, -14.12, 11.28, 0.00853, 16, -26.39, 68.36, 0.8887, 2, 3, -82.88, -18.46, 0.01398, 16, -34.42, 61.96, 0.98602, 3, 3, -75.43, -18.85, 0.16393, 4, 73.84, 20.58, 0.01303, 16, -36.05, 54.76, 0.82304, 3, 3, -64.35, -19.6, 0.55331, 4, 62.75, 21.24, 0.01748, 16, -38.6, 44.1, 0.42922, 3, 3, -56.51, -20, 0.743, 4, 54.91, 21.57, 3.9E-4, 16, -40.31, 36.53, 0.25661, 2, 3, -49.71, -26.23, 0.88432, 16, -46.72, 31.25, 0.11568, 2, 3, -41.94, -32.62, 0.97773, 16, -53.45, 25.08, 0.02227, 2, 3, -36.66, -38.67, 0.99865, 16, -59.45, 21.26, 0.00135, 3, 5, 62.43, 5.9, 0.30014, 6, 10.43, 6.18, 0.05146, 16, -17.55, 91, 0.6484, 3, 5, 55.41, 9.95, 0.29491, 6, 3.3, 10.04, 0.05515, 16, -22.02, 84.99, 0.64994, 3, 5, 47.47, 17.15, 0.26707, 6, -4.83, 17.02, 0.03418, 16, -29.17, 78.74, 0.69874, 4, 4, 94.49, 27.51, 0.02645, 5, 43.01, 26.94, 0.30214, 6, -9.56, 26.69, 0.01218, 16, -37.82, 76.44, 0.65923, 3, 3, -64.09, -30.33, 0.64697, 4, 62.37, 32.46, 0.06498, 16, -47.67, 46.23, 0.28805, 2, 3, -47.23, -42.81, 0.99714, 16, -61.1, 32.5, 0.00286, 5, 3, -54.49, -58.66, 0.85961, 4, 52.42, 61.99, 0.00895, 5, 1.41, 61.97, 0, 6, -52.1, 60.57, 0, 23, 23.05, 15.39, 0.13143, 5, 3, -66.24, -65.94, 0.45716, 4, 64.09, 69.74, 0.09963, 5, 13.17, 69.57, 0, 6, -40.55, 68.49, 0, 23, 30.94, 25.59, 0.44321, 4, 3, -63.91, -47.36, 0.97798, 5, 10.81, 50.13, 0, 6, -42.38, 49, 0, 23, 14.87, 26.78, 0.02202, 2, 4, 80.91, 49.95, 0.94439, 23, 17.21, 45.5, 0.05561, 4, 3, -98.33, -47.15, 0, 4, 96.4, 50.44, 0.0331, 5, 45.23, 49.85, 0.92381, 23, 19.75, 60.68, 0.04308, 4, 3, -116.5, -47.74, 2.0E-5, 5, 63.4, 50.43, 0.88684, 6, 10.18, 50.73, 0.09515, 23, 22.92, 78.45, 0.01799, 4, 3, -136.47, -46.07, 0, 6, 30.19, 49.49, 0.98219, 7, -16, 50.27, 0.01685, 23, 24.45, 98.4, 9.6E-4, 4, 3, -155.34, -46.75, 0, 6, 49.03, 50.68, 0.00693, 7, 2.88, 50.61, 0.98792, 8, -43.01, 49.31, 0.00515, 2, 8, -26.28, 48.85, 0.99867, 9, -60.68, 48.11, 0.00133, 3, 8, -12.05, 49.77, 0.00872, 9, -46.46, 49.19, 0.98057, 10, -69.17, 47.19, 0.01071, 2, 10, -54.16, 45.96, 0.38521, 11, -69.61, 49.96, 0.61479, 3, 8, -12.58, 41.78, 0.06285, 9, -46.9, 41.2, 0.91432, 10, -69.38, 39.2, 0.02283, 3, 8, -13.12, 56.37, 0.1646, 9, -47.6, 55.78, 0.76654, 10, -70.5, 53.75, 0.06886, 4, 6, 60.77, 64.2, 0.001, 7, 15.21, 63.59, 0.35331, 8, -31.09, 62.66, 0.64552, 9, -65.64, 61.87, 1.7E-4, 3, 6, 57.13, 57.4, 0.00417, 7, 11.26, 56.96, 0.53664, 8, -34.82, 55.91, 0.45919, 2, 7, 12.23, 36.34, 0.46491, 8, -33.22, 35.33, 0.53509, 2, 7, 9.07, 43.35, 0.83624, 8, -36.6, 42.24, 0.16376, 3, 6, 40.98, 41.2, 0.17454, 7, -5.59, 41.5, 0.82545, 16, -39.58, 128.97, 2.0E-5, 5, 3, -146.72, -54.91, 1.0E-5, 6, 40.2, 59, 0.36208, 7, -5.58, 59.32, 0.62962, 8, -51.73, 57.75, 0.00515, 23, 33.44, 106.83, 0.00314, 4, 5, 76, 33.7, 0.08675, 6, 23.23, 34.35, 0.86194, 7, -23.63, 35.45, 0.01521, 16, -37.56, 110.11, 0.0361, 5, 3, -129.11, -59.95, 1.0E-4, 5, 76.03, 63.18, 0.09651, 6, 22.46, 63.82, 0.77789, 7, -23.08, 64.93, 0.05181, 23, 35.11, 88.57, 0.07369, 5, 3, -112.05, -61.6, 2.3E-4, 5, 58.97, 64.94, 0.52124, 6, 5.36, 65.11, 0.19403, 7, -40.1, 66.99, 5.0E-5, 23, 34, 71.47, 0.28445, 3, 5, 59.27, 34.08, 0.65585, 6, 6.51, 34.27, 0.1801, 16, -40.75, 93.84, 0.16405, 3, 4, 88.41, 38.85, 0.45912, 5, 37.09, 38.36, 0.1709, 16, -48.02, 73.04, 0.36998, 4, 4, 87.93, 63.41, 0.12124, 5, 36.93, 62.93, 0.12188, 6, -16.62, 62.5, 4.3E-4, 23, 29.1, 50.15, 0.75645, 4, 3, -101.37, -72.28, 4.5E-4, 5, 48.31, 76.14, 0.22675, 6, -5.6, 76.01, 0.05122, 23, 41.47, 58.97, 0.72157, 4, 3, -108.43, -82.62, 9.0E-4, 5, 55.39, 86.95, 0.18626, 6, 1.19, 87.01, 0.09228, 23, 51.27, 63.98, 0.72056, 4, 3, -117.56, -87.37, 0.00103, 5, 64.53, 91.89, 0.18814, 6, 10.19, 92.21, 0.10977, 23, 56.62, 72.07, 0.70106, 3, 3, -77.9, -29.54, 0.07861, 4, 76.18, 31.79, 0.17014, 16, -44.6, 59.55, 0.75125, 4, 3, -76.14, -60.96, 0.10833, 4, 74.05, 64.64, 0.27322, 6, -30.51, 63.53, 0, 23, 28.18, 36.27, 0.61844, 3, 3, -73.76, -39.86, 0.05088, 4, 71.91, 42.53, 0.80927, 16, -54, 57.78, 0.13985, 3, 3, -58.09, -39.58, 0.95688, 4, 56.26, 42.07, 2.0E-4, 16, -56.49, 42.41, 0.04291, 5, 3, -64.01, -58.3, 0.62188, 4, 61.95, 61.72, 0.13438, 5, 10.93, 61.58, 0, 6, -42.57, 60.44, 0, 23, 24.15, 24.83, 0.24374 ],\n\t\t\t\t\"hull\": 63\n\t\t\t}\n\t\t},\n\t\t\"than\": {\n\t\t\t\"20_x60x200/than\": {\n\t\t\t\t\"type\": \"mesh\",\n\t\t\t\t\"uvs\": [ 1, 0.26065, 1, 0.36085, 1, 0.49633, 1, 0.63463, 1, 0.80116, 1, 0.86608, 1, 0.929, 1, 1, 0.50622, 1, 0, 1, 0, 0.93041, 0, 0.86749, 0, 0.80116, 0, 0.72919, 0, 0.63463, 0, 0.4921, 0, 0.37355, 0, 0.24089, 0, 0, 0.48994, 0, 1, 0, 0.15787, 0.1915, 0.20995, 0.07719, 0.85457, 0.08283, 0.86433, 0.18727, 0.93596, 0.72777, 0.4932, 0.63463, 0.48346, 0.49414, 0.48726, 0.36736, 0.47692, 0.20926, 0.49979, 0.72843, 0.49971, 0.80116, 0.49977, 0.86678, 0.50297, 0.9297 ],\n\t\t\t\t\"triangles\": [ 22, 18, 19, 23, 19, 20, 24, 23, 20, 21, 18, 22, 29, 22, 19, 29, 19, 23, 29, 23, 24, 21, 22, 29, 17, 18, 21, 24, 20, 0, 24, 0, 1, 28, 29, 24, 16, 17, 21, 28, 21, 29, 8, 33, 6, 8, 6, 7, 33, 32, 5, 6, 33, 5, 10, 32, 33, 9, 10, 33, 9, 33, 8, 32, 11, 12, 10, 11, 32, 31, 13, 30, 31, 30, 25, 31, 25, 4, 12, 13, 31, 31, 4, 5, 32, 31, 5, 32, 12, 31, 3, 26, 2, 14, 27, 26, 25, 26, 3, 30, 26, 25, 13, 14, 26, 13, 26, 30, 25, 3, 4, 27, 15, 16, 26, 27, 2, 14, 15, 27, 28, 24, 1, 28, 16, 21, 28, 27, 16, 28, 1, 2, 27, 28, 2 ],\n\t\t\t\t\"vertices\": [ 5, 4, 16.75, 71.24, 0.43847, 5, -34.14, 71.7, 0.17171, 6, -87.9, 69.33, 0.01393, 7, -133.08, 75.37, 6.6E-4, 3, -18.92, -71.03, 0.37522, 5, 4, 55.52, 71.24, 0.38845, 5, 4.63, 71.19, 0.39439, 6, -49.13, 69.87, 0.10059, 7, -94.32, 74.18, 0.01916, 3, -57.69, -70.59, 0.09741, 8, 4, 107.96, 71.24, 0.10547, 5, 57.06, 70.5, 0.33738, 6, 3.3, 70.61, 0.37561, 7, -41.92, 72.56, 0.16852, 8, -88.46, 69.88, 0.00773, 9, -123.09, 68.42, 0.00259, 10, -146.33, 64.2, 3.1E-4, 3, -110.12, -69.99, 0.0024, 8, 4, 161.48, 71.24, 0.00723, 5, 110.57, 69.79, 0.05777, 6, 56.82, 71.37, 0.29025, 7, 11.58, 70.92, 0.45552, 8, -34.94, 69.88, 0.10925, 9, -69.57, 69.04, 0.05444, 10, -92.85, 66.37, 0.02548, 12, -126.98, 64.87, 5.0E-5, 7, 5, 175.01, 68.94, 2.0E-5, 6, 121.25, 72.27, 0.02629, 7, 75.99, 68.94, 0.20429, 8, 29.51, 69.88, 0.22597, 9, -5.13, 69.78, 0.27082, 10, -28.46, 68.98, 0.22685, 12, -62.6, 67.79, 0.04576, 7, 6, 146.38, 72.63, 0.00445, 7, 101.11, 68.16, 0.08438, 8, 54.63, 69.88, 0.14159, 9, 19.99, 70.06, 0.29576, 10, -3.36, 70, 0.3534, 11, -17.54, 71.09, 6.8E-4, 12, -37.5, 68.93, 0.11974, 7, 6, 170.72, 72.97, 1.2E-4, 7, 125.45, 67.41, 0.02342, 8, 78.98, 69.88, 0.06229, 9, 44.34, 70.34, 0.25502, 10, 20.97, 70.98, 0.43238, 11, 6.81, 70.71, 0.00643, 12, -13.17, 70.04, 0.22034, 6, 7, 152.91, 66.57, 0.00311, 8, 106.46, 69.88, 0.02792, 9, 71.82, 70.66, 0.22051, 10, 48.43, 72.1, 0.453, 11, 34.28, 70.28, 0.01036, 12, 14.28, 71.29, 0.2851, 4, 7, 150.8, -2.03, 0, 9, 72.6, 2.03, 9.3E-4, 10, 51.21, 3.52, 0.00393, 12, 17.39, 2.72, 0.99513, 6, 7, 148.63, -72.37, 0.02358, 8, 106.46, -69.12, 0.00168, 9, 73.41, -68.33, 0.10881, 10, 54.06, -66.79, 0.05769, 11, 32.11, -68.7, 0.41241, 12, 20.59, -67.57, 0.39583, 6, 7, 121.72, -71.54, 0.04932, 8, 79.53, -69.12, 0.01643, 9, 46.48, -68.64, 0.14749, 10, 27.15, -67.88, 0.07963, 11, 5.18, -68.28, 0.3733, 12, -6.32, -68.79, 0.33382, 7, 6, 148.88, -66.35, 2.4E-4, 7, 97.38, -70.79, 0.12773, 8, 55.18, -69.12, 0.05896, 9, 22.13, -68.92, 0.21677, 10, 2.82, -68.87, 0.09784, 11, -19.17, -67.9, 0.27704, 12, -30.64, -69.9, 0.22141, 8, 5, 173.19, -70.04, 1.8E-4, 6, 123.21, -66.71, 0.00923, 7, 71.72, -70, 0.28431, 8, 29.51, -69.12, 0.11418, 9, -3.53, -69.22, 0.24416, 10, -22.83, -69.91, 0.07373, 11, -44.83, -67.5, 0.15942, 12, -56.29, -71.06, 0.11479, 8, 5, 145.33, -69.68, 0.00747, 6, 95.36, -67.11, 0.05982, 7, 43.88, -69.14, 0.49199, 8, 1.66, -69.12, 0.11534, 9, -31.39, -69.54, 0.18403, 10, -50.66, -71.04, 0.03099, 11, -72.68, -67.06, 0.06727, 12, -84.11, -72.33, 0.04309, 10, 4, 161.48, -67.76, 2.3E-4, 5, 108.75, -69.2, 0.06381, 6, 58.77, -67.62, 0.24331, 7, 7.3, -68.02, 0.55457, 8, -34.94, -69.12, 0.03906, 9, -67.98, -69.96, 0.07515, 10, -87.22, -72.52, 0.00359, 11, -109.27, -66.49, 0.01297, 12, -120.66, -73.99, 0.00613, 3, -162.06, 69.61, 0.00118, 7, 4, 106.32, -67.76, 0.04711, 5, 53.59, -68.47, 0.34177, 6, 3.62, -68.4, 0.3764, 7, -47.83, -66.32, 0.17954, 8, -90.1, -69.12, 1.0E-4, 9, -123.13, -70.59, 0.00737, 3, -106.9, 68.98, 0.04771, 6, 4, 60.44, -67.76, 0.21647, 5, 7.72, -67.87, 0.38092, 6, -42.26, -69.04, 0.13693, 7, -93.69, -64.91, 0.0254, 9, -169.01, -71.12, 4.0E-5, 3, -61.03, 68.46, 0.24023, 5, 4, 9.1, -67.76, 0.1894, 5, -43.62, -67.19, 0.08744, 6, -93.59, -69.77, 0.01166, 7, -145, -63.33, 6.0E-5, 3, -9.7, 67.87, 0.71144, 1, 3, 83.52, 66.81, 1, 1, 3, 82.75, -1.28, 1, 2, 4, -84.12, 71.24, 0.00489, 3, 81.94, -72.18, 0.99511, 4, 4, -10.01, -45.82, 0.0972, 5, -62.44, -45, 0.02094, 6, -113.01, -48.09, 0.00114, 3, 9.17, 45.71, 0.88073, 1, 3, 53.32, 37.97, 1, 3, 4, -52.07, 51.03, 0.04006, 5, -103.22, 52.39, 0.00293, 3, 50.12, -51.6, 0.95701, 4, 4, -11.65, 52.38, 0.26755, 5, -62.79, 53.21, 0.04815, 6, -116.03, 50.07, 3.6E-4, 3, 9.69, -52.5, 0.68394, 8, 4, 197.52, 62.34, 1.0E-5, 5, 146.5, 60.42, 0.00461, 6, 92.98, 62.97, 0.0952, 7, 47.33, 60.91, 0.38732, 8, 1.11, 60.97, 0.23885, 9, -33.43, 60.55, 0.16578, 10, -56.48, 58.93, 0.10013, 12, -90.56, 57.61, 0.00811, 3, 7, 9.41, 0.51, 0.99995, 8, -34.94, -0.57, 4.0E-5, 10, -90, -4.02, 1.0E-5, 5, 5, 55.27, -1.29, 0.07449, 6, 3.46, -1.19, 0.92508, 7, -44.97, 0.83, 2.8E-4, 9, -123.11, -3.38, 1.0E-5, 3, -108.46, 1.79, 1.4E-4, 3, 5, 6.21, -0.11, 0.9996, 6, -45.6, -1.36, 6.0E-5, 3, -59.41, 0.71, 3.4E-4, 1, 3, 1.79, 1.45, 1, 4, 6, 94.09, 2.35, 6.0E-5, 7, 45.72, 0.3, 0.36386, 8, 1.36, 0.35, 0.63589, 10, -53.77, -1.63, 1.9E-4, 3, 8, 29.51, 0.34, 0.94768, 9, -4.33, 0.24, 0.05193, 10, -25.64, -0.5, 3.9E-4, 2, 9, 21.06, 0.54, 0.53349, 10, -0.27, 0.53, 0.46651, 2, 9, 45.41, 1.26, 0.00317, 11, 6, 1.63, 0.99683 ],\n\t\t\t\t\"hull\": 21\n\t\t\t}\n\t\t},\n\t\t\"vay1\": {\n\t\t\t\"20_x60x200/vay1\": {\n\t\t\t\t\"type\": \"mesh\",\n\t\t\t\t\"uvs\": [ 1, 0.64218, 0.6584, 0.58978, 0.36164, 0.74371, 0.0836, 1, 0, 1, 0, 0.74371, 0.19322, 0.38673, 0.42848, 0.15421, 0.63701, 0, 1, 0 ],\n\t\t\t\t\"triangles\": [ 2, 3, 5, 3, 4, 5, 5, 6, 2, 2, 6, 1, 6, 7, 1, 1, 9, 0, 7, 8, 1, 1, 8, 9 ],\n\t\t\t\t\"vertices\": [ 1, 16, 0.17, 45.29, 1, 2, 16, 25.9, 23.42, 0.90257, 17, 1.69, 23.97, 0.09743, 3, 16, 57.06, 18.28, 0.01408, 17, 31.35, 13.13, 0.06829, 18, 9.85, 11.41, 0.91763, 1, 18, 42.85, 1.48, 1, 1, 18, 47.63, -5.18, 1, 2, 16, 87.4, 0.13, 0, 18, 31.17, -16.8, 1, 3, 16, 56.13, -13.88, 0, 17, 24.47, -18.3, 0.46293, 18, -3.08, -18.04, 0.53707, 2, 16, 26.71, -17.27, 0.15159, 17, -5.08, -16.16, 0.84841, 2, 16, 2.84, -16.77, 0.95129, 17, -28.44, -11.23, 0.04871, 1, 16, -27.29, 1.87, 1 ],\n\t\t\t\t\"hull\": 10\n\t\t\t}\n\t\t},\n\t\t\"vay2\": {\n\t\t\t\"20_x60x200/vay2\": {\n\t\t\t\t\"type\": \"mesh\",\n\t\t\t\t\"uvs\": [ 0.33122, 0.02381, 1, 0.02381, 1, 0.22614, 1, 0.43225, 1, 0.64677, 1, 0.82765, 0.82589, 0.97619, 0.33122, 0.97619, 0.22522, 0.82344, 0, 0.67201, 0, 0.47431, 0, 0.29765, 0, 0.15463, 0.52556, 0.21773, 0.47256, 0.47852, 0.54322, 0.73931 ],\n\t\t\t\t\"triangles\": [ 15, 14, 4, 9, 14, 15, 8, 9, 15, 15, 4, 5, 7, 8, 15, 6, 15, 5, 7, 15, 6, 14, 10, 11, 14, 13, 3, 14, 3, 4, 9, 10, 14, 13, 0, 1, 12, 0, 13, 13, 1, 2, 11, 12, 13, 13, 2, 3, 13, 14, 11 ],\n\t\t\t\t\"vertices\": [ 1, 19, -6.42, -4.1, 1, 1, 19, -7.79, 5.84, 1, 2, 19, 4.84, 7.59, 0.99514, 20, -10.73, 10, 0.00486, 3, 19, 17.7, 9.37, 0.3361, 20, 2.22, 9.11, 0.66009, 21, -12.22, 10.36, 0.00381, 2, 20, 15.7, 8.18, 0.30927, 21, 1.1, 8.11, 0.69073, 1, 21, 12.34, 6.2, 1, 1, 21, 21.13, 2.07, 1, 1, 21, 19.89, -5.25, 1, 1, 21, 10.14, -5.21, 1, 2, 20, 16.26, -6.9, 0.48648, 21, 0.17, -6.95, 0.51352, 2, 19, 22.38, -5.13, 0.07954, 20, 3.83, -6.04, 0.92046, 1, 19, 11.35, -6.65, 1, 1, 19, 2.43, -7.89, 1, 1, 19, 5.29, 0.46, 1, 3, 19, 21.67, 1.93, 0.00564, 20, 4.59, 1.01, 0.99396, 21, -10.67, 2.07, 4.0E-4, 1, 21, 5.71, 0.38, 1 ],\n\t\t\t\t\"hull\": 13\n\t\t\t}\n\t\t},\n\t\t\"vay3\": {\n\t\t\t\"20_x60x200/vay1\": {\n\t\t\t\t\"type\": \"mesh\",\n\t\t\t\t\"uvs\": [ 1, 0.64218, 0.6584, 0.58978, 0.36164, 0.74371, 0.0836, 1, 0, 1, 0, 0.74371, 0.19322, 0.38673, 0.42848, 0.15421, 0.63701, 0, 1, 0 ],\n\t\t\t\t\"triangles\": [ 2, 3, 5, 3, 4, 5, 5, 6, 2, 2, 6, 1, 6, 7, 1, 1, 9, 0, 7, 8, 1, 1, 8, 9 ],\n\t\t\t\t\"vertices\": [ 1, 23, 0.17, 45.29, 1, 2, 23, 26.22, 23.85, 0.90257, 24, 2.09, 24.33, 0.09743, 3, 23, 57.38, 18.71, 0.01408, 24, 31.75, 13.49, 0.06829, 25, 10.32, 11.69, 0.91763, 1, 25, 42.85, 1.48, 1, 1, 25, 47.63, -5.18, 1, 2, 23, 87.33, -0.24, 0, 25, 30.96, -17.12, 1, 3, 23, 56.06, -14.25, 0, 24, 24.33, -18.65, 0.46293, 25, -3.28, -18.36, 0.53707, 2, 23, 26.63, -17.65, 0.15159, 24, -5.22, -16.51, 0.84841, 2, 23, 2.77, -17.15, 0.95129, 24, -28.58, -11.58, 0.04871, 1, 23, -27.29, 1.87, 1 ],\n\t\t\t\t\"hull\": 10\n\t\t\t}\n\t\t}\n\t}\n},\n\"animations\": {\n\t\"animation\": {\n\t\t\"bones\": {\n\t\t\t\"than2\": {\n\t\t\t\t\"rotate\": [\n\t\t\t\t\t{\n\t\t\t\t\t\t\"time\": 0,\n\t\t\t\t\t\t\"angle\": 1.18,\n\t\t\t\t\t\t\"curve\": [ 0.25, 0, 0.75, 1 ]\n\t\t\t\t\t},\n\t\t\t\t\t{\n\t\t\t\t\t\t\"time\": 0.8333,\n\t\t\t\t\t\t\"angle\": -3.3,\n\t\t\t\t\t\t\"curve\": [ 0.25, 0, 0.75, 1 ]\n\t\t\t\t\t},\n\t\t\t\t\t{ \"time\": 1.6667, \"angle\": 1.18 }\n\t\t\t\t]\n\t\t\t},\n\t\t\t\"vay6\": {\n\t\t\t\t\"rotate\": [\n\t\t\t\t\t{\n\t\t\t\t\t\t\"time\": 0,\n\t\t\t\t\t\t\"angle\": 0.27,\n\t\t\t\t\t\t\"curve\": [ 0.36, 0.64, 0.695, 1 ]\n\t\t\t\t\t},\n\t\t\t\t\t{\n\t\t\t\t\t\t\"time\": 0.0667,\n\t\t\t\t\t\t\"angle\": 0,\n\t\t\t\t\t\t\"curve\": [ 0.25, 0, 0.75, 1 ]\n\t\t\t\t\t},\n\t\t\t\t\t{\n\t\t\t\t\t\t\"time\": 0.9,\n\t\t\t\t\t\t\"angle\": 6.36,\n\t\t\t\t\t\t\"curve\": [ 0.245, 0, 0.711, 0.83 ]\n\t\t\t\t\t},\n\t\t\t\t\t{ \"time\": 1.6667, \"angle\": 0.27 }\n\t\t\t\t]\n\t\t\t},\n\t\t\t\"vay7\": {\n\t\t\t\t\"rotate\": [\n\t\t\t\t\t{\n\t\t\t\t\t\t\"time\": 0,\n\t\t\t\t\t\t\"angle\": 0.83,\n\t\t\t\t\t\t\"curve\": [ 0.375, 0.62, 0.716, 1 ]\n\t\t\t\t\t},\n\t\t\t\t\t{\n\t\t\t\t\t\t\"time\": 0.1667,\n\t\t\t\t\t\t\"angle\": 0,\n\t\t\t\t\t\t\"curve\": [ 0.25, 0, 0.75, 1 ]\n\t\t\t\t\t},\n\t\t\t\t\t{\n\t\t\t\t\t\t\"time\": 1,\n\t\t\t\t\t\t\"angle\": 6.36,\n\t\t\t\t\t\t\"curve\": [ 0.243, 0, 0.68, 0.71 ]\n\t\t\t\t\t},\n\t\t\t\t\t{ \"time\": 1.6667, \"angle\": 0.83 }\n\t\t\t\t]\n\t\t\t},\n\t\t\t\"vay8\": {\n\t\t\t\t\"rotate\": [\n\t\t\t\t\t{\n\t\t\t\t\t\t\"time\": 0,\n\t\t\t\t\t\t\"angle\": 1.54,\n\t\t\t\t\t\t\"curve\": [ 0.382, 0.58, 0.731, 1 ]\n\t\t\t\t\t},\n\t\t\t\t\t{\n\t\t\t\t\t\t\"time\": 0.2333,\n\t\t\t\t\t\t\"angle\": 0,\n\t\t\t\t\t\t\"curve\": [ 0.25, 0, 0.75, 1 ]\n\t\t\t\t\t},\n\t\t\t\t\t{\n\t\t\t\t\t\t\"time\": 1.0667,\n\t\t\t\t\t\t\"angle\": 6.36,\n\t\t\t\t\t\t\"curve\": [ 0.243, 0, 0.655, 0.63 ]\n\t\t\t\t\t},\n\t\t\t\t\t{ \"time\": 1.6667, \"angle\": 1.54 }\n\t\t\t\t]\n\t\t\t},\n\t\t\t\"than3\": {\n\t\t\t\t\"rotate\": [\n\t\t\t\t\t{\n\t\t\t\t\t\t\"time\": 0,\n\t\t\t\t\t\t\"angle\": 2.69,\n\t\t\t\t\t\t\"curve\": [ 0.25, 0, 0.75, 1 ]\n\t\t\t\t\t},\n\t\t\t\t\t{\n\t\t\t\t\t\t\"time\": 0.8333,\n\t\t\t\t\t\t\"angle\": -3.24,\n\t\t\t\t\t\t\"curve\": [ 0.25, 0, 0.75, 1 ]\n\t\t\t\t\t},\n\t\t\t\t\t{ \"time\": 1.6667, \"angle\": 2.69 }\n\t\t\t\t]\n\t\t\t},\n\t\t\t\"than4\": {\n\t\t\t\t\"rotate\": [\n\t\t\t\t\t{\n\t\t\t\t\t\t\"time\": 0,\n\t\t\t\t\t\t\"angle\": 2.2,\n\t\t\t\t\t\t\"curve\": [ 0.369, 0.63, 0.706, 1 ]\n\t\t\t\t\t},\n\t\t\t\t\t{\n\t\t\t\t\t\t\"time\": 0.1333,\n\t\t\t\t\t\t\"angle\": 2.69,\n\t\t\t\t\t\t\"curve\": [ 0.25, 0, 0.75, 1 ]\n\t\t\t\t\t},\n\t\t\t\t\t{\n\t\t\t\t\t\t\"time\": 0.9667,\n\t\t\t\t\t\t\"angle\": -3.24,\n\t\t\t\t\t\t\"curve\": [ 0.244, 0, 0.694, 0.77 ]\n\t\t\t\t\t},\n\t\t\t\t\t{ \"time\": 1.6667, \"angle\": 2.2 }\n\t\t\t\t]\n\t\t\t},\n\t\t\t\"than5\": {\n\t\t\t\t\"rotate\": [\n\t\t\t\t\t{\n\t\t\t\t\t\t\"time\": 0,\n\t\t\t\t\t\t\"angle\": 1.25,\n\t\t\t\t\t\t\"curve\": [ 0.382, 0.58, 0.731, 1 ]\n\t\t\t\t\t},\n\t\t\t\t\t{\n\t\t\t\t\t\t\"time\": 0.2333,\n\t\t\t\t\t\t\"angle\": 2.69,\n\t\t\t\t\t\t\"curve\": [ 0.25, 0, 0.75, 1 ]\n\t\t\t\t\t},\n\t\t\t\t\t{\n\t\t\t\t\t\t\"time\": 1.0667,\n\t\t\t\t\t\t\"angle\": -3.24,\n\t\t\t\t\t\t\"curve\": [ 0.243, 0, 0.655, 0.63 ]\n\t\t\t\t\t},\n\t\t\t\t\t{ \"time\": 1.6667, \"angle\": 1.25 }\n\t\t\t\t]\n\t\t\t},\n\t\t\t\"than6\": {\n\t\t\t\t\"rotate\": [\n\t\t\t\t\t{\n\t\t\t\t\t\t\"time\": 0,\n\t\t\t\t\t\t\"angle\": 0.12,\n\t\t\t\t\t\t\"curve\": [ 0.379, 0.52, 0.747, 1 ]\n\t\t\t\t\t},\n\t\t\t\t\t{\n\t\t\t\t\t\t\"time\": 0.3667,\n\t\t\t\t\t\t\"angle\": 6.11,\n\t\t\t\t\t\t\"curve\": [ 0.25, 0, 0.75, 1 ]\n\t\t\t\t\t},\n\t\t\t\t\t{\n\t\t\t\t\t\t\"time\": 1.2,\n\t\t\t\t\t\t\"angle\": -6.84,\n\t\t\t\t\t\t\"curve\": [ 0.247, 0, 0.63, 0.53 ]\n\t\t\t\t\t},\n\t\t\t\t\t{ \"time\": 1.6667, \"angle\": 0.12 }\n\t\t\t\t]\n\t\t\t},\n\t\t\t\"than7\": {\n\t\t\t\t\"rotate\": [\n\t\t\t\t\t{\n\t\t\t\t\t\t\"time\": 0,\n\t\t\t\t\t\t\"angle\": -1.06,\n\t\t\t\t\t\t\"curve\": [ 0.363, 0.44, 0.755, 1 ]\n\t\t\t\t\t},\n\t\t\t\t\t{\n\t\t\t\t\t\t\"time\": 0.5,\n\t\t\t\t\t\t\"angle\": 7.12,\n\t\t\t\t\t\t\"curve\": [ 0.25, 0, 0.75, 1 ]\n\t\t\t\t\t},\n\t\t\t\t\t{\n\t\t\t\t\t\t\"time\": 1.3333,\n\t\t\t\t\t\t\"angle\": -7.26,\n\t\t\t\t\t\t\"curve\": [ 0.258, 0, 0.619, 0.45 ]\n\t\t\t\t\t},\n\t\t\t\t\t{ \"time\": 1.6667, \"angle\": -1.06 }\n\t\t\t\t]\n\t\t\t},\n\t\t\t\"than8\": {\n\t\t\t\t\"rotate\": [\n\t\t\t\t\t{\n\t\t\t\t\t\t\"time\": 0,\n\t\t\t\t\t\t\"angle\": -2.15,\n\t\t\t\t\t\t\"curve\": [ 0.333, 0.33, 0.758, 1 ]\n\t\t\t\t\t},\n\t\t\t\t\t{\n\t\t\t\t\t\t\"time\": 0.6333,\n\t\t\t\t\t\t\"angle\": 6.01,\n\t\t\t\t\t\t\"curve\": [ 0.25, 0, 0.75, 1 ]\n\t\t\t\t\t},\n\t\t\t\t\t{\n\t\t\t\t\t\t\"time\": 1.4333,\n\t\t\t\t\t\t\"angle\": -8.35,\n\t\t\t\t\t\t\"curve\": [ 0.276, 0, 0.621, 0.4 ]\n\t\t\t\t\t},\n\t\t\t\t\t{ \"time\": 1.6667, \"angle\": -2.15 }\n\t\t\t\t]\n\t\t\t},\n\t\t\t\"than9\": {\n\t\t\t\t\"rotate\": [\n\t\t\t\t\t{\n\t\t\t\t\t\t\"time\": 0,\n\t\t\t\t\t\t\"angle\": -2.99,\n\t\t\t\t\t\t\"curve\": [ 0.289, 0.17, 0.755, 1 ]\n\t\t\t\t\t},\n\t\t\t\t\t{\n\t\t\t\t\t\t\"time\": 0.7333,\n\t\t\t\t\t\t\"angle\": 8.12,\n\t\t\t\t\t\t\"curve\": [ 0.25, 0, 0.75, 1 ]\n\t\t\t\t\t},\n\t\t\t\t\t{\n\t\t\t\t\t\t\"time\": 1.5667,\n\t\t\t\t\t\t\"angle\": -5.82,\n\t\t\t\t\t\t\"curve\": [ 0.305, 0, 0.64, 0.36 ]\n\t\t\t\t\t},\n\t\t\t\t\t{ \"time\": 1.6667, \"angle\": -2.99 }\n\t\t\t\t]\n\t\t\t},\n\t\t\t\"than10\": {\n\t\t\t\t\"rotate\": [\n\t\t\t\t\t{\n\t\t\t\t\t\t\"time\": 0,\n\t\t\t\t\t\t\"angle\": -3.14,\n\t\t\t\t\t\t\"curve\": [ 0.348, 0.66, 0.682, 1 ]\n\t\t\t\t\t},\n\t\t\t\t\t{\n\t\t\t\t\t\t\"time\": 0.0333,\n\t\t\t\t\t\t\"angle\": -5.49,\n\t\t\t\t\t\t\"curve\": [ 0.25, 0, 0.75, 1 ]\n\t\t\t\t\t},\n\t\t\t\t\t{\n\t\t\t\t\t\t\"time\": 0.8667,\n\t\t\t\t\t\t\"angle\": 9.2,\n\t\t\t\t\t\t\"curve\": [ 0.247, 0, 0.729, 0.91 ]\n\t\t\t\t\t},\n\t\t\t\t\t{ \"time\": 1.6667, \"angle\": -3.14 }\n\t\t\t\t]\n\t\t\t},\n\t\t\t\"than11\": {\n\t\t\t\t\"rotate\": [\n\t\t\t\t\t{\n\t\t\t\t\t\t\"time\": 0,\n\t\t\t\t\t\t\"angle\": -2.47,\n\t\t\t\t\t\t\"curve\": [ 0.375, 0.62, 0.716, 1 ]\n\t\t\t\t\t},\n\t\t\t\t\t{\n\t\t\t\t\t\t\"time\": 0.1667,\n\t\t\t\t\t\t\"angle\": -8.23,\n\t\t\t\t\t\t\"curve\": [ 0.25, 0, 0.75, 1 ]\n\t\t\t\t\t},\n\t\t\t\t\t{\n\t\t\t\t\t\t\"time\": 1,\n\t\t\t\t\t\t\"angle\": 9.77,\n\t\t\t\t\t\t\"curve\": [ 0.243, 0, 0.68, 0.71 ]\n\t\t\t\t\t},\n\t\t\t\t\t{ \"time\": 1.6667, \"angle\": -2.47 }\n\t\t\t\t]\n\t\t\t},\n\t\t\t\"vay1\": {\n\t\t\t\t\"rotate\": [\n\t\t\t\t\t{\n\t\t\t\t\t\t\"time\": 0,\n\t\t\t\t\t\t\"angle\": -3.18,\n\t\t\t\t\t\t\"curve\": [ 0.379, 0.6, 0.724, 1 ]\n\t\t\t\t\t},\n\t\t\t\t\t{\n\t\t\t\t\t\t\"time\": 0.2,\n\t\t\t\t\t\t\"angle\": -5.43,\n\t\t\t\t\t\t\"curve\": [ 0.25, 0, 0.75, 1 ]\n\t\t\t\t\t},\n\t\t\t\t\t{\n\t\t\t\t\t\t\"time\": 1.0333,\n\t\t\t\t\t\t\"angle\": 6.8,\n\t\t\t\t\t\t\"curve\": [ 0.242, 0, 0.667, 0.67 ]\n\t\t\t\t\t},\n\t\t\t\t\t{ \"time\": 1.6667, \"angle\": -3.18 }\n\t\t\t\t]\n\t\t\t},\n\t\t\t\"vay2\": {\n\t\t\t\t\"rotate\": [\n\t\t\t\t\t{\n\t\t\t\t\t\t\"time\": 0,\n\t\t\t\t\t\t\"angle\": 0.68,\n\t\t\t\t\t\t\"curve\": [ 0.375, 0.5, 0.75, 1 ]\n\t\t\t\t\t},\n\t\t\t\t\t{\n\t\t\t\t\t\t\"time\": 0.4,\n\t\t\t\t\t\t\"angle\": -5.43,\n\t\t\t\t\t\t\"curve\": [ 0.25, 0, 0.75, 1 ]\n\t\t\t\t\t},\n\t\t\t\t\t{\n\t\t\t\t\t\t\"time\": 1.2333,\n\t\t\t\t\t\t\"angle\": 6.8,\n\t\t\t\t\t\t\"curve\": [ 0.25, 0, 0.625, 0.5 ]\n\t\t\t\t\t},\n\t\t\t\t\t{ \"time\": 1.6667, \"angle\": 0.68 }\n\t\t\t\t]\n\t\t\t},\n\t\t\t\"vay3\": {\n\t\t\t\t\"rotate\": [\n\t\t\t\t\t{\n\t\t\t\t\t\t\"time\": 0,\n\t\t\t\t\t\t\"angle\": 4.54,\n\t\t\t\t\t\t\"curve\": [ 0.333, 0.33, 0.758, 1 ]\n\t\t\t\t\t},\n\t\t\t\t\t{\n\t\t\t\t\t\t\"time\": 0.6333,\n\t\t\t\t\t\t\"angle\": -5.43,\n\t\t\t\t\t\t\"curve\": [ 0.25, 0, 0.75, 1 ]\n\t\t\t\t\t},\n\t\t\t\t\t{\n\t\t\t\t\t\t\"time\": 1.4333,\n\t\t\t\t\t\t\"angle\": 6.8,\n\t\t\t\t\t\t\"curve\": [ 0.276, 0, 0.621, 0.4 ]\n\t\t\t\t\t},\n\t\t\t\t\t{ \"time\": 1.6667, \"angle\": 4.54 }\n\t\t\t\t]\n\t\t\t},\n\t\t\t\"vay9\": {\n\t\t\t\t\"rotate\": [\n\t\t\t\t\t{\n\t\t\t\t\t\t\"time\": 0,\n\t\t\t\t\t\t\"angle\": 4.54,\n\t\t\t\t\t\t\"curve\": [ 0.333, 0.33, 0.758, 1 ]\n\t\t\t\t\t},\n\t\t\t\t\t{\n\t\t\t\t\t\t\"time\": 0.6333,\n\t\t\t\t\t\t\"angle\": -5.43,\n\t\t\t\t\t\t\"curve\": [ 0.25, 0, 0.75, 1 ]\n\t\t\t\t\t},\n\t\t\t\t\t{\n\t\t\t\t\t\t\"time\": 1.4333,\n\t\t\t\t\t\t\"angle\": 6.8,\n\t\t\t\t\t\t\"curve\": [ 0.276, 0, 0.621, 0.4 ]\n\t\t\t\t\t},\n\t\t\t\t\t{ \"time\": 1.6667, \"angle\": 4.54 }\n\t\t\t\t]\n\t\t\t},\n\t\t\t\"vay5\": {\n\t\t\t\t\"rotate\": [\n\t\t\t\t\t{\n\t\t\t\t\t\t\"time\": 0,\n\t\t\t\t\t\t\"angle\": 0.68,\n\t\t\t\t\t\t\"curve\": [ 0.375, 0.5, 0.75, 1 ]\n\t\t\t\t\t},\n\t\t\t\t\t{\n\t\t\t\t\t\t\"time\": 0.4,\n\t\t\t\t\t\t\"angle\": -5.43,\n\t\t\t\t\t\t\"curve\": [ 0.25, 0, 0.75, 1 ]\n\t\t\t\t\t},\n\t\t\t\t\t{\n\t\t\t\t\t\t\"time\": 1.2333,\n\t\t\t\t\t\t\"angle\": 6.8,\n\t\t\t\t\t\t\"curve\": [ 0.25, 0, 0.625, 0.5 ]\n\t\t\t\t\t},\n\t\t\t\t\t{ \"time\": 1.6667, \"angle\": 0.68 }\n\t\t\t\t]\n\t\t\t},\n\t\t\t\"vay4\": {\n\t\t\t\t\"rotate\": [\n\t\t\t\t\t{\n\t\t\t\t\t\t\"time\": 0,\n\t\t\t\t\t\t\"angle\": -3.18,\n\t\t\t\t\t\t\"curve\": [ 0.379, 0.6, 0.724, 1 ]\n\t\t\t\t\t},\n\t\t\t\t\t{\n\t\t\t\t\t\t\"time\": 0.2,\n\t\t\t\t\t\t\"angle\": -5.43,\n\t\t\t\t\t\t\"curve\": [ 0.25, 0, 0.75, 1 ]\n\t\t\t\t\t},\n\t\t\t\t\t{\n\t\t\t\t\t\t\"time\": 1.0333,\n\t\t\t\t\t\t\"angle\": 6.8,\n\t\t\t\t\t\t\"curve\": [ 0.242, 0, 0.667, 0.67 ]\n\t\t\t\t\t},\n\t\t\t\t\t{ \"time\": 1.6667, \"angle\": -3.18 }\n\t\t\t\t]\n\t\t\t}\n\t\t}\n\t}\n}\n}","_skeletonJson":{"skeleton":{"hash":"GDNlICglZLncJGXykmIMeMd5WE4","spine":"3.7.94","width":205.88,"height":118.75},"bones":[{"name":"root"},{"name":"All","parent":"root","rotation":-90,"x":19.92,"y":0.33,"scaleX":0.463,"scaleY":0.532},{"name":"than","parent":"All","x":-0.61,"y":73.62},{"name":"than2","parent":"than","length":60.02,"rotation":90.65,"scaleY":1.046},{"name":"than3","parent":"than","length":51.83,"rotation":-90,"y":-1.36},{"name":"than4","parent":"than3","length":51.84,"rotation":0.75,"x":51.83},{"name":"than5","parent":"than4","length":48.43,"rotation":-1.56,"x":51.84},{"name":"than6","parent":"than5","length":44.35,"rotation":2.57,"x":48.43},{"name":"than7","parent":"than6","length":34.1,"rotation":-1.76,"x":44.35},{"name":"than8","parent":"than7","length":21.32,"rotation":-0.66,"x":33.84,"y":0.05},{"name":"than9","parent":"than8","length":18.14,"rotation":-1.66,"x":21.32},{"name":"than10","parent":"than9","length":15.68,"rotation":3.22,"x":18.14},{"name":"than11","parent":"than10","length":16.19,"rotation":-3.5,"x":15.68},{"name":"than12","parent":"than6","length":14.04,"rotation":-59.57,"x":35.5,"y":-18.9},{"name":"than13","parent":"than6","length":14.53,"rotation":56.23,"x":37.1,"y":18.88},{"name":"than14","parent":"than3","rotation":-4.53,"x":30.27,"y":-29.34},{"name":"vay1","parent":"than14","length":29.05,"rotation":-72.59,"x":0.34,"y":-5.01,"scaleX":0.999,"scaleY":1.142},{"name":"vay2","parent":"vay1","length":23.93,"rotation":10.72,"x":28.69,"y":-0.45},{"name":"vay3","parent":"vay2","length":26.44,"rotation":11.34,"x":23.93},{"name":"vay6","parent":"than4","length":17.39,"rotation":-8.64,"x":17.93,"y":-2.15},{"name":"vay7","parent":"vay6","length":15.41,"rotation":11.83,"x":17.39},{"name":"vay8","parent":"vay7","length":17.47,"rotation":5.66,"x":15.41},{"name":"than15","parent":"than3","rotation":7.75,"x":32.89,"y":31.93,"scaleY":-1},{"name":"vay4","parent":"than15","length":29.05,"rotation":-72.59,"x":0.34,"y":-5.01,"scaleX":0.999,"scaleY":1.141},{"name":"vay5","parent":"vay4","length":23.93,"rotation":10.72,"x":28.69,"y":-0.45},{"name":"vay9","parent":"vay5","length":26.44,"rotation":11.34,"x":23.93}],"slots":[{"name":"bong","bone":"than","attachment":"20_x60x200/bong"},{"name":"vay1","bone":"vay1","attachment":"20_x60x200/vay1"},{"name":"vay3","bone":"vay4","attachment":"20_x60x200/vay1"},{"name":"than","bone":"than","attachment":"20_x60x200/than"},{"name":"vay2","bone":"vay6","attachment":"20_x60x200/vay2"}],"skins":{"default":{"bong":{"20_x60x200/bong":{"type":"mesh","color":"ffffff83","uvs":[0.45916,0,0.55647,0,0.63726,0.03103,0.71621,0.07482,0.76578,0.10401,0.81352,0.1478,0.81168,0.19383,0.80067,0.24885,0.83188,0.29264,0.88513,0.3252,0.93654,0.35889,0.97142,0.39482,1,0.44534,1,0.49699,0.95857,0.50822,0.8888,0.48689,0.80985,0.45994,0.78965,0.51383,0.76027,0.56997,0.71804,0.61264,0.67311,0.66244,0.65426,0.69491,0.70223,0.72739,0.69538,0.76091,0.64912,0.76301,0.59088,0.76091,0.61829,0.79653,0.64056,0.83844,0.61829,0.86882,0.58574,0.87825,0.56175,0.92644,0.55319,0.96834,0.53263,1,0.44698,1,0.44184,0.94006,0.4367,0.88977,0.38016,0.8751,0.36646,0.83006,0.40243,0.78606,0.42984,0.75882,0.3459,0.76196,0.29793,0.75149,0.3202,0.70644,0.35275,0.68444,0.31678,0.64463,0.27224,0.5912,0.22427,0.53463,0.202,0.4833,0.19343,0.44872,0.11121,0.47492,0.05125,0.49796,0,0.5252,0,0.47072,0,0.42672,0.06666,0.35339,0.10949,0.32196,0.19343,0.27587,0.19686,0.23501,0.20371,0.17425,0.20714,0.1313,0.27395,0.09358,0.34248,0.05063,0.40757,0.0213,0.05296,0.45606,0.09407,0.4173,0.16774,0.3733,0.26881,0.34815,0.3202,0.17215,0.45383,0.07892,0.62685,0.11768,0.70737,0.18158,0.50522,0.17006,0.50179,0.27377,0.50693,0.35863,0.5155,0.45815,0.49975,0.56766,0.50932,0.671,0.50454,0.76265,0.5141,0.84064,0.49497,0.92254,0.4312,0.83772,0.58265,0.83479,0.64802,0.73632,0.57787,0.71585,0.36424,0.72462,0.43598,0.7061,0.41207,0.62615,0.597,0.62323,0.34351,0.52838,0.64961,0.52643,0.66556,0.43283,0.34511,0.43673,0.38656,0.31487,0.64164,0.31222,0.78034,0.37364,0.89354,0.41166,0.94615,0.46138,0.31322,0.24787,0.6544,0.23617,0.42482,0.22447,0.42004,0.13868,0.62411,0.16988],"triangles":[91,66,92,66,97,92,66,56,97,56,57,97,57,58,97,97,58,67,97,67,99,53,54,64,50,51,63,50,63,49,63,51,52,52,53,63,63,53,64,65,56,66,63,64,49,49,64,48,64,65,48,48,65,66,64,55,65,64,54,55,65,55,56,93,72,98,90,94,16,95,94,9,95,9,10,15,96,14,14,96,13,96,12,13,15,95,96,15,16,95,96,11,12,96,95,11,94,95,16,95,10,11,98,101,70,9,94,8,90,93,94,94,93,7,7,93,98,94,7,8,7,98,70,7,70,6,6,70,5,32,33,79,31,32,79,34,35,79,33,34,79,30,79,78,31,79,30,79,35,78,35,80,78,37,38,80,36,80,35,36,37,80,81,26,27,80,77,78,29,30,78,78,77,81,78,81,29,29,81,28,28,81,27,77,83,25,25,82,24,24,82,23,23,82,22,25,83,82,81,25,26,41,42,84,39,84,85,80,39,77,81,77,25,39,85,77,38,39,80,40,84,39,40,41,84,82,21,22,21,87,20,20,87,19,82,83,21,42,43,84,43,86,85,83,76,87,83,87,21,77,85,76,84,43,85,85,86,76,77,76,83,76,75,87,86,44,88,43,44,86,86,75,76,18,89,17,89,90,17,87,89,19,19,89,18,75,74,89,87,75,89,44,45,88,45,46,88,75,88,74,88,46,91,91,46,47,86,88,75,17,90,16,91,92,73,91,73,74,89,74,90,47,48,91,88,91,74,74,73,90,73,93,90,48,66,91,92,72,73,73,72,93,101,98,72,92,99,72,92,97,99,72,99,71,67,58,59,67,59,60,67,100,99,99,100,71,67,61,100,67,60,61,1,68,0,100,61,68,68,61,62,68,62,0,101,72,71,101,69,70,70,4,5,70,3,4,70,69,3,69,71,68,101,71,69,1,69,68,69,2,3,69,1,2,100,68,71],"vertices":[1,3,-32.83,-43.46,1,4,3,-32.94,-52.42,0.99564,5,-20.16,55.47,0,6,-73.48,53.49,0,23,14.59,-4.64,0.00436,4,3,-38.69,-59.79,0.96748,5,-14.39,63.18,0,6,-67.93,61.35,0,23,21.68,-0.37,0.03252,4,3,-46.76,-66.97,0.86498,5,-6.3,70.68,0,6,-60.04,69.07,0,23,28.94,6.24,0.13502,5,3,-52.15,-71.47,0.75496,4,49.93,75.37,0.00592,5,-0.91,75.38,0,6,-54.78,73.92,0,23,33.55,10.69,0.23912,5,3,-60.19,-75.78,0.57673,4,57.92,79.96,0.02606,5,7.14,79.87,0.00001,6,-46.86,78.63,0,23,38.38,17.8,0.3972,5,3,-68.59,-75.52,0.37358,4,66.32,79.79,0.04752,5,15.54,79.59,0.00001,6,-38.45,78.57,0.00001,23,39.39,26.11,0.57889,5,3,-78.62,-74.4,0.09808,4,76.36,78.73,0.01766,5,25.56,78.39,0.00002,6,-28.4,77.65,0.00001,23,39.92,36.19,0.88423,2,3,-86.64,-77.18,0.00089,23,43.46,43.56,0.99911,4,3,-92.64,-82.02,0.00073,5,39.6,86.34,0.04869,6,-14.58,85.98,0.01499,23,48.43,48.56,0.93558,4,3,-98.85,-86.69,0.00093,5,45.82,91.21,0.11738,6,-8.5,91.02,0.04614,23,53.29,53.79,0.83555,4,3,-105.44,-89.83,0.00099,5,52.42,94.49,0.15776,6,-1.99,94.47,0.07509,23,56.92,59.69,0.76615,4,3,-114.69,-92.36,0.00104,5,61.67,97.12,0.18126,6,7.19,97.35,0.10116,23,60.43,68.32,0.71655,4,3,-124.12,-92.25,0.00107,5,71.1,96.99,0.18516,6,16.61,97.48,0.10816,23,61.72,77.61,0.7056,4,3,-126.12,-88.42,0.00107,5,73.1,92.98,0.1863,6,18.72,93.52,0.10964,23,58.77,80.3,0.70299,5,3,-122.15,-82.04,0.00099,5,69.11,86.31,0.1988,6,14.92,86.75,0.12505,7,-29.58,88.17,0.00001,23,52.79,77.59,0.67515,5,3,-117.15,-74.83,0.00061,5,64.1,78.77,0.26378,6,10.11,79.08,0.24021,7,-34.73,80.72,0.00231,23,45.95,74.02,0.49309,5,3,-126.96,-72.86,0.00023,5,73.91,76.7,0.17659,6,19.97,77.27,0.60154,7,-24.96,78.48,0.04057,23,45.73,84.04,0.18108,5,3,-137.18,-70.05,0.00009,5,84.11,73.73,0.04794,6,30.26,74.59,0.71699,7,-14.81,75.34,0.17606,23,44.85,94.61,0.05892,6,3,-144.92,-66.07,0.00003,5,91.85,69.56,0.00614,6,38.1,70.63,0.55519,7,-7.15,71.03,0.41942,8,-53.66,69.41,0.00209,23,42.62,102.97,0.01713,5,3,-153.95,-61.84,0,6,47.25,66.43,0.18455,7,1.8,66.42,0.73516,8,-44.57,65.08,0.079,23,40.37,112.66,0.00129,5,3,-159.86,-60.04,0,6,53.2,64.7,0.03737,7,7.67,64.43,0.64347,8,-38.65,63.27,0.31916,23,39.71,118.8,0.00001,3,6,59.06,69.4,0.00139,7,13.74,68.86,0.38414,8,-32.72,67.89,0.61447,2,7,19.83,68.02,0.30638,8,-26.6,67.23,0.69362,3,7,20.08,63.55,0.2781,8,-26.22,62.77,0.71967,9,-60.77,62.03,0.00223,3,7,19.52,57.96,0.12458,8,-26.6,57.16,0.83699,9,-61.09,56.42,0.03843,4,7,26.1,60.39,0.00221,8,-20.1,59.8,0.59586,9,-54.62,59.13,0.39583,10,-77.62,56.9,0.0061,3,8,-12.45,61.95,0.16514,9,-47,61.37,0.742,10,-70.07,59.35,0.09286,3,8,-6.91,59.8,0.03869,9,-41.43,59.29,0.68965,10,-64.44,57.43,0.27166,4,8,-5.18,56.67,0.01005,9,-39.67,56.17,0.50064,10,-62.59,54.37,0.48489,11,-77.56,58.83,0.00441,4,9,-30.85,53.96,0.00022,10,-53.71,52.42,0.45629,11,-68.8,56.38,0.52825,12,-87.76,51.12,0.01525,3,10,-46.04,51.9,0.00877,11,-61.17,55.43,0.37445,12,-80.09,50.64,0.61677,1,12,-74.23,48.93,1,1,12,-73.85,40.68,1,3,10,-50.76,40.97,0.00598,11,-66.5,44.79,0.98608,12,-84.76,39.69,0.00795,2,9,-37.4,41.84,0.1728,10,-59.91,40.11,0.8272,3,8,-5.76,36.87,0.00095,9,-40.02,36.37,0.66979,10,-62.36,34.56,0.32926,3,8,-13.98,35.55,0.17677,9,-48.22,34.95,0.79657,10,-70.52,32.91,0.02666,2,8,-22.01,39.01,0.83643,9,-56.29,38.32,0.16357,3,7,18.67,42.47,0.04073,8,-26.98,41.65,0.95727,9,-61.29,40.91,0.002,2,7,18.99,34.37,0.2574,8,-26.41,33.57,0.7426,2,7,16.94,29.81,0.30758,8,-28.32,28.95,0.69242,3,6,55.76,32.56,0.00032,7,8.78,32.21,0.5851,8,-36.54,31.09,0.41457,3,6,51.7,35.64,0.01347,7,4.87,35.46,0.84028,8,-40.56,34.23,0.14625,4,6,44.48,32.07,0.22028,7,-2.5,32.22,0.77592,8,-47.82,30.76,0.00363,16,-31.6,130.21,0.00017,4,5,87.37,26.69,0.01427,6,34.79,27.65,0.71931,7,-12.38,28.24,0.25556,16,-29.95,119.75,0.01086,4,5,76.99,22.2,0.13706,6,24.53,22.88,0.76898,7,-22.84,23.94,0.0255,16,-28.14,108.66,0.06846,4,5,67.59,20.18,0.32419,6,15.2,20.61,0.47267,7,-32.27,22.08,0.00012,16,-28.14,99.05,0.20302,3,5,61.27,19.44,0.38057,6,8.9,19.69,0.19022,16,-28.63,92.71,0.42921,3,5,65.94,11.46,0.31074,6,13.79,11.84,0.06276,16,-21.41,95.61,0.6265,3,5,70.07,5.63,0.2987,6,18.08,6.13,0.04438,16,-16.01,98.42,0.65692,3,5,74.98,0.63,0.29674,6,23.12,1.26,0.0403,16,-11.14,102.17,0.66296,3,5,65.04,0.76,0.29735,6,13.18,1.12,0.04535,16,-12.97,92.48,0.65731,3,5,57.01,0.87,0.28721,6,5.15,1.01,0.04513,16,-14.44,84.65,0.66765,3,5,43.71,7.46,0.19403,6,-8.33,7.24,0.0223,16,-22.04,73.03,0.78367,3,5,38.03,11.66,0.10278,6,-14.12,11.28,0.00853,16,-26.39,68.36,0.8887,2,3,-82.88,-18.46,0.01398,16,-34.42,61.96,0.98602,3,3,-75.43,-18.85,0.16393,4,73.84,20.58,0.01303,16,-36.05,54.76,0.82304,3,3,-64.35,-19.6,0.55331,4,62.75,21.24,0.01748,16,-38.6,44.1,0.42922,3,3,-56.51,-20,0.743,4,54.91,21.57,0.00039,16,-40.31,36.53,0.25661,2,3,-49.71,-26.23,0.88432,16,-46.72,31.25,0.11568,2,3,-41.94,-32.62,0.97773,16,-53.45,25.08,0.02227,2,3,-36.66,-38.67,0.99865,16,-59.45,21.26,0.00135,3,5,62.43,5.9,0.30014,6,10.43,6.18,0.05146,16,-17.55,91,0.6484,3,5,55.41,9.95,0.29491,6,3.3,10.04,0.05515,16,-22.02,84.99,0.64994,3,5,47.47,17.15,0.26707,6,-4.83,17.02,0.03418,16,-29.17,78.74,0.69874,4,4,94.49,27.51,0.02645,5,43.01,26.94,0.30214,6,-9.56,26.69,0.01218,16,-37.82,76.44,0.65923,3,3,-64.09,-30.33,0.64697,4,62.37,32.46,0.06498,16,-47.67,46.23,0.28805,2,3,-47.23,-42.81,0.99714,16,-61.1,32.5,0.00286,5,3,-54.49,-58.66,0.85961,4,52.42,61.99,0.00895,5,1.41,61.97,0,6,-52.1,60.57,0,23,23.05,15.39,0.13143,5,3,-66.24,-65.94,0.45716,4,64.09,69.74,0.09963,5,13.17,69.57,0,6,-40.55,68.49,0,23,30.94,25.59,0.44321,4,3,-63.91,-47.36,0.97798,5,10.81,50.13,0,6,-42.38,49,0,23,14.87,26.78,0.02202,2,4,80.91,49.95,0.94439,23,17.21,45.5,0.05561,4,3,-98.33,-47.15,0,4,96.4,50.44,0.0331,5,45.23,49.85,0.92381,23,19.75,60.68,0.04308,4,3,-116.5,-47.74,0.00002,5,63.4,50.43,0.88684,6,10.18,50.73,0.09515,23,22.92,78.45,0.01799,4,3,-136.47,-46.07,0,6,30.19,49.49,0.98219,7,-16,50.27,0.01685,23,24.45,98.4,0.00096,4,3,-155.34,-46.75,0,6,49.03,50.68,0.00693,7,2.88,50.61,0.98792,8,-43.01,49.31,0.00515,2,8,-26.28,48.85,0.99867,9,-60.68,48.11,0.00133,3,8,-12.05,49.77,0.00872,9,-46.46,49.19,0.98057,10,-69.17,47.19,0.01071,2,10,-54.16,45.96,0.38521,11,-69.61,49.96,0.61479,3,8,-12.58,41.78,0.06285,9,-46.9,41.2,0.91432,10,-69.38,39.2,0.02283,3,8,-13.12,56.37,0.1646,9,-47.6,55.78,0.76654,10,-70.5,53.75,0.06886,4,6,60.77,64.2,0.001,7,15.21,63.59,0.35331,8,-31.09,62.66,0.64552,9,-65.64,61.87,0.00017,3,6,57.13,57.4,0.00417,7,11.26,56.96,0.53664,8,-34.82,55.91,0.45919,2,7,12.23,36.34,0.46491,8,-33.22,35.33,0.53509,2,7,9.07,43.35,0.83624,8,-36.6,42.24,0.16376,3,6,40.98,41.2,0.17454,7,-5.59,41.5,0.82545,16,-39.58,128.97,0.00002,5,3,-146.72,-54.91,0.00001,6,40.2,59,0.36208,7,-5.58,59.32,0.62962,8,-51.73,57.75,0.00515,23,33.44,106.83,0.00314,4,5,76,33.7,0.08675,6,23.23,34.35,0.86194,7,-23.63,35.45,0.01521,16,-37.56,110.11,0.0361,5,3,-129.11,-59.95,0.0001,5,76.03,63.18,0.09651,6,22.46,63.82,0.77789,7,-23.08,64.93,0.05181,23,35.11,88.57,0.07369,5,3,-112.05,-61.6,0.00023,5,58.97,64.94,0.52124,6,5.36,65.11,0.19403,7,-40.1,66.99,0.00005,23,34,71.47,0.28445,3,5,59.27,34.08,0.65585,6,6.51,34.27,0.1801,16,-40.75,93.84,0.16405,3,4,88.41,38.85,0.45912,5,37.09,38.36,0.1709,16,-48.02,73.04,0.36998,4,4,87.93,63.41,0.12124,5,36.93,62.93,0.12188,6,-16.62,62.5,0.00043,23,29.1,50.15,0.75645,4,3,-101.37,-72.28,0.00045,5,48.31,76.14,0.22675,6,-5.6,76.01,0.05122,23,41.47,58.97,0.72157,4,3,-108.43,-82.62,0.0009,5,55.39,86.95,0.18626,6,1.19,87.01,0.09228,23,51.27,63.98,0.72056,4,3,-117.56,-87.37,0.00103,5,64.53,91.89,0.18814,6,10.19,92.21,0.10977,23,56.62,72.07,0.70106,3,3,-77.9,-29.54,0.07861,4,76.18,31.79,0.17014,16,-44.6,59.55,0.75125,4,3,-76.14,-60.96,0.10833,4,74.05,64.64,0.27322,6,-30.51,63.53,0,23,28.18,36.27,0.61844,3,3,-73.76,-39.86,0.05088,4,71.91,42.53,0.80927,16,-54,57.78,0.13985,3,3,-58.09,-39.58,0.95688,4,56.26,42.07,0.0002,16,-56.49,42.41,0.04291,5,3,-64.01,-58.3,0.62188,4,61.95,61.72,0.13438,5,10.93,61.58,0,6,-42.57,60.44,0,23,24.15,24.83,0.24374],"hull":63}},"than":{"20_x60x200/than":{"type":"mesh","uvs":[1,0.26065,1,0.36085,1,0.49633,1,0.63463,1,0.80116,1,0.86608,1,0.929,1,1,0.50622,1,0,1,0,0.93041,0,0.86749,0,0.80116,0,0.72919,0,0.63463,0,0.4921,0,0.37355,0,0.24089,0,0,0.48994,0,1,0,0.15787,0.1915,0.20995,0.07719,0.85457,0.08283,0.86433,0.18727,0.93596,0.72777,0.4932,0.63463,0.48346,0.49414,0.48726,0.36736,0.47692,0.20926,0.49979,0.72843,0.49971,0.80116,0.49977,0.86678,0.50297,0.9297],"triangles":[22,18,19,23,19,20,24,23,20,21,18,22,29,22,19,29,19,23,29,23,24,21,22,29,17,18,21,24,20,0,24,0,1,28,29,24,16,17,21,28,21,29,8,33,6,8,6,7,33,32,5,6,33,5,10,32,33,9,10,33,9,33,8,32,11,12,10,11,32,31,13,30,31,30,25,31,25,4,12,13,31,31,4,5,32,31,5,32,12,31,3,26,2,14,27,26,25,26,3,30,26,25,13,14,26,13,26,30,25,3,4,27,15,16,26,27,2,14,15,27,28,24,1,28,16,21,28,27,16,28,1,2,27,28,2],"vertices":[5,4,16.75,71.24,0.43847,5,-34.14,71.7,0.17171,6,-87.9,69.33,0.01393,7,-133.08,75.37,0.00066,3,-18.92,-71.03,0.37522,5,4,55.52,71.24,0.38845,5,4.63,71.19,0.39439,6,-49.13,69.87,0.10059,7,-94.32,74.18,0.01916,3,-57.69,-70.59,0.09741,8,4,107.96,71.24,0.10547,5,57.06,70.5,0.33738,6,3.3,70.61,0.37561,7,-41.92,72.56,0.16852,8,-88.46,69.88,0.00773,9,-123.09,68.42,0.00259,10,-146.33,64.2,0.00031,3,-110.12,-69.99,0.0024,8,4,161.48,71.24,0.00723,5,110.57,69.79,0.05777,6,56.82,71.37,0.29025,7,11.58,70.92,0.45552,8,-34.94,69.88,0.10925,9,-69.57,69.04,0.05444,10,-92.85,66.37,0.02548,12,-126.98,64.87,0.00005,7,5,175.01,68.94,0.00002,6,121.25,72.27,0.02629,7,75.99,68.94,0.20429,8,29.51,69.88,0.22597,9,-5.13,69.78,0.27082,10,-28.46,68.98,0.22685,12,-62.6,67.79,0.04576,7,6,146.38,72.63,0.00445,7,101.11,68.16,0.08438,8,54.63,69.88,0.14159,9,19.99,70.06,0.29576,10,-3.36,70,0.3534,11,-17.54,71.09,0.00068,12,-37.5,68.93,0.11974,7,6,170.72,72.97,0.00012,7,125.45,67.41,0.02342,8,78.98,69.88,0.06229,9,44.34,70.34,0.25502,10,20.97,70.98,0.43238,11,6.81,70.71,0.00643,12,-13.17,70.04,0.22034,6,7,152.91,66.57,0.00311,8,106.46,69.88,0.02792,9,71.82,70.66,0.22051,10,48.43,72.1,0.453,11,34.28,70.28,0.01036,12,14.28,71.29,0.2851,4,7,150.8,-2.03,0,9,72.6,2.03,0.00093,10,51.21,3.52,0.00393,12,17.39,2.72,0.99513,6,7,148.63,-72.37,0.02358,8,106.46,-69.12,0.00168,9,73.41,-68.33,0.10881,10,54.06,-66.79,0.05769,11,32.11,-68.7,0.41241,12,20.59,-67.57,0.39583,6,7,121.72,-71.54,0.04932,8,79.53,-69.12,0.01643,9,46.48,-68.64,0.14749,10,27.15,-67.88,0.07963,11,5.18,-68.28,0.3733,12,-6.32,-68.79,0.33382,7,6,148.88,-66.35,0.00024,7,97.38,-70.79,0.12773,8,55.18,-69.12,0.05896,9,22.13,-68.92,0.21677,10,2.82,-68.87,0.09784,11,-19.17,-67.9,0.27704,12,-30.64,-69.9,0.22141,8,5,173.19,-70.04,0.00018,6,123.21,-66.71,0.00923,7,71.72,-70,0.28431,8,29.51,-69.12,0.11418,9,-3.53,-69.22,0.24416,10,-22.83,-69.91,0.07373,11,-44.83,-67.5,0.15942,12,-56.29,-71.06,0.11479,8,5,145.33,-69.68,0.00747,6,95.36,-67.11,0.05982,7,43.88,-69.14,0.49199,8,1.66,-69.12,0.11534,9,-31.39,-69.54,0.18403,10,-50.66,-71.04,0.03099,11,-72.68,-67.06,0.06727,12,-84.11,-72.33,0.04309,10,4,161.48,-67.76,0.00023,5,108.75,-69.2,0.06381,6,58.77,-67.62,0.24331,7,7.3,-68.02,0.55457,8,-34.94,-69.12,0.03906,9,-67.98,-69.96,0.07515,10,-87.22,-72.52,0.00359,11,-109.27,-66.49,0.01297,12,-120.66,-73.99,0.00613,3,-162.06,69.61,0.00118,7,4,106.32,-67.76,0.04711,5,53.59,-68.47,0.34177,6,3.62,-68.4,0.3764,7,-47.83,-66.32,0.17954,8,-90.1,-69.12,0.0001,9,-123.13,-70.59,0.00737,3,-106.9,68.98,0.04771,6,4,60.44,-67.76,0.21647,5,7.72,-67.87,0.38092,6,-42.26,-69.04,0.13693,7,-93.69,-64.91,0.0254,9,-169.01,-71.12,0.00004,3,-61.03,68.46,0.24023,5,4,9.1,-67.76,0.1894,5,-43.62,-67.19,0.08744,6,-93.59,-69.77,0.01166,7,-145,-63.33,0.00006,3,-9.7,67.87,0.71144,1,3,83.52,66.81,1,1,3,82.75,-1.28,1,2,4,-84.12,71.24,0.00489,3,81.94,-72.18,0.99511,4,4,-10.01,-45.82,0.0972,5,-62.44,-45,0.02094,6,-113.01,-48.09,0.00114,3,9.17,45.71,0.88073,1,3,53.32,37.97,1,3,4,-52.07,51.03,0.04006,5,-103.22,52.39,0.00293,3,50.12,-51.6,0.95701,4,4,-11.65,52.38,0.26755,5,-62.79,53.21,0.04815,6,-116.03,50.07,0.00036,3,9.69,-52.5,0.68394,8,4,197.52,62.34,0.00001,5,146.5,60.42,0.00461,6,92.98,62.97,0.0952,7,47.33,60.91,0.38732,8,1.11,60.97,0.23885,9,-33.43,60.55,0.16578,10,-56.48,58.93,0.10013,12,-90.56,57.61,0.00811,3,7,9.41,0.51,0.99995,8,-34.94,-0.57,0.00004,10,-90,-4.02,0.00001,5,5,55.27,-1.29,0.07449,6,3.46,-1.19,0.92508,7,-44.97,0.83,0.00028,9,-123.11,-3.38,0.00001,3,-108.46,1.79,0.00014,3,5,6.21,-0.11,0.9996,6,-45.6,-1.36,0.00006,3,-59.41,0.71,0.00034,1,3,1.79,1.45,1,4,6,94.09,2.35,0.00006,7,45.72,0.3,0.36386,8,1.36,0.35,0.63589,10,-53.77,-1.63,0.00019,3,8,29.51,0.34,0.94768,9,-4.33,0.24,0.05193,10,-25.64,-0.5,0.00039,2,9,21.06,0.54,0.53349,10,-0.27,0.53,0.46651,2,9,45.41,1.26,0.00317,11,6,1.63,0.99683],"hull":21}},"vay1":{"20_x60x200/vay1":{"type":"mesh","uvs":[1,0.64218,0.6584,0.58978,0.36164,0.74371,0.0836,1,0,1,0,0.74371,0.19322,0.38673,0.42848,0.15421,0.63701,0,1,0],"triangles":[2,3,5,3,4,5,5,6,2,2,6,1,6,7,1,1,9,0,7,8,1,1,8,9],"vertices":[1,16,0.17,45.29,1,2,16,25.9,23.42,0.90257,17,1.69,23.97,0.09743,3,16,57.06,18.28,0.01408,17,31.35,13.13,0.06829,18,9.85,11.41,0.91763,1,18,42.85,1.48,1,1,18,47.63,-5.18,1,2,16,87.4,0.13,0,18,31.17,-16.8,1,3,16,56.13,-13.88,0,17,24.47,-18.3,0.46293,18,-3.08,-18.04,0.53707,2,16,26.71,-17.27,0.15159,17,-5.08,-16.16,0.84841,2,16,2.84,-16.77,0.95129,17,-28.44,-11.23,0.04871,1,16,-27.29,1.87,1],"hull":10}},"vay2":{"20_x60x200/vay2":{"type":"mesh","uvs":[0.33122,0.02381,1,0.02381,1,0.22614,1,0.43225,1,0.64677,1,0.82765,0.82589,0.97619,0.33122,0.97619,0.22522,0.82344,0,0.67201,0,0.47431,0,0.29765,0,0.15463,0.52556,0.21773,0.47256,0.47852,0.54322,0.73931],"triangles":[15,14,4,9,14,15,8,9,15,15,4,5,7,8,15,6,15,5,7,15,6,14,10,11,14,13,3,14,3,4,9,10,14,13,0,1,12,0,13,13,1,2,11,12,13,13,2,3,13,14,11],"vertices":[1,19,-6.42,-4.1,1,1,19,-7.79,5.84,1,2,19,4.84,7.59,0.99514,20,-10.73,10,0.00486,3,19,17.7,9.37,0.3361,20,2.22,9.11,0.66009,21,-12.22,10.36,0.00381,2,20,15.7,8.18,0.30927,21,1.1,8.11,0.69073,1,21,12.34,6.2,1,1,21,21.13,2.07,1,1,21,19.89,-5.25,1,1,21,10.14,-5.21,1,2,20,16.26,-6.9,0.48648,21,0.17,-6.95,0.51352,2,19,22.38,-5.13,0.07954,20,3.83,-6.04,0.92046,1,19,11.35,-6.65,1,1,19,2.43,-7.89,1,1,19,5.29,0.46,1,3,19,21.67,1.93,0.00564,20,4.59,1.01,0.99396,21,-10.67,2.07,0.0004,1,21,5.71,0.38,1],"hull":13}},"vay3":{"20_x60x200/vay1":{"type":"mesh","uvs":[1,0.64218,0.6584,0.58978,0.36164,0.74371,0.0836,1,0,1,0,0.74371,0.19322,0.38673,0.42848,0.15421,0.63701,0,1,0],"triangles":[2,3,5,3,4,5,5,6,2,2,6,1,6,7,1,1,9,0,7,8,1,1,8,9],"vertices":[1,23,0.17,45.29,1,2,23,26.22,23.85,0.90257,24,2.09,24.33,0.09743,3,23,57.38,18.71,0.01408,24,31.75,13.49,0.06829,25,10.32,11.69,0.91763,1,25,42.85,1.48,1,1,25,47.63,-5.18,1,2,23,87.33,-0.24,0,25,30.96,-17.12,1,3,23,56.06,-14.25,0,24,24.33,-18.65,0.46293,25,-3.28,-18.36,0.53707,2,23,26.63,-17.65,0.15159,24,-5.22,-16.51,0.84841,2,23,2.77,-17.15,0.95129,24,-28.58,-11.58,0.04871,1,23,-27.29,1.87,1],"hull":10}}}},"animations":{"animation":{"bones":{"than2":{"rotate":[{"time":0,"angle":1.18,"curve":[0.25,0,0.75,1]},{"time":0.8333,"angle":-3.3,"curve":[0.25,0,0.75,1]},{"time":1.6667,"angle":1.18}]},"vay6":{"rotate":[{"time":0,"angle":0.27,"curve":[0.36,0.64,0.695,1]},{"time":0.0667,"angle":0,"curve":[0.25,0,0.75,1]},{"time":0.9,"angle":6.36,"curve":[0.245,0,0.711,0.83]},{"time":1.6667,"angle":0.27}]},"vay7":{"rotate":[{"time":0,"angle":0.83,"curve":[0.375,0.62,0.716,1]},{"time":0.1667,"angle":0,"curve":[0.25,0,0.75,1]},{"time":1,"angle":6.36,"curve":[0.243,0,0.68,0.71]},{"time":1.6667,"angle":0.83}]},"vay8":{"rotate":[{"time":0,"angle":1.54,"curve":[0.382,0.58,0.731,1]},{"time":0.2333,"angle":0,"curve":[0.25,0,0.75,1]},{"time":1.0667,"angle":6.36,"curve":[0.243,0,0.655,0.63]},{"time":1.6667,"angle":1.54}]},"than3":{"rotate":[{"time":0,"angle":2.69,"curve":[0.25,0,0.75,1]},{"time":0.8333,"angle":-3.24,"curve":[0.25,0,0.75,1]},{"time":1.6667,"angle":2.69}]},"than4":{"rotate":[{"time":0,"angle":2.2,"curve":[0.369,0.63,0.706,1]},{"time":0.1333,"angle":2.69,"curve":[0.25,0,0.75,1]},{"time":0.9667,"angle":-3.24,"curve":[0.244,0,0.694,0.77]},{"time":1.6667,"angle":2.2}]},"than5":{"rotate":[{"time":0,"angle":1.25,"curve":[0.382,0.58,0.731,1]},{"time":0.2333,"angle":2.69,"curve":[0.25,0,0.75,1]},{"time":1.0667,"angle":-3.24,"curve":[0.243,0,0.655,0.63]},{"time":1.6667,"angle":1.25}]},"than6":{"rotate":[{"time":0,"angle":0.12,"curve":[0.379,0.52,0.747,1]},{"time":0.3667,"angle":6.11,"curve":[0.25,0,0.75,1]},{"time":1.2,"angle":-6.84,"curve":[0.247,0,0.63,0.53]},{"time":1.6667,"angle":0.12}]},"than7":{"rotate":[{"time":0,"angle":-1.06,"curve":[0.363,0.44,0.755,1]},{"time":0.5,"angle":7.12,"curve":[0.25,0,0.75,1]},{"time":1.3333,"angle":-7.26,"curve":[0.258,0,0.619,0.45]},{"time":1.6667,"angle":-1.06}]},"than8":{"rotate":[{"time":0,"angle":-2.15,"curve":[0.333,0.33,0.758,1]},{"time":0.6333,"angle":6.01,"curve":[0.25,0,0.75,1]},{"time":1.4333,"angle":-8.35,"curve":[0.276,0,0.621,0.4]},{"time":1.6667,"angle":-2.15}]},"than9":{"rotate":[{"time":0,"angle":-2.99,"curve":[0.289,0.17,0.755,1]},{"time":0.7333,"angle":8.12,"curve":[0.25,0,0.75,1]},{"time":1.5667,"angle":-5.82,"curve":[0.305,0,0.64,0.36]},{"time":1.6667,"angle":-2.99}]},"than10":{"rotate":[{"time":0,"angle":-3.14,"curve":[0.348,0.66,0.682,1]},{"time":0.0333,"angle":-5.49,"curve":[0.25,0,0.75,1]},{"time":0.8667,"angle":9.2,"curve":[0.247,0,0.729,0.91]},{"time":1.6667,"angle":-3.14}]},"than11":{"rotate":[{"time":0,"angle":-2.47,"curve":[0.375,0.62,0.716,1]},{"time":0.1667,"angle":-8.23,"curve":[0.25,0,0.75,1]},{"time":1,"angle":9.77,"curve":[0.243,0,0.68,0.71]},{"time":1.6667,"angle":-2.47}]},"vay1":{"rotate":[{"time":0,"angle":-3.18,"curve":[0.379,0.6,0.724,1]},{"time":0.2,"angle":-5.43,"curve":[0.25,0,0.75,1]},{"time":1.0333,"angle":6.8,"curve":[0.242,0,0.667,0.67]},{"time":1.6667,"angle":-3.18}]},"vay2":{"rotate":[{"time":0,"angle":0.68,"curve":[0.375,0.5,0.75,1]},{"time":0.4,"angle":-5.43,"curve":[0.25,0,0.75,1]},{"time":1.2333,"angle":6.8,"curve":[0.25,0,0.625,0.5]},{"time":1.6667,"angle":0.68}]},"vay3":{"rotate":[{"time":0,"angle":4.54,"curve":[0.333,0.33,0.758,1]},{"time":0.6333,"angle":-5.43,"curve":[0.25,0,0.75,1]},{"time":1.4333,"angle":6.8,"curve":[0.276,0,0.621,0.4]},{"time":1.6667,"angle":4.54}]},"vay9":{"rotate":[{"time":0,"angle":4.54,"curve":[0.333,0.33,0.758,1]},{"time":0.6333,"angle":-5.43,"curve":[0.25,0,0.75,1]},{"time":1.4333,"angle":6.8,"curve":[0.276,0,0.621,0.4]},{"time":1.6667,"angle":4.54}]},"vay5":{"rotate":[{"time":0,"angle":0.68,"curve":[0.375,0.5,0.75,1]},{"time":0.4,"angle":-5.43,"curve":[0.25,0,0.75,1]},{"time":1.2333,"angle":6.8,"curve":[0.25,0,0.625,0.5]},{"time":1.6667,"angle":0.68}]},"vay4":{"rotate":[{"time":0,"angle":-3.18,"curve":[0.379,0.6,0.724,1]},{"time":0.2,"angle":-5.43,"curve":[0.25,0,0.75,1]},{"time":1.0333,"angle":6.8,"curve":[0.242,0,0.667,0.67]},{"time":1.6667,"angle":-3.18}]}}}}},"_atlasText":"\n1999_Fish.png\nsize: 1825,1286\nformat: RGBA8888\nfilter: Linear,Linear\nrepeat: none\n20_x60x200/bong\n  rotate: true\n  xy: 1121, 417\n  size: 151, 229\n  orig: 152, 230\n  offset: 0, 1\n  index: -1\n20_x60x200/than\n  rotate: true\n  xy: 1352, 421\n  size: 87, 243\n  orig: 88, 244\n  offset: 0, 1\n  index: -1\n20_x60x200/vay\n  rotate: true\n  xy: 1906, 59\n  size: 57, 42\n  orig: 63, 52\n  offset: 3, 5\n  index: -1\n20_x60x200/vay1\n  rotate: true\n  xy: 1919, 192\n  size: 61, 50\n  orig: 62, 50\n  offset: 0, 0\n  index: -1\n20_x60x200/vay2\n  rotate: true\n  xy: 1631, 510\n  size: 9, 39\n  orig: 9, 40\n  offset: 0, 1\n  index: -1\n","textures":[{"__uuid__":"02vAt9yrJC47ypLRdNAdpF"}],"textureNames":["1999_Fish.png"]}