{"__type__":"cc.BitmapFont","_name":"Atomicaboy_Silver-export","spriteFrame":{"__uuid__":"7ez7P3ZnxJv5TBVKHiFIh4"},"fontSize":32,"_fntConfig":{"commonHeight":41,"fontSize":32,"atlasName":"Atomicaboy_Silver-export.png","fontDefDictionary":{"9":{"rect":{"x":0,"y":0,"width":0,"height":0},"xOffset":0,"yOffset":0,"xAdvance":240},"32":{"rect":{"x":0,"y":0,"width":0,"height":0},"xOffset":0,"yOffset":0,"xAdvance":8},"36":{"rect":{"x":0,"y":0,"width":50,"height":73},"xOffset":0,"yOffset":-16,"xAdvance":44},"43":{"rect":{"x":82,"y":129,"width":33,"height":36},"xOffset":0,"yOffset":5,"xAdvance":27},"44":{"rect":{"x":117,"y":130,"width":16,"height":24},"xOffset":0,"yOffset":26,"xAdvance":10},"45":{"rect":{"x":52,"y":43,"width":23,"height":16},"xOffset":0,"yOffset":15,"xAdvance":17},"46":{"rect":{"x":134,"y":0,"width":14,"height":16},"xOffset":0,"yOffset":26,"xAdvance":8},"48":{"rect":{"x":93,"y":0,"width":39,"height":41},"xOffset":0,"yOffset":0,"xAdvance":33},"49":{"rect":{"x":123,"y":86,"width":39,"height":42},"xOffset":0,"yOffset":0,"xAdvance":33},"50":{"rect":{"x":123,"y":43,"width":39,"height":41},"xOffset":0,"yOffset":0,"xAdvance":33},"51":{"rect":{"x":82,"y":86,"width":39,"height":41},"xOffset":0,"yOffset":0,"xAdvance":33},"52":{"rect":{"x":0,"y":75,"width":39,"height":42},"xOffset":0,"yOffset":0,"xAdvance":33},"53":{"rect":{"x":82,"y":43,"width":39,"height":41},"xOffset":0,"yOffset":0,"xAdvance":33},"54":{"rect":{"x":52,"y":0,"width":39,"height":41},"xOffset":0,"yOffset":0,"xAdvance":33},"55":{"rect":{"x":41,"y":118,"width":39,"height":42},"xOffset":0,"yOffset":0,"xAdvance":33},"56":{"rect":{"x":41,"y":75,"width":39,"height":41},"xOffset":0,"yOffset":0,"xAdvance":33},"57":{"rect":{"x":0,"y":119,"width":39,"height":42},"xOffset":0,"yOffset":0,"xAdvance":33}},"kerningDict":{}}}