[{"__type__":"cc.Prefab","_name":"FXBossComing1992","data":{"__id__":1}},{"__type__":"cc.Node","_name":"FXBossComing1992","_level":1,"_components":[{"__type__":"sp.Skeleton","node":{"__id__":1},"_materials":[{"__uuid__":"7a/QZLET9IDreTiBfRn2PD"}],"defaultAnimation":"animation","_preCacheMode":0,"loop":false,"_animationName":"animation","_playTimes":1,"_N$skeletonData":{"__uuid__":"8a0kpCPH5PYIo52b3mb48i"},"_N$enableBatch":true},{"__type__":"305c1d3YnVLXJyO6otInrLX","node":{"__id__":1}}],"_prefab":{"__type__":"cc.PrefabInfo","root":{"__id__":1},"asset":{"__uuid__":"edsDO9FuRKc4JRyvtbSr5c"},"fileId":"75kKQHKpVBb7Rfelc1fhEf"}}]