{"__type__":"sp.SkeletonData","_name":"Fish_23","skeletonJsonStr":"{\"skeleton\":{\"hash\":\"O2TyJhgtpE4LGdypnNd5AqN1hNw\",\"spine\":\"3.7.94\",\"width\":266.55,\"height\":150.6},\"bones\":[{\"name\":\"root\"},{\"name\":\"All_Scale\",\"parent\":\"root\",\"scaleX\":0.9,\"scaleY\":0.9},{\"name\":\"scale\",\"parent\":\"All_Scale\",\"scaleX\":0.5,\"scaleY\":0.5},{\"name\":\"moving\",\"parent\":\"scale\"},{\"name\":\"bone\",\"parent\":\"moving\",\"length\":98.12,\"rotation\":-180,\"x\":220.99},{\"name\":\"bone2\",\"parent\":\"bone\",\"length\":98.12,\"x\":98.12},{\"name\":\"bone3\",\"parent\":\"bone2\",\"length\":49.06,\"x\":98.12},{\"name\":\"bone6\",\"parent\":\"bone3\",\"length\":49.06,\"x\":49.06},{\"name\":\"bone4\",\"parent\":\"bone6\",\"length\":49.06,\"x\":49.06},{\"name\":\"bone5\",\"parent\":\"moving\",\"x\":258.81,\"y\":-67.11},{\"name\":\"bone7\",\"parent\":\"bone4\",\"length\":27.38,\"x\":49.06},{\"name\":\"bone10\",\"parent\":\"bone7\",\"length\":27.38,\"x\":27.38},{\"name\":\"bone8\",\"parent\":\"bone10\",\"length\":54.75,\"x\":27.38},{\"name\":\"bone9\",\"parent\":\"bone8\",\"length\":54.75,\"x\":54.75},{\"name\":\"bone11\",\"parent\":\"moving\",\"x\":258.55,\"y\":-82.52},{\"name\":\"bone12\",\"parent\":\"moving\",\"x\":250,\"y\":-100},{\"name\":\"ear\",\"parent\":\"moving\",\"x\":203.08,\"y\":-19.97},{\"name\":\"bone13\",\"parent\":\"moving\",\"x\":-71.34,\"y\":-10.89},{\"name\":\"ear2\",\"parent\":\"ear\",\"length\":28.44,\"rotation\":-128.92,\"x\":-2,\"y\":-5.67},{\"name\":\"ear3\",\"parent\":\"ear2\",\"length\":28.44,\"x\":28.44},{\"name\":\"ear4\",\"parent\":\"ear3\",\"length\":28.44,\"x\":28.44},{\"name\":\"ear5\",\"parent\":\"ear4\",\"length\":28.44,\"x\":28.44},{\"name\":\"wing\",\"parent\":\"moving\",\"x\":108.02,\"y\":-77.6},{\"name\":\"wing2\",\"parent\":\"wing\",\"length\":38.46,\"rotation\":-149.53,\"x\":-6.76,\"y\":-6.31},{\"name\":\"wing3\",\"parent\":\"wing2\",\"length\":38.46,\"x\":38.46},{\"name\":\"wing4\",\"parent\":\"wing3\",\"length\":38.46,\"x\":38.46},{\"name\":\"wing5\",\"parent\":\"wing4\",\"length\":38.46,\"x\":38.46},{\"name\":\"jaw\",\"parent\":\"moving\",\"x\":251.65,\"y\":-17.67},{\"name\":\"bone14\",\"parent\":\"moving\",\"x\":21.59,\"y\":9.59},{\"name\":\"bone15\",\"parent\":\"moving\",\"x\":63.82,\"y\":10.06},{\"name\":\"bone16\",\"parent\":\"moving\",\"x\":127.85,\"y\":12.38},{\"name\":\"bone17\",\"parent\":\"bone14\",\"x\":5.98,\"y\":-28.58},{\"name\":\"bone18\",\"parent\":\"bone15\",\"x\":1.61,\"y\":-31.3},{\"name\":\"bone19\",\"parent\":\"bone16\",\"x\":6.17,\"y\":-26.53},{\"name\":\"ear6\",\"parent\":\"moving\",\"x\":203.08,\"y\":19.97,\"scaleY\":-1},{\"name\":\"ear7\",\"parent\":\"ear6\",\"length\":28.44,\"rotation\":-128.92,\"x\":-2,\"y\":-5.67},{\"name\":\"ear8\",\"parent\":\"ear7\",\"length\":28.44,\"x\":28.44},{\"name\":\"ear9\",\"parent\":\"ear8\",\"length\":28.44,\"x\":28.44},{\"name\":\"ear10\",\"parent\":\"ear9\",\"length\":28.44,\"x\":28.44},{\"name\":\"wing6\",\"parent\":\"moving\",\"x\":108.02,\"y\":77.6,\"scaleY\":-1},{\"name\":\"wing7\",\"parent\":\"wing6\",\"length\":38.46,\"rotation\":-149.53,\"x\":-6.76,\"y\":-6.31},{\"name\":\"wing8\",\"parent\":\"wing7\",\"length\":38.46,\"x\":38.46},{\"name\":\"wing9\",\"parent\":\"wing8\",\"length\":38.46,\"x\":38.46},{\"name\":\"wing10\",\"parent\":\"wing9\",\"length\":38.46,\"x\":38.46},{\"name\":\"shadow\",\"parent\":\"scale\",\"x\":184.86,\"y\":-15.11,\"scaleX\":2,\"scaleY\":2},{\"name\":\"shadow2\",\"parent\":\"shadow\",\"length\":22.04,\"rotation\":150.48,\"x\":-56.58,\"y\":31.58},{\"name\":\"shadow3\",\"parent\":\"shadow\",\"length\":18.49,\"rotation\":-147.7,\"x\":-68.64,\"y\":-41.19},{\"name\":\"shadow4\",\"parent\":\"shadow\",\"length\":45.71,\"rotation\":-178.7,\"x\":-75.82,\"y\":-3.62},{\"name\":\"shadow5\",\"parent\":\"shadow2\",\"length\":22.04,\"x\":22.04},{\"name\":\"shadow6\",\"parent\":\"shadow5\",\"length\":22.04,\"x\":22.04},{\"name\":\"shadow7\",\"parent\":\"shadow3\",\"length\":18.49,\"x\":18.49},{\"name\":\"shadow8\",\"parent\":\"shadow7\",\"length\":18.49,\"x\":18.49},{\"name\":\"shadow9\",\"parent\":\"shadow4\",\"length\":45.71,\"x\":45.71},{\"name\":\"shadow10\",\"parent\":\"shadow9\",\"length\":45.71,\"x\":45.71}],\"slots\":[{\"name\":\"shadow\",\"bone\":\"shadow\",\"color\":\"ffffff98\",\"attachment\":\"23_x220/shadow\"},{\"name\":\"jaw\",\"bone\":\"jaw\",\"attachment\":\"23_x220/jaw\"},{\"name\":\"jaw2\",\"bone\":\"jaw\",\"attachment\":\"23_x220/jaw\"},{\"name\":\"wing\",\"bone\":\"wing\",\"attachment\":\"23_x220/wing\"},{\"name\":\"wing2\",\"bone\":\"wing6\",\"attachment\":\"23_x220/wing\"},{\"name\":\"body\",\"bone\":\"moving\",\"attachment\":\"23_x220/body\"},{\"name\":\"fur1\",\"bone\":\"moving\",\"attachment\":\"23_x220/fur1\"},{\"name\":\"fur\",\"bone\":\"moving\",\"attachment\":\"23_x220/fur\"},{\"name\":\"head\",\"bone\":\"moving\",\"attachment\":\"23_x220/head\"},{\"name\":\"eye\",\"bone\":\"moving\",\"attachment\":\"23_x220/eye\"},{\"name\":\"eye2\",\"bone\":\"moving\",\"attachment\":\"23_x220/eye\"},{\"name\":\"ear\",\"bone\":\"ear\",\"attachment\":\"23_x220/ear\"},{\"name\":\"ear2\",\"bone\":\"ear6\",\"attachment\":\"23_x220/ear\"}],\"transform\":[{\"name\":\"ear\",\"order\":2,\"bones\":[\"ear\"],\"target\":\"bone12\",\"x\":-46.92,\"y\":80.03,\"rotateMix\":0,\"translateMix\":1.2,\"scaleMix\":0,\"shearMix\":0},{\"name\":\"ear2\",\"order\":3,\"bones\":[\"ear6\"],\"target\":\"bone12\",\"x\":-46.92,\"y\":119.97,\"scaleY\":-1,\"shearY\":-180,\"rotateMix\":0,\"translateMix\":1.2,\"scaleMix\":0,\"shearMix\":0},{\"name\":\"neg\",\"order\":1,\"bones\":[\"bone11\"],\"target\":\"bone12\",\"x\":8.55,\"y\":17.48,\"rotateMix\":0,\"translateMix\":-1,\"scaleMix\":0,\"shearMix\":0},{\"name\":\"pos\",\"order\":0,\"bones\":[\"bone5\"],\"target\":\"bone12\",\"x\":8.81,\"y\":32.89,\"rotateMix\":0,\"scaleMix\":0,\"shearMix\":0}],\"skins\":{\"default\":{\"body\":{\"23_x220/body\":{\"type\":\"mesh\",\"uvs\":[1,0.82571,0.8902,0.77181,0.76277,0.71071,0.61575,0.65501,0.47869,0.58673,0.40126,0.589,0.32224,0.84907,0.16236,1,0,1,0,0.5,0,0,0.16554,0,0.32542,0.15273,0.4027,0.41282,0.47869,0.412,0.61575,0.34149,0.75721,0.28421,0.8902,0.22252,1,0.17185,1,0.5,0.8902,0.5,0.61575,0.5,0.47869,0.5,0.32648,0.49963,0.17189,0.49812,0.75388,0.50018,0.75586,0.40682,0.61666,0.43579,0.47832,0.46476,0.47917,0.54202,0.61581,0.57462,0.7567,0.60238,0.89081,0.63739,0.88996,0.36457,0.40197,0.5005],\"triangles\":[25,27,26,21,27,25,30,21,25,30,25,31,21,28,27,29,21,30,7,8,6,6,8,9,24,9,12,12,9,10,6,9,24,11,12,10,24,12,13,23,24,13,5,6,24,5,24,23,34,23,13,5,23,34,28,13,14,34,13,28,34,28,22,34,29,5,29,34,22,4,5,29,29,22,21,22,28,21,14,15,27,28,14,27,4,29,30,3,4,30,27,15,26,3,30,31,26,15,16,3,31,2,31,20,32,33,16,17,26,16,33,18,33,17,19,20,33,19,33,18,32,20,19,2,31,32,1,2,32,32,19,0,1,32,0,26,33,20,25,26,20,31,25,20],\"vertices\":[1,6,-38.85,81.59,1,1,6,0.35,68.06,1,3,6,45.84,52.72,0.49799,7,-3.22,52.72,0.5,8,-52.28,52.72,0.00201,2,7,49.27,38.74,0.5,8,0.2,38.74,0.5,2,8,49.13,21.6,0.5,10,0.07,21.6,0.5,2,10,27.71,22.17,0.5,11,0.34,22.17,0.5,2,11,28.55,87.45,0.5,12,1.17,87.45,0.5,2,12,58.25,125.33,0.5,13,3.5,125.33,0.5,1,13,61.46,125.33,1,1,13,61.46,-0.17,1,1,13,61.46,-125.67,1,2,12,57.12,-125.67,0.5,13,2.36,-125.67,0.5,2,11,27.41,-87.33,0.5,12,0.04,-87.33,0.5,2,10,27.2,-22.05,0.5,11,-0.17,-22.05,0.5,2,8,49.13,-22.26,0.5,10,0.07,-22.26,0.5,2,7,49.27,-39.95,0.5,8,0.2,-39.95,0.5,3,6,47.82,-54.33,0.49799,7,-1.24,-54.33,0.5,8,-50.3,-54.33,0.00201,1,6,0.35,-69.82,1,1,6,-38.85,-82.53,1,1,6,-38.85,-0.17,1,2,6,0.35,-0.17,0.88,17,95.74,11.06,0.12,3,7,49.27,-0.17,0.208,8,0.2,-0.17,0.208,17,-2.24,11.06,0.584,3,8,49.13,-0.17,0.352,10,0.07,-0.17,0.352,17,-51.17,11.06,0.296,2,11,27.04,-0.26,0.5,12,-0.34,-0.26,0.5,2,12,54.85,-0.64,0.5,13,0.1,-0.64,0.5,2,6,49.02,-0.12,0.256,17,47.07,11.01,0.744,4,6,48.31,-23.56,0.25497,7,-0.75,-23.56,0.256,8,-49.81,-23.56,0.00103,17,47.78,34.45,0.488,4,6,98,-16.28,0.00205,7,48.94,-16.28,0.30697,8,-0.12,-16.28,0.30697,17,-1.91,27.18,0.384,5,8,49.27,-9.01,0.45166,10,0.2,-9.01,0.45165,12,-54.55,-9.01,3.9E-4,13,-109.3,-9.01,3.1E-4,17,-51.3,19.9,0.096,4,7,98.03,10.38,0.00157,8,48.96,10.38,0.452,10,-0.1,10.38,0.45043,17,-51,0.51,0.096,4,6,98.3,18.56,1.5E-4,7,49.24,18.56,0.30793,8,0.18,18.56,0.30793,17,-2.22,-7.67,0.384,4,6,48.01,25.53,0.25497,7,-1.06,25.53,0.256,8,-50.12,25.53,0.00103,17,48.08,-14.64,0.488,2,6,0.13,34.32,0.92,17,95.96,-23.43,0.08,2,6,0.44,-34.16,0.914,17,95.65,45.05,0.086,2,10,27.46,-0.04,0.5,11,0.09,-0.04,0.5],\"hull\":20}},\"ear\":{\"23_x220/ear\":{\"type\":\"mesh\",\"uvs\":[0.90367,0.42106,0.76906,0.67573,0.60319,0.86732,0.30511,1,0,1,0,0.90237,0.09117,0.75517,0.29069,0.63134,0.50223,0.47947,0.70656,0.30424,0.89165,0,1,0],\"triangles\":[3,4,5,3,7,2,6,7,3,3,5,6,8,9,1,2,8,1,7,8,2,1,9,0,0,10,11,9,10,0],\"vertices\":[3,18,25.78,19.4,0.52988,19,-2.66,19.4,0.36966,20,-31.1,19.4,0.10046,4,18,55.78,25.62,0.03718,19,27.34,25.62,0.29304,20,-1.1,25.62,0.65887,21,-29.54,25.62,0.0109,3,19,54.12,25.08,0.01662,20,25.69,25.08,0.70346,21,-2.75,25.08,0.27992,2,20,56.21,9.88,0.00788,21,27.77,9.88,0.99212,1,21,47.7,-14.81,1,2,20,68.01,-21.38,6.0E-5,21,39.57,-21.38,0.99994,2,20,49.8,-23.89,0.04229,21,21.36,-23.89,0.95771,2,20,26.46,-16.07,0.73779,21,-1.98,-16.07,0.26221,2,19,28.43,-9.16,0.37944,20,-0.01,-9.16,0.62056,2,18,28.93,-4.4,0.39404,19,0.49,-4.4,0.60596,1,18,-8.49,-9.87,1,1,18,-15.57,-1.11,1],\"hull\":12}},\"ear2\":{\"23_x220/ear\":{\"type\":\"mesh\",\"uvs\":[0.90367,0.42106,0.76906,0.67573,0.60319,0.86732,0.30511,1,0,1,0,0.90237,0.09117,0.75517,0.29069,0.63134,0.50223,0.47947,0.70656,0.30424,0.89165,0,1,0],\"triangles\":[3,4,5,3,7,2,6,7,3,3,5,6,8,9,1,2,8,1,7,8,2,1,9,0,0,10,11,9,10,0],\"vertices\":[3,35,25.78,19.4,0.52988,36,-2.66,19.4,0.36966,37,-31.1,19.4,0.10046,4,35,55.78,25.62,0.03718,36,27.34,25.62,0.29304,37,-1.1,25.62,0.65887,38,-29.54,25.62,0.0109,3,36,54.12,25.08,0.01662,37,25.69,25.08,0.70346,38,-2.75,25.08,0.27992,2,37,56.21,9.88,0.00788,38,27.77,9.88,0.99212,1,38,47.7,-14.81,1,2,37,68.01,-21.38,6.0E-5,38,39.57,-21.38,0.99994,2,37,49.8,-23.89,0.04229,38,21.36,-23.89,0.95771,2,37,26.46,-16.07,0.73779,38,-1.98,-16.07,0.26221,2,36,28.43,-9.16,0.37944,37,-0.01,-9.16,0.62056,2,35,28.93,-4.4,0.39404,36,0.49,-4.4,0.60596,1,35,-8.49,-9.87,1,1,35,-15.57,-1.11,1],\"hull\":12}},\"eye\":{\"23_x220/eye\":{\"type\":\"mesh\",\"uvs\":[1,0.53188,0.77243,0.82704,0,1,0.10212,0.90575,0.25767,0.74741,0.42155,0.59742,0.63822,0.487,0.79933,0.36617,0.86044,0.24951,0.91321,0.12242,1,0,0.69655,0.67658],\"triangles\":[9,10,0,8,9,0,7,8,0,11,6,7,11,7,0,5,6,11,1,11,0,4,1,3,11,4,5,1,4,11,2,3,1],\"vertices\":[2,9,-5.75,52.02,0.8,14,-5.48,67.42,0.2,2,9,-9.84,44.93,0.784,14,-9.57,60.34,0.216,2,9,-23.75,40.78,0.856,14,-23.48,56.19,0.144,2,9,-21.91,43.05,0.87937,14,-21.64,58.45,0.12063,2,9,-19.11,46.85,0.88613,14,-18.84,62.25,0.11387,2,9,-16.16,50.44,0.88705,14,-15.89,65.85,0.11295,2,9,-12.26,53.09,0.86207,14,-11.99,68.5,0.13793,2,9,-9.36,55.99,0.85505,14,-9.09,71.4,0.14495,2,9,-8.26,58.79,0.86653,14,-7.99,74.2,0.13347,2,9,-7.31,61.84,0.88387,14,-7.04,77.25,0.11613,2,9,-5.75,64.78,0.888,14,-5.48,80.19,0.112,2,9,-11.21,48.54,0.85,14,-10.94,63.95,0.15],\"hull\":11}},\"eye2\":{\"23_x220/eye\":{\"type\":\"mesh\",\"uvs\":[1,0.53188,0.77243,0.82704,0,1,0.10212,0.90575,0.25767,0.74741,0.42155,0.59742,0.63822,0.487,0.79933,0.36617,0.86044,0.24951,0.91321,0.12242,1,0,0.69655,0.67658],\"triangles\":[9,10,0,8,9,0,7,8,0,11,6,7,11,7,0,5,6,11,1,11,0,4,1,3,11,4,5,1,4,11,2,3,1],\"vertices\":[2,9,-5.75,82.21,0.8,14,-5.48,97.62,0.2,2,9,-9.84,89.3,0.784,14,-9.57,104.7,0.216,2,9,-23.75,93.45,0.856,14,-23.48,108.85,0.144,2,9,-21.91,91.18,0.87937,14,-21.64,106.59,0.12063,2,9,-19.11,87.38,0.88613,14,-18.84,102.79,0.11387,2,9,-16.16,83.78,0.88705,14,-15.89,99.19,0.11295,2,9,-12.26,81.13,0.86207,14,-11.99,96.54,0.13793,2,9,-9.36,78.23,0.85505,14,-9.09,93.64,0.14495,2,9,-8.26,75.43,0.86653,14,-7.99,90.84,0.13347,2,9,-7.31,72.38,0.88387,14,-7.04,87.79,0.11613,2,9,-5.75,69.45,0.888,14,-5.48,84.85,0.112,2,9,-11.21,85.68,0.85,14,-10.94,101.09,0.15],\"hull\":11}},\"fur\":{\"23_x220/fur\":{\"type\":\"mesh\",\"uvs\":[1,0.10391,1,0.90236,0.84647,1,0.76545,1,0.68651,0.96705,0.61796,1,0.44346,1,0.2378,0.88193,0.07992,0.75595,0,0.5806,0,0.40184,0.10485,0.20606,0.23572,0.11413,0.4393,0,0.61796,0,0.68028,0.03411,0.75299,0,0.85478,0],\"triangles\":[9,10,11,11,12,9,12,8,9,15,7,12,7,8,12,1,2,4,2,3,4,5,6,4,6,7,4,1,4,0,15,17,0,7,15,4,0,4,15,15,16,17,12,13,15,13,14,15],\"vertices\":[1,5,-88.23,-81.37,1,1,5,-88.23,82.32,1,1,5,-62.43,102.33,1,1,5,-48.82,102.33,1,1,5,-35.56,95.58,1,1,5,-24.04,102.33,1,2,5,5.27,102.33,0.608,32,52.17,-81.09,0.392,2,29,19.23,-88.18,0.576,32,17.62,-56.89,0.424,2,29,-7.29,-62.36,0.392,32,-8.91,-31.06,0.608,2,29,-20.72,-26.41,0.392,32,-22.33,4.89,0.608,2,29,-20.72,10.24,0.392,32,-22.33,41.53,0.608,2,29,-3.11,50.37,0.392,32,-4.72,81.67,0.608,2,29,18.88,69.22,0.576,32,17.27,100.51,0.424,2,5,5.97,-102.67,0.608,32,51.47,123.91,0.392,1,5,-24.04,-102.67,1,1,5,-34.51,-95.67,1,1,5,-46.73,-102.67,1,1,5,-63.83,-102.67,1],\"hull\":18}},\"fur1\":{\"23_x220/fur1\":{\"type\":\"mesh\",\"uvs\":[1,1,0.65479,1,0.38085,0.956,0.2309,0.89409,0.1963,0.79998,0.08384,0.7034,0.13863,0.64149,0,0.49538,0,0.44089,0.1444,0.33688,0.08033,0.29379,0.20994,0.18784,0.24742,0.09932,0.38485,0.04434,0.6675,0,1,0,0.19577,0.48567],\"triangles\":[1,4,13,4,1,2,13,4,12,2,3,4,11,12,16,5,6,4,6,16,4,12,4,16,6,7,16,7,8,16,8,9,16,16,9,11,9,10,11,1,14,0,14,15,0,1,13,14],\"vertices\":[1,6,-111.5,85.33,1,1,6,-61.1,85.33,1,2,28,24.25,-87.44,0.728,31,18.27,-58.87,0.272,2,28,2.36,-76.92,0.728,31,-3.62,-48.34,0.272,2,28,-2.69,-60.92,0.728,31,-8.67,-32.34,0.272,2,28,-19.11,-44.5,0.568,31,-25.09,-15.93,0.432,2,28,-11.11,-33.98,0.568,31,-17.09,-5.4,0.432,2,28,-31.35,-9.14,0.568,31,-37.33,19.44,0.432,2,28,-31.35,0.12,0.568,31,-37.33,28.7,0.432,2,28,-10.27,17.81,0.568,31,-16.25,46.38,0.432,2,28,-19.62,25.13,0.568,31,-25.6,53.71,0.432,2,28,-0.7,43.14,0.728,31,-6.68,71.72,0.272,2,28,4.77,58.19,0.728,31,-1.21,86.77,0.272,2,28,24.84,67.54,0.728,31,18.86,96.12,0.272,1,6,-62.95,-84.67,1,1,6,-111.5,-84.67,1,2,28,-2.77,-7.49,0.824,31,-8.75,21.09,0.176],\"hull\":16}},\"head\":{\"23_x220/head\":{\"type\":\"mesh\",\"uvs\":[0.57607,0.05391,0.59544,0.04571,0.64289,0.14415,0.67678,0.14415,0.67582,0.18517,0.72036,0.23322,0.7369,0.30179,0.81851,0.37101,0.87863,0.24974,1,0.24546,1,0.75193,0.87807,0.74833,0.82445,0.62756,0.74272,0.68609,0.71672,0.77104,0.67902,0.81195,0.67772,0.85128,0.64132,0.85914,0.59192,0.95354,0.56982,0.94882,0.51782,1,0.31873,1,0.16723,0.92153,0.12417,0.79416,0.06517,0.70152,0,0.57608,0,0.39273,0.06357,0.30203,0.1146,0.21132,0.15447,0.07815,0.31554,0,0.51506,0,0.80513,0.45603,0.80691,0.54833,0.93158,0.44319,0.93076,0.55475,0.66939,0.6604,0.7459,0.56781,0.67424,0.34982,0.74687,0.43069,0.61419,0.30529,0.47474,0.31818,0.60838,0.69555,0.47515,0.67874],\"triangles\":[28,29,30,24,25,43,41,25,27,25,26,27,23,24,43,41,27,28,16,17,15,15,17,42,15,42,14,11,12,35,7,8,34,40,5,6,40,4,5,40,2,4,4,2,3,19,20,43,43,20,21,18,19,17,21,22,43,22,23,43,41,28,30,41,31,0,41,30,31,2,0,1,43,25,41,17,43,42,17,19,43,42,36,14,14,36,13,11,35,10,35,34,10,34,9,10,42,43,36,13,37,12,13,36,37,36,43,38,38,43,41,36,38,37,40,38,41,37,33,12,12,33,35,37,32,33,37,39,32,37,38,39,34,35,32,35,33,32,32,7,34,32,39,7,34,8,9,38,6,39,39,6,7,38,40,6,40,41,2,2,41,0],\"vertices\":[2,4,2.6,-70.2,0.784,14,-40.15,152.72,0.216,2,4,-1.08,-71.49,0.784,14,-36.47,154.01,0.216,2,9,-27.73,123.15,0.328,14,-27.46,138.56,0.672,2,9,-21.29,123.15,0.328,14,-21.02,138.56,0.672,2,9,-21.47,116.71,0.328,14,-21.2,132.12,0.672,2,9,-13.01,109.17,0.328,14,-12.74,124.57,0.672,2,9,-9.86,98.4,0.328,14,-9.6,113.81,0.672,2,9,5.64,87.53,0.328,14,5.91,102.94,0.672,2,9,17.07,106.57,0.328,14,17.33,121.98,0.672,2,9,40.12,107.25,0.504,14,40.39,122.65,0.496,2,9,40.12,27.73,0.504,14,40.39,43.13,0.496,2,9,16.96,28.3,0.328,14,17.23,43.7,0.672,2,9,6.77,47.26,0.328,14,7.04,62.66,0.672,2,9,-8.76,38.07,0.328,14,-8.49,53.47,0.672,2,9,-13.7,24.73,0.328,14,-13.43,40.13,0.672,2,9,-20.86,18.31,0.328,14,-20.59,33.71,0.672,2,9,-21.11,12.13,0.328,14,-20.84,27.54,0.672,2,9,-28.02,10.9,0.328,14,-27.76,26.3,0.672,2,4,-0.41,71.04,0.776,14,-37.14,11.48,0.224,2,4,3.79,70.3,0.776,14,-41.34,12.22,0.224,2,4,13.67,78.33,0.856,14,-51.22,4.19,0.144,2,4,51.5,78.33,0.76,33,35.48,-64.17,0.24,2,4,80.28,66.01,0.736,33,6.7,-51.86,0.264,3,4,88.46,46.01,0.2448,30,4.68,-58.39,0.3552,33,-1.48,-31.86,0.4,3,4,99.67,31.47,0.0768,30,-6.53,-43.85,0.5232,33,-12.69,-17.31,0.4,2,30,-18.91,-24.15,0.6,33,-25.08,2.38,0.4,2,30,-18.91,4.63,0.6,33,-25.08,31.17,0.4,3,4,99.98,-31.25,0.0336,30,-6.83,18.87,0.5664,33,-13,45.41,0.4,3,4,90.28,-45.49,0.0768,30,2.87,33.12,0.5232,33,-3.3,59.65,0.4,3,4,82.7,-66.4,0.2448,30,10.44,54.02,0.3552,33,4.27,80.56,0.4,2,4,52.1,-78.67,0.736,33,34.88,92.83,0.264,2,4,14.19,-78.67,0.856,14,-51.75,161.19,0.144,2,9,3.1,74.19,0.75,14,3.37,89.59,0.25,2,9,3.25,61.17,0.75,14,3.52,76.57,0.25,2,9,27.12,76.2,0.75,14,27.39,91.61,0.25,2,9,26.97,58.69,0.75,14,27.24,74.09,0.25,2,9,-22.69,42.1,0.896,14,-22.42,57.51,0.104,2,9,-8.15,56.64,0.864,14,-7.89,72.04,0.136,2,9,-21.77,90.86,0.896,14,-21.5,106.27,0.104,2,9,-7.97,75.59,0.864,14,-7.7,90.99,0.136,2,9,-33.18,97.85,0.832,14,-32.91,113.26,0.168,2,9,-59.67,95.83,0.74773,4,21.85,-28.71,0.25227,2,9,-34.28,36.58,0.832,14,-34.01,51.99,0.168,2,9,-59.6,39.22,0.74773,4,21.78,27.89,0.25227],\"hull\":32}},\"jaw\":{\"23_x220/jaw\":{\"x\":2.97,\"y\":1.23,\"width\":50,\"height\":45}},\"jaw2\":{\"23_x220/jaw\":{\"x\":2.97,\"y\":32.47,\"scaleY\":-1,\"width\":50,\"height\":45}},\"shadow\":{\"23_x220/shadow\":{\"type\":\"mesh\",\"uvs\":[0.57735,0.05334,0.65035,0.11198,0.73264,0.21322,0.99999,0.3016,1,0.79112,0.68852,0.82735,0.62322,0.89935,0.55287,0.96848,0.4954,1,0.4349,1,0.47725,0.8563,0.53927,0.77674,0.6028,0.75848,0.44095,0.68152,0.25568,0.57395,0.17943,0.78953,0.09698,0.88586,0,0.88586,0,0.13513,0.10053,0.13972,0.19096,0.25133,0.25213,0.43481,0.43831,0.34001,0.62803,0.26356,0.56746,0.23474,0.48652,0.14718,0.42835,0,0.51935,0],\"triangles\":[2,23,1,12,13,23,23,3,12,3,23,2,4,12,3,4,5,12,6,12,5,8,9,10,7,8,10,10,11,6,7,10,6,11,12,6,25,26,27,25,27,0,1,24,25,1,25,0,23,24,1,21,18,20,20,18,19,21,17,18,14,15,17,16,17,15,14,21,22,14,17,21,13,22,23,14,22,13],\"vertices\":[2,48,15.62,-9.32,0.5,49,-6.41,-9.32,0.5,2,45,18.55,-10.84,0.5,48,-3.48,-10.84,0.5,1,44,-47.79,36.19,1,1,44,15.83,23.99,1,1,44,15.84,-43.56,1,1,44,-58.29,-48.56,1,2,46,13.64,11.85,0.5,50,-4.85,11.85,0.5,2,50,14.4,10.96,0.5,51,-4.09,10.96,0.5,1,51,9.79,7.33,1,1,51,21.96,-0.36,1,2,50,21.34,-11.74,0.5,51,2.85,-11.74,0.5,2,46,21.49,-13.13,0.5,50,3,-13.13,0.5,1,44,-78.7,-39.06,1,3,47,41.95,23.87,0.69733,52,-3.76,23.87,0.25188,46,34.25,-36.74,0.05079,2,52,39.99,8.03,0.82915,53,-5.73,8.03,0.17085,1,53,13.09,37.36,1,1,53,33.01,50.2,1,1,53,56.09,49.68,1,1,53,53.73,-53.9,1,1,53,29.83,-52.72,1,2,52,54.37,-36.83,0.01774,53,8.66,-36.83,0.98226,2,52,40.39,-11.19,0.70706,53,-5.32,-11.19,0.29294,3,47,41.51,-23.26,0.68954,52,-4.2,-23.26,0.29553,45,46.96,41.41,0.01492,1,44,-72.69,29.24,1,2,45,27.37,13.62,0.5,48,5.34,13.62,0.5,2,48,28.05,12.6,0.5,49,6.02,12.6,0.5,1,49,28.07,1.74,1,1,49,9.23,-8.93,1],\"hull\":28}},\"wing\":{\"23_x220/wing\":{\"type\":\"mesh\",\"uvs\":[1,0.23949,0.87746,0.36145,0.78474,0.44453,0.6733,0.54439,0.58574,0.63998,0.4806,0.75477,0.38633,0.83354,0.27263,0.92857,0.17096,0.96255,0.05894,1,0,1,0,0.90417,0.04702,0.79841,0.08312,0.71721,0.11427,0.64715,0.14098,0.58707,0.19689,0.50794,0.23963,0.44744,0.29367,0.37095,0.34132,0.30352,0.41847,0.26535,0.47007,0.23983,0.58172,0.1846,0.69433,0.11129,0.78778,0.05045,0.84693,0,1,0],\"triangles\":[8,9,11,9,10,11,7,8,12,8,11,12,12,13,7,7,13,6,13,14,6,6,14,15,5,6,15,15,16,5,16,17,5,5,17,4,17,18,4,4,18,20,18,19,20,4,20,3,3,20,21,21,22,3,3,22,2,2,22,1,1,22,23,23,24,1,1,24,0,24,25,0,25,26,0],\"vertices\":[2,22,21.05,-12.15,0.71939,23,-21.01,19.14,0.28061,3,22,1.08,-24.6,0.41484,23,2.51,19.73,0.5064,24,-35.95,19.73,0.07876,3,22,-14.04,-33.07,0.08151,23,19.83,19.37,0.66629,24,-18.63,19.37,0.2522,4,22,-32.2,-43.25,0.02878,23,40.66,18.94,0.47293,24,2.19,18.94,0.42092,25,-36.27,18.94,0.07737,3,23,57.9,20.1,0.24714,24,19.44,20.1,0.50523,25,-19.02,20.1,0.24763,4,23,78.61,21.5,0.08724,24,40.15,21.5,0.42094,25,1.69,21.5,0.39945,26,-36.77,21.5,0.09236,3,24,57.47,20.64,0.25222,25,19,20.64,0.45164,26,-19.46,20.64,0.29614,3,24,78.36,19.59,0.08915,25,39.89,19.59,0.34929,26,1.43,19.59,0.56155,2,25,55.94,14.17,0.19748,26,17.47,14.17,0.80252,2,25,73.61,8.2,0.06792,26,35.15,8.2,0.93208,1,26,43.43,3.33,1,2,25,76.93,-5.09,0.07738,26,38.47,-5.09,0.92262,2,25,64.86,-10.5,0.15163,26,26.39,-10.5,0.84837,2,25,55.58,-14.66,0.20863,26,17.12,-14.66,0.79137,4,23,124.51,-18.24,5.0E-5,24,86.04,-18.24,0.04696,25,47.58,-18.24,0.28587,26,9.12,-18.24,0.66713,4,23,117.65,-21.31,9.0E-5,24,79.18,-21.31,0.08721,25,40.72,-21.31,0.35209,26,2.26,-21.31,0.56061,4,23,105.7,-23.65,1.9E-4,24,67.24,-23.65,0.18758,25,28.77,-23.65,0.39668,26,-9.69,-23.65,0.41555,4,23,96.56,-25.43,2.7E-4,24,58.1,-25.43,0.26431,25,19.64,-25.43,0.43076,26,-18.82,-25.43,0.30466,4,23,85.02,-27.69,0.06502,24,46.55,-27.69,0.3382,25,8.09,-27.69,0.39953,26,-30.37,-27.69,0.19725,4,23,74.83,-29.68,0.1221,24,36.37,-29.68,0.40334,25,-2.09,-29.68,0.37199,26,-40.55,-29.68,0.10257,4,23,62.02,-26.66,0.25827,24,23.56,-26.66,0.41461,25,-14.9,-26.66,0.28602,26,-53.36,-26.66,0.0411,3,23,53.45,-24.64,0.34933,24,14.99,-24.64,0.42214,25,-23.47,-24.64,0.22853,4,22,-47.13,-6.56,0.06314,23,34.91,-20.26,0.57126,24,-3.55,-20.26,0.29312,25,-42.01,-20.26,0.07248,3,22,-28.77,0.92,0.1787,23,15.3,-17.4,0.66721,24,-23.16,-17.4,0.15409,3,22,-13.54,7.13,0.51203,23,-0.98,-15.02,0.43989,24,-39.44,-15.02,0.04808,2,22,-3.9,12.27,0.78222,23,-11.9,-14.57,0.21778,1,22,21.05,12.27,1],\"hull\":27}},\"wing2\":{\"23_x220/wing\":{\"type\":\"mesh\",\"uvs\":[1,0.23949,0.87746,0.36145,0.78474,0.44453,0.6733,0.54439,0.58574,0.63998,0.4806,0.75477,0.38633,0.83354,0.27263,0.92857,0.17096,0.96255,0.05894,1,0,1,0,0.90417,0.04702,0.79841,0.08312,0.71721,0.11427,0.64715,0.14098,0.58707,0.19689,0.50794,0.23963,0.44744,0.29367,0.37095,0.34132,0.30352,0.41847,0.26535,0.47007,0.23983,0.58172,0.1846,0.69433,0.11129,0.78778,0.05045,0.84693,0,1,0],\"triangles\":[8,9,11,9,10,11,7,8,12,8,11,12,12,13,7,7,13,6,13,14,6,6,14,15,5,6,15,15,16,5,16,17,5,5,17,4,17,18,4,4,18,20,18,19,20,4,20,3,3,20,21,21,22,3,3,22,2,2,22,1,1,22,23,23,24,1,1,24,0,24,25,0,25,26,0],\"vertices\":[2,39,21.05,-12.15,0.71939,40,-21.01,19.14,0.28061,3,39,1.08,-24.6,0.41484,40,2.51,19.73,0.5064,41,-35.95,19.73,0.07876,3,39,-14.04,-33.07,0.08151,40,19.83,19.37,0.66629,41,-18.63,19.37,0.2522,4,39,-32.2,-43.25,0.02878,40,40.66,18.94,0.47293,41,2.19,18.94,0.42092,42,-36.27,18.94,0.07737,3,40,57.9,20.1,0.24714,41,19.44,20.1,0.50523,42,-19.02,20.1,0.24763,4,40,78.61,21.5,0.08724,41,40.15,21.5,0.42094,42,1.69,21.5,0.39945,43,-36.77,21.5,0.09236,3,41,57.47,20.64,0.25222,42,19,20.64,0.45164,43,-19.46,20.64,0.29614,3,41,78.36,19.59,0.08915,42,39.89,19.59,0.34929,43,1.43,19.59,0.56155,2,42,55.94,14.17,0.19748,43,17.47,14.17,0.80252,2,42,73.61,8.2,0.06792,43,35.15,8.2,0.93208,1,43,43.43,3.33,1,2,42,76.93,-5.09,0.07738,43,38.47,-5.09,0.92262,2,42,64.86,-10.5,0.15163,43,26.39,-10.5,0.84837,2,42,55.58,-14.66,0.20863,43,17.12,-14.66,0.79137,4,40,124.51,-18.24,5.0E-5,41,86.04,-18.24,0.04696,42,47.58,-18.24,0.28587,43,9.12,-18.24,0.66713,4,40,117.65,-21.31,9.0E-5,41,79.18,-21.31,0.08721,42,40.72,-21.31,0.35209,43,2.26,-21.31,0.56061,4,40,105.7,-23.65,1.9E-4,41,67.24,-23.65,0.18758,42,28.77,-23.65,0.39668,43,-9.69,-23.65,0.41555,4,40,96.56,-25.43,2.7E-4,41,58.1,-25.43,0.26431,42,19.64,-25.43,0.43076,43,-18.82,-25.43,0.30466,4,40,85.02,-27.69,0.06502,41,46.55,-27.69,0.3382,42,8.09,-27.69,0.39953,43,-30.37,-27.69,0.19725,4,40,74.83,-29.68,0.1221,41,36.37,-29.68,0.40334,42,-2.09,-29.68,0.37199,43,-40.55,-29.68,0.10257,4,40,62.02,-26.66,0.25827,41,23.56,-26.66,0.41461,42,-14.9,-26.66,0.28602,43,-53.36,-26.66,0.0411,3,40,53.45,-24.64,0.34933,41,14.99,-24.64,0.42214,42,-23.47,-24.64,0.22853,4,39,-47.13,-6.56,0.06314,40,34.91,-20.26,0.57126,41,-3.55,-20.26,0.29312,42,-42.01,-20.26,0.07248,3,39,-28.77,0.92,0.1787,40,15.3,-17.4,0.66721,41,-23.16,-17.4,0.15409,3,39,-13.54,7.13,0.51203,40,-0.98,-15.02,0.43989,41,-39.44,-15.02,0.04808,2,39,-3.9,12.27,0.78222,40,-11.9,-14.57,0.21778,1,39,21.05,12.27,1],\"hull\":27}}}},\"animations\":{\"animation\":{\"bones\":{\"bone12\":{\"translate\":[{\"time\":0,\"x\":20,\"y\":0,\"curve\":[0.25,0,0.75,1]},{\"time\":1.6667,\"x\":0,\"y\":0,\"curve\":[0.25,0,0.75,1]},{\"time\":2.6667,\"x\":20,\"y\":0}]},\"wing2\":{\"rotate\":[{\"time\":0,\"angle\":-28.88,\"curve\":[0.25,0,0.75,1]},{\"time\":1.6667,\"angle\":17.8,\"curve\":[0.25,0,0.75,1]},{\"time\":2.6667,\"angle\":-28.88}]},\"wing3\":{\"rotate\":[{\"time\":0,\"angle\":-9.23,\"curve\":[0.371,0.62,0.71,1]},{\"time\":0.1667,\"angle\":-10.92,\"curve\":[0.25,0,0.75,1]},{\"time\":1.8333,\"angle\":6.58,\"curve\":[0.243,0,0.689,0.75]},{\"time\":2.6667,\"angle\":-9.23}]},\"wing4\":{\"rotate\":[{\"time\":0,\"angle\":2.7,\"curve\":[0.382,0.57,0.735,1]},{\"time\":0.3333,\"angle\":-5,\"curve\":[0.25,0,0.75,1]},{\"time\":2,\"angle\":22.13,\"curve\":[0.243,0,0.649,0.6]},{\"time\":2.6667,\"angle\":2.7}]},\"wing5\":{\"rotate\":[{\"time\":0,\"angle\":9.58,\"curve\":[0.375,0.5,0.75,1]},{\"time\":0.5,\"angle\":-11.27,\"curve\":[0.25,0,0.75,1]},{\"time\":2.1667,\"angle\":30.43,\"curve\":[0.25,0,0.625,0.5]},{\"time\":2.6667,\"angle\":9.58}]},\"jaw\":{\"translate\":[{\"time\":0,\"x\":-6.12,\"y\":0,\"curve\":[0.25,0,0.75,1]},{\"time\":1.3333,\"x\":4.9,\"y\":0,\"curve\":[0.25,0,0.75,1]},{\"time\":2.6667,\"x\":-6.12,\"y\":0}]},\"bone18\":{\"translate\":[{\"time\":0,\"x\":0,\"y\":-1.89,\"curve\":[0.379,0.6,0.724,1]},{\"time\":0.1667,\"x\":0,\"y\":-5.33,\"curve\":[0.25,0,0.75,1]},{\"time\":0.8333,\"x\":0,\"y\":13.32,\"curve\":[0.25,0,0.75,1]},{\"time\":1.5,\"x\":0,\"y\":-5.33,\"curve\":[0.25,0,0.75,1]},{\"time\":2.1667,\"x\":0,\"y\":13.32,\"curve\":[0.242,0,0.667,0.67]},{\"time\":2.6667,\"x\":0,\"y\":-1.89}]},\"bone19\":{\"translate\":[{\"time\":0,\"x\":0,\"y\":-3.03,\"curve\":[0.25,0,0.75,1]},{\"time\":0.6667,\"x\":0,\"y\":16.57,\"curve\":[0.25,0,0.75,1]},{\"time\":1.3333,\"x\":0,\"y\":-3.03,\"curve\":[0.25,0,0.75,1]},{\"time\":2,\"x\":0,\"y\":16.57,\"curve\":[0.25,0,0.75,1]},{\"time\":2.6667,\"x\":0,\"y\":-3.03}]},\"bone\":{\"scale\":[{\"time\":0,\"x\":1,\"y\":1,\"curve\":[0.25,0,0.75,1]},{\"time\":0.6667,\"x\":0.983,\"y\":1,\"curve\":[0.25,0,0.75,1]},{\"time\":1.3333,\"x\":1,\"y\":1,\"curve\":[0.25,0,0.75,1]},{\"time\":2,\"x\":0.983,\"y\":1,\"curve\":[0.25,0,0.75,1]},{\"time\":2.6667,\"x\":1,\"y\":1}]},\"bone2\":{\"scale\":[{\"time\":0,\"x\":1,\"y\":1,\"curve\":[0.25,0,0.75,1]},{\"time\":0.6667,\"x\":0.983,\"y\":1,\"curve\":[0.25,0,0.75,1]},{\"time\":1.3333,\"x\":1,\"y\":1,\"curve\":[0.25,0,0.75,1]},{\"time\":2,\"x\":0.983,\"y\":1,\"curve\":[0.25,0,0.75,1]},{\"time\":2.6667,\"x\":1,\"y\":1}]},\"bone3\":{\"scale\":[{\"time\":0,\"x\":1,\"y\":1,\"curve\":[0.25,0,0.75,1]},{\"time\":0.6667,\"x\":0.983,\"y\":1,\"curve\":[0.25,0,0.75,1]},{\"time\":1.3333,\"x\":1,\"y\":1,\"curve\":[0.25,0,0.75,1]},{\"time\":2,\"x\":0.983,\"y\":1,\"curve\":[0.25,0,0.75,1]},{\"time\":2.6667,\"x\":1,\"y\":1}]},\"bone6\":{\"scale\":[{\"time\":0,\"x\":1,\"y\":1,\"curve\":[0.25,0,0.75,1]},{\"time\":0.6667,\"x\":0.983,\"y\":1,\"curve\":[0.25,0,0.75,1]},{\"time\":1.3333,\"x\":1,\"y\":1,\"curve\":[0.25,0,0.75,1]},{\"time\":2,\"x\":0.983,\"y\":1,\"curve\":[0.25,0,0.75,1]},{\"time\":2.6667,\"x\":1,\"y\":1}]},\"bone4\":{\"scale\":[{\"time\":0,\"x\":1,\"y\":1,\"curve\":[0.25,0,0.75,1]},{\"time\":0.6667,\"x\":0.846,\"y\":1,\"curve\":[0.25,0,0.75,1]},{\"time\":1.3333,\"x\":1,\"y\":1,\"curve\":[0.25,0,0.75,1]},{\"time\":2,\"x\":0.846,\"y\":1,\"curve\":[0.25,0,0.75,1]},{\"time\":2.6667,\"x\":1,\"y\":1}]},\"bone7\":{\"scale\":[{\"time\":0,\"x\":0.987,\"y\":1,\"curve\":[0.369,0.63,0.706,1]},{\"time\":0.1,\"x\":1,\"y\":1,\"curve\":[0.25,0,0.75,1]},{\"time\":0.7667,\"x\":0.846,\"y\":1,\"curve\":[0.25,0,0.75,1]},{\"time\":1.4333,\"x\":1,\"y\":1,\"curve\":[0.25,0,0.75,1]},{\"time\":2.1,\"x\":0.846,\"y\":1,\"curve\":[0.244,0,0.694,0.77]},{\"time\":2.6667,\"x\":0.987,\"y\":1}]},\"bone10\":{\"scale\":[{\"time\":0,\"x\":0.963,\"y\":1,\"curve\":[0.382,0.58,0.731,1]},{\"time\":0.2,\"x\":1,\"y\":1,\"curve\":[0.25,0,0.75,1]},{\"time\":0.8667,\"x\":0.846,\"y\":1,\"curve\":[0.25,0,0.75,1]},{\"time\":1.5333,\"x\":1,\"y\":1,\"curve\":[0.25,0,0.75,1]},{\"time\":2.2,\"x\":0.846,\"y\":1,\"curve\":[0.243,0,0.655,0.63]},{\"time\":2.6667,\"x\":0.963,\"y\":1}]},\"bone8\":{\"scale\":[{\"time\":0,\"x\":0.962,\"y\":0.988,\"curve\":[0.379,0.52,0.747,1]},{\"time\":0.3,\"x\":1,\"y\":0.918,\"curve\":[0.25,0,0.75,1]},{\"time\":0.9667,\"x\":0.725,\"y\":0.858,\"curve\":[0.25,0,0.75,1]},{\"time\":1.6333,\"x\":1,\"y\":0.918,\"curve\":[0.25,0,0.75,1]},{\"time\":2.3,\"x\":0.912,\"y\":1.078,\"curve\":[0.247,0,0.63,0.53]},{\"time\":2.6667,\"x\":0.962,\"y\":0.988}]},\"bone9\":{\"scale\":[{\"time\":0,\"x\":0.956,\"y\":0.998,\"curve\":[0.375,0.5,0.75,1]},{\"time\":0.3333,\"x\":1,\"y\":0.918,\"curve\":[0.25,0,0.75,1]},{\"time\":1,\"x\":0.725,\"y\":0.858,\"curve\":[0.25,0,0.75,1]},{\"time\":1.6667,\"x\":1,\"y\":0.918,\"curve\":[0.25,0,0.75,1]},{\"time\":2.3333,\"x\":0.912,\"y\":1.078,\"curve\":[0.25,0,0.625,0.5]},{\"time\":2.6667,\"x\":0.956,\"y\":0.998}]},\"bone13\":{\"translate\":[{\"time\":0,\"x\":11.4,\"y\":0,\"curve\":[0.375,0.5,0.75,1]},{\"time\":0.6667,\"x\":-0.32,\"y\":0,\"curve\":[0.25,0,0.75,1]},{\"time\":2,\"x\":28.2,\"y\":0,\"curve\":[0.25,0,0.625,0.5]},{\"time\":2.6667,\"x\":11.4,\"y\":0}]},\"moving\":{\"translate\":[{\"time\":0,\"x\":20,\"y\":0,\"curve\":[0.25,0,0.75,1]},{\"time\":1.6667,\"x\":0,\"y\":0,\"curve\":[0.25,0,0.75,1]},{\"time\":2.6667,\"x\":20,\"y\":0}]},\"bone17\":{\"translate\":[{\"time\":0,\"x\":0,\"y\":5.46,\"curve\":[0.375,0.5,0.75,1]},{\"time\":0.3333,\"x\":0,\"y\":0,\"curve\":[0.25,0,0.75,1]},{\"time\":1,\"x\":0,\"y\":10.92,\"curve\":[0.25,0,0.75,1]},{\"time\":1.6667,\"x\":0,\"y\":0,\"curve\":[0.25,0,0.75,1]},{\"time\":2.3333,\"x\":0,\"y\":10.92,\"curve\":[0.25,0,0.625,0.5]},{\"time\":2.6667,\"x\":0,\"y\":5.46}]},\"ear2\":{\"rotate\":[{\"time\":0,\"angle\":-12.42,\"curve\":[0.379,0.6,0.724,1]},{\"time\":0.3333,\"angle\":-15.23,\"curve\":[0.25,0,0.75,1]},{\"time\":1.6667,\"angle\":0,\"curve\":[0.242,0,0.667,0.67]},{\"time\":2.6667,\"angle\":-12.42}]},\"ear3\":{\"rotate\":[{\"time\":0,\"angle\":-10.18,\"curve\":[0.359,0.43,0.702,0.8]},{\"time\":0.3333,\"angle\":-14.27,\"curve\":[0.364,0.64,0.701,1]},{\"time\":0.5,\"angle\":-15.23,\"curve\":[0.25,0,0.75,1]},{\"time\":1.8333,\"angle\":0,\"curve\":[0.244,0,0.641,0.57]},{\"time\":2.6667,\"angle\":-10.18}]},\"ear4\":{\"rotate\":[{\"time\":0,\"angle\":-7.66,\"curve\":[0.343,0.36,0.686,0.73]},{\"time\":0.3333,\"angle\":-12.42,\"curve\":[0.379,0.6,0.724,1]},{\"time\":0.6667,\"angle\":-15.23,\"curve\":[0.25,0,0.75,1]},{\"time\":2,\"angle\":0,\"curve\":[0.25,0,0.625,0.5]},{\"time\":2.6667,\"angle\":-7.66}]},\"ear5\":{\"rotate\":[{\"time\":0,\"angle\":-5.13,\"curve\":[0.329,0.32,0.671,0.68]},{\"time\":0.3333,\"angle\":-10.11,\"curve\":[0.382,0.56,0.74,1]},{\"time\":0.8333,\"angle\":-15.23,\"curve\":[0.25,0,0.75,1]},{\"time\":2.1667,\"angle\":0,\"curve\":[0.26,0,0.618,0.44]},{\"time\":2.6667,\"angle\":-5.13}]},\"ear10\":{\"rotate\":[{\"time\":0,\"angle\":-5.13,\"curve\":[0.329,0.32,0.671,0.68]},{\"time\":0.3333,\"angle\":-10.11,\"curve\":[0.382,0.56,0.74,1]},{\"time\":0.8333,\"angle\":-15.23,\"curve\":[0.25,0,0.75,1]},{\"time\":2.1667,\"angle\":0,\"curve\":[0.26,0,0.618,0.44]},{\"time\":2.6667,\"angle\":-5.13}]},\"ear9\":{\"rotate\":[{\"time\":0,\"angle\":-7.66,\"curve\":[0.343,0.36,0.686,0.73]},{\"time\":0.3333,\"angle\":-12.42,\"curve\":[0.379,0.6,0.724,1]},{\"time\":0.6667,\"angle\":-15.23,\"curve\":[0.25,0,0.75,1]},{\"time\":2,\"angle\":0,\"curve\":[0.25,0,0.625,0.5]},{\"time\":2.6667,\"angle\":-7.66}]},\"ear8\":{\"rotate\":[{\"time\":0,\"angle\":-10.18,\"curve\":[0.359,0.43,0.702,0.8]},{\"time\":0.3333,\"angle\":-14.27,\"curve\":[0.364,0.64,0.701,1]},{\"time\":0.5,\"angle\":-15.23,\"curve\":[0.25,0,0.75,1]},{\"time\":1.8333,\"angle\":0,\"curve\":[0.244,0,0.641,0.57]},{\"time\":2.6667,\"angle\":-10.18}]},\"ear7\":{\"rotate\":[{\"time\":0,\"angle\":-12.42,\"curve\":[0.379,0.6,0.724,1]},{\"time\":0.3333,\"angle\":-15.23,\"curve\":[0.25,0,0.75,1]},{\"time\":1.6667,\"angle\":0,\"curve\":[0.242,0,0.667,0.67]},{\"time\":2.6667,\"angle\":-12.42}]},\"wing10\":{\"rotate\":[{\"time\":0,\"angle\":9.58,\"curve\":[0.375,0.5,0.75,1]},{\"time\":0.5,\"angle\":-11.27,\"curve\":[0.25,0,0.75,1]},{\"time\":2.1667,\"angle\":30.43,\"curve\":[0.25,0,0.625,0.5]},{\"time\":2.6667,\"angle\":9.58}]},\"wing9\":{\"rotate\":[{\"time\":0,\"angle\":2.7,\"curve\":[0.382,0.57,0.735,1]},{\"time\":0.3333,\"angle\":-5,\"curve\":[0.25,0,0.75,1]},{\"time\":2,\"angle\":22.13,\"curve\":[0.243,0,0.649,0.6]},{\"time\":2.6667,\"angle\":2.7}]},\"wing8\":{\"rotate\":[{\"time\":0,\"angle\":-9.23,\"curve\":[0.371,0.62,0.71,1]},{\"time\":0.1667,\"angle\":-10.92,\"curve\":[0.25,0,0.75,1]},{\"time\":1.8333,\"angle\":6.58,\"curve\":[0.243,0,0.689,0.75]},{\"time\":2.6667,\"angle\":-9.23}]},\"wing7\":{\"rotate\":[{\"time\":0,\"angle\":-28.88,\"curve\":[0.25,0,0.75,1]},{\"time\":1.6667,\"angle\":17.8,\"curve\":[0.25,0,0.75,1]},{\"time\":2.6667,\"angle\":-28.88}]},\"shadow4\":{\"scale\":[{\"time\":0,\"x\":1,\"y\":1,\"curve\":[0.25,0,0.75,1]},{\"time\":0.6667,\"x\":0.907,\"y\":1,\"curve\":[0.25,0,0.75,1]},{\"time\":1.3333,\"x\":1,\"y\":1,\"curve\":[0.25,0,0.75,1]},{\"time\":2,\"x\":0.907,\"y\":1,\"curve\":[0.25,0,0.75,1]},{\"time\":2.6667,\"x\":1,\"y\":1}]},\"shadow9\":{\"scale\":[{\"time\":0,\"x\":0.988,\"y\":1,\"curve\":[0.375,0.62,0.716,1]},{\"time\":0.1333,\"x\":1,\"y\":1,\"curve\":[0.25,0,0.75,1]},{\"time\":0.8,\"x\":0.907,\"y\":1,\"curve\":[0.25,0,0.75,1]},{\"time\":1.4667,\"x\":1,\"y\":1,\"curve\":[0.25,0,0.75,1]},{\"time\":2.1333,\"x\":0.907,\"y\":1,\"curve\":[0.243,0,0.68,0.71]},{\"time\":2.6667,\"x\":0.988,\"y\":1}]},\"shadow10\":{\"scale\":[{\"time\":0,\"x\":0.978,\"y\":1,\"curve\":[0.382,0.58,0.731,1]},{\"time\":0.2,\"x\":1,\"y\":1,\"curve\":[0.25,0,0.75,1]},{\"time\":0.8667,\"x\":0.907,\"y\":0.852,\"curve\":[0.25,0,0.75,1]},{\"time\":1.5333,\"x\":1,\"y\":1,\"curve\":[0.25,0,0.75,1]},{\"time\":2.2,\"x\":0.907,\"y\":1,\"curve\":[0.243,0,0.655,0.63]},{\"time\":2.6667,\"x\":0.978,\"y\":1}]},\"shadow2\":{\"rotate\":[{\"time\":0,\"angle\":16.76,\"curve\":[0.25,0,0.75,1]},{\"time\":1.6667,\"angle\":-11.02,\"curve\":[0.25,0,0.75,1]},{\"time\":2.6667,\"angle\":16.76}]},\"shadow5\":{\"rotate\":[{\"time\":0,\"angle\":14.08,\"curve\":[0.371,0.62,0.71,1]},{\"time\":0.1667,\"angle\":16.76,\"curve\":[0.25,0,0.75,1]},{\"time\":1.8333,\"angle\":-11.02,\"curve\":[0.243,0,0.689,0.75]},{\"time\":2.6667,\"angle\":14.08}]},\"shadow6\":{\"rotate\":[{\"time\":0,\"angle\":8.87,\"curve\":[0.382,0.57,0.735,1]},{\"time\":0.3333,\"angle\":16.76,\"curve\":[0.25,0,0.75,1]},{\"time\":2,\"angle\":-11.02,\"curve\":[0.243,0,0.649,0.6]},{\"time\":2.6667,\"angle\":8.87}]},\"shadow3\":{\"rotate\":[{\"time\":0,\"angle\":-18.73,\"curve\":[0.25,0,0.75,1]},{\"time\":1.6667,\"angle\":9.55,\"curve\":[0.25,0,0.75,1]},{\"time\":2.6667,\"angle\":-18.73}]},\"shadow7\":{\"rotate\":[{\"time\":0,\"angle\":-16,\"curve\":[0.371,0.62,0.71,1]},{\"time\":0.1667,\"angle\":-18.73,\"curve\":[0.25,0,0.75,1]},{\"time\":1.8333,\"angle\":9.55,\"curve\":[0.243,0,0.689,0.75]},{\"time\":2.6667,\"angle\":-16}]},\"shadow8\":{\"rotate\":[{\"time\":0,\"angle\":-10.71,\"curve\":[0.382,0.57,0.735,1]},{\"time\":0.3333,\"angle\":-18.73,\"curve\":[0.25,0,0.75,1]},{\"time\":2,\"angle\":9.55,\"curve\":[0.243,0,0.649,0.6]},{\"time\":2.6667,\"angle\":-10.71}]},\"shadow\":{\"translate\":[{\"time\":0,\"x\":0,\"y\":0,\"curve\":[0.25,0,0.75,1]},{\"time\":1.6667,\"x\":-4.38,\"y\":0,\"curve\":[0.25,0,0.75,1]},{\"time\":2.6667,\"x\":0,\"y\":0}]}}}}}","_skeletonJson":{"skeleton":{"hash":"O2TyJhgtpE4LGdypnNd5AqN1hNw","spine":"3.7.94","width":266.55,"height":150.6},"bones":[{"name":"root"},{"name":"All_Scale","parent":"root","scaleX":0.9,"scaleY":0.9},{"name":"scale","parent":"All_Scale","scaleX":0.5,"scaleY":0.5},{"name":"moving","parent":"scale"},{"name":"bone","parent":"moving","length":98.12,"rotation":-180,"x":220.99},{"name":"bone2","parent":"bone","length":98.12,"x":98.12},{"name":"bone3","parent":"bone2","length":49.06,"x":98.12},{"name":"bone6","parent":"bone3","length":49.06,"x":49.06},{"name":"bone4","parent":"bone6","length":49.06,"x":49.06},{"name":"bone5","parent":"moving","x":258.81,"y":-67.11},{"name":"bone7","parent":"bone4","length":27.38,"x":49.06},{"name":"bone10","parent":"bone7","length":27.38,"x":27.38},{"name":"bone8","parent":"bone10","length":54.75,"x":27.38},{"name":"bone9","parent":"bone8","length":54.75,"x":54.75},{"name":"bone11","parent":"moving","x":258.55,"y":-82.52},{"name":"bone12","parent":"moving","x":250,"y":-100},{"name":"ear","parent":"moving","x":203.08,"y":-19.97},{"name":"bone13","parent":"moving","x":-71.34,"y":-10.89},{"name":"ear2","parent":"ear","length":28.44,"rotation":-128.92,"x":-2,"y":-5.67},{"name":"ear3","parent":"ear2","length":28.44,"x":28.44},{"name":"ear4","parent":"ear3","length":28.44,"x":28.44},{"name":"ear5","parent":"ear4","length":28.44,"x":28.44},{"name":"wing","parent":"moving","x":108.02,"y":-77.6},{"name":"wing2","parent":"wing","length":38.46,"rotation":-149.53,"x":-6.76,"y":-6.31},{"name":"wing3","parent":"wing2","length":38.46,"x":38.46},{"name":"wing4","parent":"wing3","length":38.46,"x":38.46},{"name":"wing5","parent":"wing4","length":38.46,"x":38.46},{"name":"jaw","parent":"moving","x":251.65,"y":-17.67},{"name":"bone14","parent":"moving","x":21.59,"y":9.59},{"name":"bone15","parent":"moving","x":63.82,"y":10.06},{"name":"bone16","parent":"moving","x":127.85,"y":12.38},{"name":"bone17","parent":"bone14","x":5.98,"y":-28.58},{"name":"bone18","parent":"bone15","x":1.61,"y":-31.3},{"name":"bone19","parent":"bone16","x":6.17,"y":-26.53},{"name":"ear6","parent":"moving","x":203.08,"y":19.97,"scaleY":-1},{"name":"ear7","parent":"ear6","length":28.44,"rotation":-128.92,"x":-2,"y":-5.67},{"name":"ear8","parent":"ear7","length":28.44,"x":28.44},{"name":"ear9","parent":"ear8","length":28.44,"x":28.44},{"name":"ear10","parent":"ear9","length":28.44,"x":28.44},{"name":"wing6","parent":"moving","x":108.02,"y":77.6,"scaleY":-1},{"name":"wing7","parent":"wing6","length":38.46,"rotation":-149.53,"x":-6.76,"y":-6.31},{"name":"wing8","parent":"wing7","length":38.46,"x":38.46},{"name":"wing9","parent":"wing8","length":38.46,"x":38.46},{"name":"wing10","parent":"wing9","length":38.46,"x":38.46},{"name":"shadow","parent":"scale","x":184.86,"y":-15.11,"scaleX":2,"scaleY":2},{"name":"shadow2","parent":"shadow","length":22.04,"rotation":150.48,"x":-56.58,"y":31.58},{"name":"shadow3","parent":"shadow","length":18.49,"rotation":-147.7,"x":-68.64,"y":-41.19},{"name":"shadow4","parent":"shadow","length":45.71,"rotation":-178.7,"x":-75.82,"y":-3.62},{"name":"shadow5","parent":"shadow2","length":22.04,"x":22.04},{"name":"shadow6","parent":"shadow5","length":22.04,"x":22.04},{"name":"shadow7","parent":"shadow3","length":18.49,"x":18.49},{"name":"shadow8","parent":"shadow7","length":18.49,"x":18.49},{"name":"shadow9","parent":"shadow4","length":45.71,"x":45.71},{"name":"shadow10","parent":"shadow9","length":45.71,"x":45.71}],"slots":[{"name":"shadow","bone":"shadow","color":"ffffff98","attachment":"23_x220/shadow"},{"name":"jaw","bone":"jaw","attachment":"23_x220/jaw"},{"name":"jaw2","bone":"jaw","attachment":"23_x220/jaw"},{"name":"wing","bone":"wing","attachment":"23_x220/wing"},{"name":"wing2","bone":"wing6","attachment":"23_x220/wing"},{"name":"body","bone":"moving","attachment":"23_x220/body"},{"name":"fur1","bone":"moving","attachment":"23_x220/fur1"},{"name":"fur","bone":"moving","attachment":"23_x220/fur"},{"name":"head","bone":"moving","attachment":"23_x220/head"},{"name":"eye","bone":"moving","attachment":"23_x220/eye"},{"name":"eye2","bone":"moving","attachment":"23_x220/eye"},{"name":"ear","bone":"ear","attachment":"23_x220/ear"},{"name":"ear2","bone":"ear6","attachment":"23_x220/ear"}],"transform":[{"name":"ear","order":2,"bones":["ear"],"target":"bone12","x":-46.92,"y":80.03,"rotateMix":0,"translateMix":1.2,"scaleMix":0,"shearMix":0},{"name":"ear2","order":3,"bones":["ear6"],"target":"bone12","x":-46.92,"y":119.97,"scaleY":-1,"shearY":-180,"rotateMix":0,"translateMix":1.2,"scaleMix":0,"shearMix":0},{"name":"neg","order":1,"bones":["bone11"],"target":"bone12","x":8.55,"y":17.48,"rotateMix":0,"translateMix":-1,"scaleMix":0,"shearMix":0},{"name":"pos","order":0,"bones":["bone5"],"target":"bone12","x":8.81,"y":32.89,"rotateMix":0,"scaleMix":0,"shearMix":0}],"skins":{"default":{"body":{"23_x220/body":{"type":"mesh","uvs":[1,0.82571,0.8902,0.77181,0.76277,0.71071,0.61575,0.65501,0.47869,0.58673,0.40126,0.589,0.32224,0.84907,0.16236,1,0,1,0,0.5,0,0,0.16554,0,0.32542,0.15273,0.4027,0.41282,0.47869,0.412,0.61575,0.34149,0.75721,0.28421,0.8902,0.22252,1,0.17185,1,0.5,0.8902,0.5,0.61575,0.5,0.47869,0.5,0.32648,0.49963,0.17189,0.49812,0.75388,0.50018,0.75586,0.40682,0.61666,0.43579,0.47832,0.46476,0.47917,0.54202,0.61581,0.57462,0.7567,0.60238,0.89081,0.63739,0.88996,0.36457,0.40197,0.5005],"triangles":[25,27,26,21,27,25,30,21,25,30,25,31,21,28,27,29,21,30,7,8,6,6,8,9,24,9,12,12,9,10,6,9,24,11,12,10,24,12,13,23,24,13,5,6,24,5,24,23,34,23,13,5,23,34,28,13,14,34,13,28,34,28,22,34,29,5,29,34,22,4,5,29,29,22,21,22,28,21,14,15,27,28,14,27,4,29,30,3,4,30,27,15,26,3,30,31,26,15,16,3,31,2,31,20,32,33,16,17,26,16,33,18,33,17,19,20,33,19,33,18,32,20,19,2,31,32,1,2,32,32,19,0,1,32,0,26,33,20,25,26,20,31,25,20],"vertices":[1,6,-38.85,81.59,1,1,6,0.35,68.06,1,3,6,45.84,52.72,0.49799,7,-3.22,52.72,0.5,8,-52.28,52.72,0.00201,2,7,49.27,38.74,0.5,8,0.2,38.74,0.5,2,8,49.13,21.6,0.5,10,0.07,21.6,0.5,2,10,27.71,22.17,0.5,11,0.34,22.17,0.5,2,11,28.55,87.45,0.5,12,1.17,87.45,0.5,2,12,58.25,125.33,0.5,13,3.5,125.33,0.5,1,13,61.46,125.33,1,1,13,61.46,-0.17,1,1,13,61.46,-125.67,1,2,12,57.12,-125.67,0.5,13,2.36,-125.67,0.5,2,11,27.41,-87.33,0.5,12,0.04,-87.33,0.5,2,10,27.2,-22.05,0.5,11,-0.17,-22.05,0.5,2,8,49.13,-22.26,0.5,10,0.07,-22.26,0.5,2,7,49.27,-39.95,0.5,8,0.2,-39.95,0.5,3,6,47.82,-54.33,0.49799,7,-1.24,-54.33,0.5,8,-50.3,-54.33,0.00201,1,6,0.35,-69.82,1,1,6,-38.85,-82.53,1,1,6,-38.85,-0.17,1,2,6,0.35,-0.17,0.88,17,95.74,11.06,0.12,3,7,49.27,-0.17,0.208,8,0.2,-0.17,0.208,17,-2.24,11.06,0.584,3,8,49.13,-0.17,0.352,10,0.07,-0.17,0.352,17,-51.17,11.06,0.296,2,11,27.04,-0.26,0.5,12,-0.34,-0.26,0.5,2,12,54.85,-0.64,0.5,13,0.1,-0.64,0.5,2,6,49.02,-0.12,0.256,17,47.07,11.01,0.744,4,6,48.31,-23.56,0.25497,7,-0.75,-23.56,0.256,8,-49.81,-23.56,0.00103,17,47.78,34.45,0.488,4,6,98,-16.28,0.00205,7,48.94,-16.28,0.30697,8,-0.12,-16.28,0.30697,17,-1.91,27.18,0.384,5,8,49.27,-9.01,0.45166,10,0.2,-9.01,0.45165,12,-54.55,-9.01,0.00039,13,-109.3,-9.01,0.00031,17,-51.3,19.9,0.096,4,7,98.03,10.38,0.00157,8,48.96,10.38,0.452,10,-0.1,10.38,0.45043,17,-51,0.51,0.096,4,6,98.3,18.56,0.00015,7,49.24,18.56,0.30793,8,0.18,18.56,0.30793,17,-2.22,-7.67,0.384,4,6,48.01,25.53,0.25497,7,-1.06,25.53,0.256,8,-50.12,25.53,0.00103,17,48.08,-14.64,0.488,2,6,0.13,34.32,0.92,17,95.96,-23.43,0.08,2,6,0.44,-34.16,0.914,17,95.65,45.05,0.086,2,10,27.46,-0.04,0.5,11,0.09,-0.04,0.5],"hull":20}},"ear":{"23_x220/ear":{"type":"mesh","uvs":[0.90367,0.42106,0.76906,0.67573,0.60319,0.86732,0.30511,1,0,1,0,0.90237,0.09117,0.75517,0.29069,0.63134,0.50223,0.47947,0.70656,0.30424,0.89165,0,1,0],"triangles":[3,4,5,3,7,2,6,7,3,3,5,6,8,9,1,2,8,1,7,8,2,1,9,0,0,10,11,9,10,0],"vertices":[3,18,25.78,19.4,0.52988,19,-2.66,19.4,0.36966,20,-31.1,19.4,0.10046,4,18,55.78,25.62,0.03718,19,27.34,25.62,0.29304,20,-1.1,25.62,0.65887,21,-29.54,25.62,0.0109,3,19,54.12,25.08,0.01662,20,25.69,25.08,0.70346,21,-2.75,25.08,0.27992,2,20,56.21,9.88,0.00788,21,27.77,9.88,0.99212,1,21,47.7,-14.81,1,2,20,68.01,-21.38,0.00006,21,39.57,-21.38,0.99994,2,20,49.8,-23.89,0.04229,21,21.36,-23.89,0.95771,2,20,26.46,-16.07,0.73779,21,-1.98,-16.07,0.26221,2,19,28.43,-9.16,0.37944,20,-0.01,-9.16,0.62056,2,18,28.93,-4.4,0.39404,19,0.49,-4.4,0.60596,1,18,-8.49,-9.87,1,1,18,-15.57,-1.11,1],"hull":12}},"ear2":{"23_x220/ear":{"type":"mesh","uvs":[0.90367,0.42106,0.76906,0.67573,0.60319,0.86732,0.30511,1,0,1,0,0.90237,0.09117,0.75517,0.29069,0.63134,0.50223,0.47947,0.70656,0.30424,0.89165,0,1,0],"triangles":[3,4,5,3,7,2,6,7,3,3,5,6,8,9,1,2,8,1,7,8,2,1,9,0,0,10,11,9,10,0],"vertices":[3,35,25.78,19.4,0.52988,36,-2.66,19.4,0.36966,37,-31.1,19.4,0.10046,4,35,55.78,25.62,0.03718,36,27.34,25.62,0.29304,37,-1.1,25.62,0.65887,38,-29.54,25.62,0.0109,3,36,54.12,25.08,0.01662,37,25.69,25.08,0.70346,38,-2.75,25.08,0.27992,2,37,56.21,9.88,0.00788,38,27.77,9.88,0.99212,1,38,47.7,-14.81,1,2,37,68.01,-21.38,0.00006,38,39.57,-21.38,0.99994,2,37,49.8,-23.89,0.04229,38,21.36,-23.89,0.95771,2,37,26.46,-16.07,0.73779,38,-1.98,-16.07,0.26221,2,36,28.43,-9.16,0.37944,37,-0.01,-9.16,0.62056,2,35,28.93,-4.4,0.39404,36,0.49,-4.4,0.60596,1,35,-8.49,-9.87,1,1,35,-15.57,-1.11,1],"hull":12}},"eye":{"23_x220/eye":{"type":"mesh","uvs":[1,0.53188,0.77243,0.82704,0,1,0.10212,0.90575,0.25767,0.74741,0.42155,0.59742,0.63822,0.487,0.79933,0.36617,0.86044,0.24951,0.91321,0.12242,1,0,0.69655,0.67658],"triangles":[9,10,0,8,9,0,7,8,0,11,6,7,11,7,0,5,6,11,1,11,0,4,1,3,11,4,5,1,4,11,2,3,1],"vertices":[2,9,-5.75,52.02,0.8,14,-5.48,67.42,0.2,2,9,-9.84,44.93,0.784,14,-9.57,60.34,0.216,2,9,-23.75,40.78,0.856,14,-23.48,56.19,0.144,2,9,-21.91,43.05,0.87937,14,-21.64,58.45,0.12063,2,9,-19.11,46.85,0.88613,14,-18.84,62.25,0.11387,2,9,-16.16,50.44,0.88705,14,-15.89,65.85,0.11295,2,9,-12.26,53.09,0.86207,14,-11.99,68.5,0.13793,2,9,-9.36,55.99,0.85505,14,-9.09,71.4,0.14495,2,9,-8.26,58.79,0.86653,14,-7.99,74.2,0.13347,2,9,-7.31,61.84,0.88387,14,-7.04,77.25,0.11613,2,9,-5.75,64.78,0.888,14,-5.48,80.19,0.112,2,9,-11.21,48.54,0.85,14,-10.94,63.95,0.15],"hull":11}},"eye2":{"23_x220/eye":{"type":"mesh","uvs":[1,0.53188,0.77243,0.82704,0,1,0.10212,0.90575,0.25767,0.74741,0.42155,0.59742,0.63822,0.487,0.79933,0.36617,0.86044,0.24951,0.91321,0.12242,1,0,0.69655,0.67658],"triangles":[9,10,0,8,9,0,7,8,0,11,6,7,11,7,0,5,6,11,1,11,0,4,1,3,11,4,5,1,4,11,2,3,1],"vertices":[2,9,-5.75,82.21,0.8,14,-5.48,97.62,0.2,2,9,-9.84,89.3,0.784,14,-9.57,104.7,0.216,2,9,-23.75,93.45,0.856,14,-23.48,108.85,0.144,2,9,-21.91,91.18,0.87937,14,-21.64,106.59,0.12063,2,9,-19.11,87.38,0.88613,14,-18.84,102.79,0.11387,2,9,-16.16,83.78,0.88705,14,-15.89,99.19,0.11295,2,9,-12.26,81.13,0.86207,14,-11.99,96.54,0.13793,2,9,-9.36,78.23,0.85505,14,-9.09,93.64,0.14495,2,9,-8.26,75.43,0.86653,14,-7.99,90.84,0.13347,2,9,-7.31,72.38,0.88387,14,-7.04,87.79,0.11613,2,9,-5.75,69.45,0.888,14,-5.48,84.85,0.112,2,9,-11.21,85.68,0.85,14,-10.94,101.09,0.15],"hull":11}},"fur":{"23_x220/fur":{"type":"mesh","uvs":[1,0.10391,1,0.90236,0.84647,1,0.76545,1,0.68651,0.96705,0.61796,1,0.44346,1,0.2378,0.88193,0.07992,0.75595,0,0.5806,0,0.40184,0.10485,0.20606,0.23572,0.11413,0.4393,0,0.61796,0,0.68028,0.03411,0.75299,0,0.85478,0],"triangles":[9,10,11,11,12,9,12,8,9,15,7,12,7,8,12,1,2,4,2,3,4,5,6,4,6,7,4,1,4,0,15,17,0,7,15,4,0,4,15,15,16,17,12,13,15,13,14,15],"vertices":[1,5,-88.23,-81.37,1,1,5,-88.23,82.32,1,1,5,-62.43,102.33,1,1,5,-48.82,102.33,1,1,5,-35.56,95.58,1,1,5,-24.04,102.33,1,2,5,5.27,102.33,0.608,32,52.17,-81.09,0.392,2,29,19.23,-88.18,0.576,32,17.62,-56.89,0.424,2,29,-7.29,-62.36,0.392,32,-8.91,-31.06,0.608,2,29,-20.72,-26.41,0.392,32,-22.33,4.89,0.608,2,29,-20.72,10.24,0.392,32,-22.33,41.53,0.608,2,29,-3.11,50.37,0.392,32,-4.72,81.67,0.608,2,29,18.88,69.22,0.576,32,17.27,100.51,0.424,2,5,5.97,-102.67,0.608,32,51.47,123.91,0.392,1,5,-24.04,-102.67,1,1,5,-34.51,-95.67,1,1,5,-46.73,-102.67,1,1,5,-63.83,-102.67,1],"hull":18}},"fur1":{"23_x220/fur1":{"type":"mesh","uvs":[1,1,0.65479,1,0.38085,0.956,0.2309,0.89409,0.1963,0.79998,0.08384,0.7034,0.13863,0.64149,0,0.49538,0,0.44089,0.1444,0.33688,0.08033,0.29379,0.20994,0.18784,0.24742,0.09932,0.38485,0.04434,0.6675,0,1,0,0.19577,0.48567],"triangles":[1,4,13,4,1,2,13,4,12,2,3,4,11,12,16,5,6,4,6,16,4,12,4,16,6,7,16,7,8,16,8,9,16,16,9,11,9,10,11,1,14,0,14,15,0,1,13,14],"vertices":[1,6,-111.5,85.33,1,1,6,-61.1,85.33,1,2,28,24.25,-87.44,0.728,31,18.27,-58.87,0.272,2,28,2.36,-76.92,0.728,31,-3.62,-48.34,0.272,2,28,-2.69,-60.92,0.728,31,-8.67,-32.34,0.272,2,28,-19.11,-44.5,0.568,31,-25.09,-15.93,0.432,2,28,-11.11,-33.98,0.568,31,-17.09,-5.4,0.432,2,28,-31.35,-9.14,0.568,31,-37.33,19.44,0.432,2,28,-31.35,0.12,0.568,31,-37.33,28.7,0.432,2,28,-10.27,17.81,0.568,31,-16.25,46.38,0.432,2,28,-19.62,25.13,0.568,31,-25.6,53.71,0.432,2,28,-0.7,43.14,0.728,31,-6.68,71.72,0.272,2,28,4.77,58.19,0.728,31,-1.21,86.77,0.272,2,28,24.84,67.54,0.728,31,18.86,96.12,0.272,1,6,-62.95,-84.67,1,1,6,-111.5,-84.67,1,2,28,-2.77,-7.49,0.824,31,-8.75,21.09,0.176],"hull":16}},"head":{"23_x220/head":{"type":"mesh","uvs":[0.57607,0.05391,0.59544,0.04571,0.64289,0.14415,0.67678,0.14415,0.67582,0.18517,0.72036,0.23322,0.7369,0.30179,0.81851,0.37101,0.87863,0.24974,1,0.24546,1,0.75193,0.87807,0.74833,0.82445,0.62756,0.74272,0.68609,0.71672,0.77104,0.67902,0.81195,0.67772,0.85128,0.64132,0.85914,0.59192,0.95354,0.56982,0.94882,0.51782,1,0.31873,1,0.16723,0.92153,0.12417,0.79416,0.06517,0.70152,0,0.57608,0,0.39273,0.06357,0.30203,0.1146,0.21132,0.15447,0.07815,0.31554,0,0.51506,0,0.80513,0.45603,0.80691,0.54833,0.93158,0.44319,0.93076,0.55475,0.66939,0.6604,0.7459,0.56781,0.67424,0.34982,0.74687,0.43069,0.61419,0.30529,0.47474,0.31818,0.60838,0.69555,0.47515,0.67874],"triangles":[28,29,30,24,25,43,41,25,27,25,26,27,23,24,43,41,27,28,16,17,15,15,17,42,15,42,14,11,12,35,7,8,34,40,5,6,40,4,5,40,2,4,4,2,3,19,20,43,43,20,21,18,19,17,21,22,43,22,23,43,41,28,30,41,31,0,41,30,31,2,0,1,43,25,41,17,43,42,17,19,43,42,36,14,14,36,13,11,35,10,35,34,10,34,9,10,42,43,36,13,37,12,13,36,37,36,43,38,38,43,41,36,38,37,40,38,41,37,33,12,12,33,35,37,32,33,37,39,32,37,38,39,34,35,32,35,33,32,32,7,34,32,39,7,34,8,9,38,6,39,39,6,7,38,40,6,40,41,2,2,41,0],"vertices":[2,4,2.6,-70.2,0.784,14,-40.15,152.72,0.216,2,4,-1.08,-71.49,0.784,14,-36.47,154.01,0.216,2,9,-27.73,123.15,0.328,14,-27.46,138.56,0.672,2,9,-21.29,123.15,0.328,14,-21.02,138.56,0.672,2,9,-21.47,116.71,0.328,14,-21.2,132.12,0.672,2,9,-13.01,109.17,0.328,14,-12.74,124.57,0.672,2,9,-9.86,98.4,0.328,14,-9.6,113.81,0.672,2,9,5.64,87.53,0.328,14,5.91,102.94,0.672,2,9,17.07,106.57,0.328,14,17.33,121.98,0.672,2,9,40.12,107.25,0.504,14,40.39,122.65,0.496,2,9,40.12,27.73,0.504,14,40.39,43.13,0.496,2,9,16.96,28.3,0.328,14,17.23,43.7,0.672,2,9,6.77,47.26,0.328,14,7.04,62.66,0.672,2,9,-8.76,38.07,0.328,14,-8.49,53.47,0.672,2,9,-13.7,24.73,0.328,14,-13.43,40.13,0.672,2,9,-20.86,18.31,0.328,14,-20.59,33.71,0.672,2,9,-21.11,12.13,0.328,14,-20.84,27.54,0.672,2,9,-28.02,10.9,0.328,14,-27.76,26.3,0.672,2,4,-0.41,71.04,0.776,14,-37.14,11.48,0.224,2,4,3.79,70.3,0.776,14,-41.34,12.22,0.224,2,4,13.67,78.33,0.856,14,-51.22,4.19,0.144,2,4,51.5,78.33,0.76,33,35.48,-64.17,0.24,2,4,80.28,66.01,0.736,33,6.7,-51.86,0.264,3,4,88.46,46.01,0.2448,30,4.68,-58.39,0.3552,33,-1.48,-31.86,0.4,3,4,99.67,31.47,0.0768,30,-6.53,-43.85,0.5232,33,-12.69,-17.31,0.4,2,30,-18.91,-24.15,0.6,33,-25.08,2.38,0.4,2,30,-18.91,4.63,0.6,33,-25.08,31.17,0.4,3,4,99.98,-31.25,0.0336,30,-6.83,18.87,0.5664,33,-13,45.41,0.4,3,4,90.28,-45.49,0.0768,30,2.87,33.12,0.5232,33,-3.3,59.65,0.4,3,4,82.7,-66.4,0.2448,30,10.44,54.02,0.3552,33,4.27,80.56,0.4,2,4,52.1,-78.67,0.736,33,34.88,92.83,0.264,2,4,14.19,-78.67,0.856,14,-51.75,161.19,0.144,2,9,3.1,74.19,0.75,14,3.37,89.59,0.25,2,9,3.25,61.17,0.75,14,3.52,76.57,0.25,2,9,27.12,76.2,0.75,14,27.39,91.61,0.25,2,9,26.97,58.69,0.75,14,27.24,74.09,0.25,2,9,-22.69,42.1,0.896,14,-22.42,57.51,0.104,2,9,-8.15,56.64,0.864,14,-7.89,72.04,0.136,2,9,-21.77,90.86,0.896,14,-21.5,106.27,0.104,2,9,-7.97,75.59,0.864,14,-7.7,90.99,0.136,2,9,-33.18,97.85,0.832,14,-32.91,113.26,0.168,2,9,-59.67,95.83,0.74773,4,21.85,-28.71,0.25227,2,9,-34.28,36.58,0.832,14,-34.01,51.99,0.168,2,9,-59.6,39.22,0.74773,4,21.78,27.89,0.25227],"hull":32}},"jaw":{"23_x220/jaw":{"x":2.97,"y":1.23,"width":50,"height":45}},"jaw2":{"23_x220/jaw":{"x":2.97,"y":32.47,"scaleY":-1,"width":50,"height":45}},"shadow":{"23_x220/shadow":{"type":"mesh","uvs":[0.57735,0.05334,0.65035,0.11198,0.73264,0.21322,0.99999,0.3016,1,0.79112,0.68852,0.82735,0.62322,0.89935,0.55287,0.96848,0.4954,1,0.4349,1,0.47725,0.8563,0.53927,0.77674,0.6028,0.75848,0.44095,0.68152,0.25568,0.57395,0.17943,0.78953,0.09698,0.88586,0,0.88586,0,0.13513,0.10053,0.13972,0.19096,0.25133,0.25213,0.43481,0.43831,0.34001,0.62803,0.26356,0.56746,0.23474,0.48652,0.14718,0.42835,0,0.51935,0],"triangles":[2,23,1,12,13,23,23,3,12,3,23,2,4,12,3,4,5,12,6,12,5,8,9,10,7,8,10,10,11,6,7,10,6,11,12,6,25,26,27,25,27,0,1,24,25,1,25,0,23,24,1,21,18,20,20,18,19,21,17,18,14,15,17,16,17,15,14,21,22,14,17,21,13,22,23,14,22,13],"vertices":[2,48,15.62,-9.32,0.5,49,-6.41,-9.32,0.5,2,45,18.55,-10.84,0.5,48,-3.48,-10.84,0.5,1,44,-47.79,36.19,1,1,44,15.83,23.99,1,1,44,15.84,-43.56,1,1,44,-58.29,-48.56,1,2,46,13.64,11.85,0.5,50,-4.85,11.85,0.5,2,50,14.4,10.96,0.5,51,-4.09,10.96,0.5,1,51,9.79,7.33,1,1,51,21.96,-0.36,1,2,50,21.34,-11.74,0.5,51,2.85,-11.74,0.5,2,46,21.49,-13.13,0.5,50,3,-13.13,0.5,1,44,-78.7,-39.06,1,3,47,41.95,23.87,0.69733,52,-3.76,23.87,0.25188,46,34.25,-36.74,0.05079,2,52,39.99,8.03,0.82915,53,-5.73,8.03,0.17085,1,53,13.09,37.36,1,1,53,33.01,50.2,1,1,53,56.09,49.68,1,1,53,53.73,-53.9,1,1,53,29.83,-52.72,1,2,52,54.37,-36.83,0.01774,53,8.66,-36.83,0.98226,2,52,40.39,-11.19,0.70706,53,-5.32,-11.19,0.29294,3,47,41.51,-23.26,0.68954,52,-4.2,-23.26,0.29553,45,46.96,41.41,0.01492,1,44,-72.69,29.24,1,2,45,27.37,13.62,0.5,48,5.34,13.62,0.5,2,48,28.05,12.6,0.5,49,6.02,12.6,0.5,1,49,28.07,1.74,1,1,49,9.23,-8.93,1],"hull":28}},"wing":{"23_x220/wing":{"type":"mesh","uvs":[1,0.23949,0.87746,0.36145,0.78474,0.44453,0.6733,0.54439,0.58574,0.63998,0.4806,0.75477,0.38633,0.83354,0.27263,0.92857,0.17096,0.96255,0.05894,1,0,1,0,0.90417,0.04702,0.79841,0.08312,0.71721,0.11427,0.64715,0.14098,0.58707,0.19689,0.50794,0.23963,0.44744,0.29367,0.37095,0.34132,0.30352,0.41847,0.26535,0.47007,0.23983,0.58172,0.1846,0.69433,0.11129,0.78778,0.05045,0.84693,0,1,0],"triangles":[8,9,11,9,10,11,7,8,12,8,11,12,12,13,7,7,13,6,13,14,6,6,14,15,5,6,15,15,16,5,16,17,5,5,17,4,17,18,4,4,18,20,18,19,20,4,20,3,3,20,21,21,22,3,3,22,2,2,22,1,1,22,23,23,24,1,1,24,0,24,25,0,25,26,0],"vertices":[2,22,21.05,-12.15,0.71939,23,-21.01,19.14,0.28061,3,22,1.08,-24.6,0.41484,23,2.51,19.73,0.5064,24,-35.95,19.73,0.07876,3,22,-14.04,-33.07,0.08151,23,19.83,19.37,0.66629,24,-18.63,19.37,0.2522,4,22,-32.2,-43.25,0.02878,23,40.66,18.94,0.47293,24,2.19,18.94,0.42092,25,-36.27,18.94,0.07737,3,23,57.9,20.1,0.24714,24,19.44,20.1,0.50523,25,-19.02,20.1,0.24763,4,23,78.61,21.5,0.08724,24,40.15,21.5,0.42094,25,1.69,21.5,0.39945,26,-36.77,21.5,0.09236,3,24,57.47,20.64,0.25222,25,19,20.64,0.45164,26,-19.46,20.64,0.29614,3,24,78.36,19.59,0.08915,25,39.89,19.59,0.34929,26,1.43,19.59,0.56155,2,25,55.94,14.17,0.19748,26,17.47,14.17,0.80252,2,25,73.61,8.2,0.06792,26,35.15,8.2,0.93208,1,26,43.43,3.33,1,2,25,76.93,-5.09,0.07738,26,38.47,-5.09,0.92262,2,25,64.86,-10.5,0.15163,26,26.39,-10.5,0.84837,2,25,55.58,-14.66,0.20863,26,17.12,-14.66,0.79137,4,23,124.51,-18.24,0.00005,24,86.04,-18.24,0.04696,25,47.58,-18.24,0.28587,26,9.12,-18.24,0.66713,4,23,117.65,-21.31,0.00009,24,79.18,-21.31,0.08721,25,40.72,-21.31,0.35209,26,2.26,-21.31,0.56061,4,23,105.7,-23.65,0.00019,24,67.24,-23.65,0.18758,25,28.77,-23.65,0.39668,26,-9.69,-23.65,0.41555,4,23,96.56,-25.43,0.00027,24,58.1,-25.43,0.26431,25,19.64,-25.43,0.43076,26,-18.82,-25.43,0.30466,4,23,85.02,-27.69,0.06502,24,46.55,-27.69,0.3382,25,8.09,-27.69,0.39953,26,-30.37,-27.69,0.19725,4,23,74.83,-29.68,0.1221,24,36.37,-29.68,0.40334,25,-2.09,-29.68,0.37199,26,-40.55,-29.68,0.10257,4,23,62.02,-26.66,0.25827,24,23.56,-26.66,0.41461,25,-14.9,-26.66,0.28602,26,-53.36,-26.66,0.0411,3,23,53.45,-24.64,0.34933,24,14.99,-24.64,0.42214,25,-23.47,-24.64,0.22853,4,22,-47.13,-6.56,0.06314,23,34.91,-20.26,0.57126,24,-3.55,-20.26,0.29312,25,-42.01,-20.26,0.07248,3,22,-28.77,0.92,0.1787,23,15.3,-17.4,0.66721,24,-23.16,-17.4,0.15409,3,22,-13.54,7.13,0.51203,23,-0.98,-15.02,0.43989,24,-39.44,-15.02,0.04808,2,22,-3.9,12.27,0.78222,23,-11.9,-14.57,0.21778,1,22,21.05,12.27,1],"hull":27}},"wing2":{"23_x220/wing":{"type":"mesh","uvs":[1,0.23949,0.87746,0.36145,0.78474,0.44453,0.6733,0.54439,0.58574,0.63998,0.4806,0.75477,0.38633,0.83354,0.27263,0.92857,0.17096,0.96255,0.05894,1,0,1,0,0.90417,0.04702,0.79841,0.08312,0.71721,0.11427,0.64715,0.14098,0.58707,0.19689,0.50794,0.23963,0.44744,0.29367,0.37095,0.34132,0.30352,0.41847,0.26535,0.47007,0.23983,0.58172,0.1846,0.69433,0.11129,0.78778,0.05045,0.84693,0,1,0],"triangles":[8,9,11,9,10,11,7,8,12,8,11,12,12,13,7,7,13,6,13,14,6,6,14,15,5,6,15,15,16,5,16,17,5,5,17,4,17,18,4,4,18,20,18,19,20,4,20,3,3,20,21,21,22,3,3,22,2,2,22,1,1,22,23,23,24,1,1,24,0,24,25,0,25,26,0],"vertices":[2,39,21.05,-12.15,0.71939,40,-21.01,19.14,0.28061,3,39,1.08,-24.6,0.41484,40,2.51,19.73,0.5064,41,-35.95,19.73,0.07876,3,39,-14.04,-33.07,0.08151,40,19.83,19.37,0.66629,41,-18.63,19.37,0.2522,4,39,-32.2,-43.25,0.02878,40,40.66,18.94,0.47293,41,2.19,18.94,0.42092,42,-36.27,18.94,0.07737,3,40,57.9,20.1,0.24714,41,19.44,20.1,0.50523,42,-19.02,20.1,0.24763,4,40,78.61,21.5,0.08724,41,40.15,21.5,0.42094,42,1.69,21.5,0.39945,43,-36.77,21.5,0.09236,3,41,57.47,20.64,0.25222,42,19,20.64,0.45164,43,-19.46,20.64,0.29614,3,41,78.36,19.59,0.08915,42,39.89,19.59,0.34929,43,1.43,19.59,0.56155,2,42,55.94,14.17,0.19748,43,17.47,14.17,0.80252,2,42,73.61,8.2,0.06792,43,35.15,8.2,0.93208,1,43,43.43,3.33,1,2,42,76.93,-5.09,0.07738,43,38.47,-5.09,0.92262,2,42,64.86,-10.5,0.15163,43,26.39,-10.5,0.84837,2,42,55.58,-14.66,0.20863,43,17.12,-14.66,0.79137,4,40,124.51,-18.24,0.00005,41,86.04,-18.24,0.04696,42,47.58,-18.24,0.28587,43,9.12,-18.24,0.66713,4,40,117.65,-21.31,0.00009,41,79.18,-21.31,0.08721,42,40.72,-21.31,0.35209,43,2.26,-21.31,0.56061,4,40,105.7,-23.65,0.00019,41,67.24,-23.65,0.18758,42,28.77,-23.65,0.39668,43,-9.69,-23.65,0.41555,4,40,96.56,-25.43,0.00027,41,58.1,-25.43,0.26431,42,19.64,-25.43,0.43076,43,-18.82,-25.43,0.30466,4,40,85.02,-27.69,0.06502,41,46.55,-27.69,0.3382,42,8.09,-27.69,0.39953,43,-30.37,-27.69,0.19725,4,40,74.83,-29.68,0.1221,41,36.37,-29.68,0.40334,42,-2.09,-29.68,0.37199,43,-40.55,-29.68,0.10257,4,40,62.02,-26.66,0.25827,41,23.56,-26.66,0.41461,42,-14.9,-26.66,0.28602,43,-53.36,-26.66,0.0411,3,40,53.45,-24.64,0.34933,41,14.99,-24.64,0.42214,42,-23.47,-24.64,0.22853,4,39,-47.13,-6.56,0.06314,40,34.91,-20.26,0.57126,41,-3.55,-20.26,0.29312,42,-42.01,-20.26,0.07248,3,39,-28.77,0.92,0.1787,40,15.3,-17.4,0.66721,41,-23.16,-17.4,0.15409,3,39,-13.54,7.13,0.51203,40,-0.98,-15.02,0.43989,41,-39.44,-15.02,0.04808,2,39,-3.9,12.27,0.78222,40,-11.9,-14.57,0.21778,1,39,21.05,12.27,1],"hull":27}}}},"animations":{"animation":{"bones":{"bone12":{"translate":[{"time":0,"x":20,"y":0,"curve":[0.25,0,0.75,1]},{"time":1.6667,"x":0,"y":0,"curve":[0.25,0,0.75,1]},{"time":2.6667,"x":20,"y":0}]},"wing2":{"rotate":[{"time":0,"angle":-28.88,"curve":[0.25,0,0.75,1]},{"time":1.6667,"angle":17.8,"curve":[0.25,0,0.75,1]},{"time":2.6667,"angle":-28.88}]},"wing3":{"rotate":[{"time":0,"angle":-9.23,"curve":[0.371,0.62,0.71,1]},{"time":0.1667,"angle":-10.92,"curve":[0.25,0,0.75,1]},{"time":1.8333,"angle":6.58,"curve":[0.243,0,0.689,0.75]},{"time":2.6667,"angle":-9.23}]},"wing4":{"rotate":[{"time":0,"angle":2.7,"curve":[0.382,0.57,0.735,1]},{"time":0.3333,"angle":-5,"curve":[0.25,0,0.75,1]},{"time":2,"angle":22.13,"curve":[0.243,0,0.649,0.6]},{"time":2.6667,"angle":2.7}]},"wing5":{"rotate":[{"time":0,"angle":9.58,"curve":[0.375,0.5,0.75,1]},{"time":0.5,"angle":-11.27,"curve":[0.25,0,0.75,1]},{"time":2.1667,"angle":30.43,"curve":[0.25,0,0.625,0.5]},{"time":2.6667,"angle":9.58}]},"jaw":{"translate":[{"time":0,"x":-6.12,"y":0,"curve":[0.25,0,0.75,1]},{"time":1.3333,"x":4.9,"y":0,"curve":[0.25,0,0.75,1]},{"time":2.6667,"x":-6.12,"y":0}]},"bone18":{"translate":[{"time":0,"x":0,"y":-1.89,"curve":[0.379,0.6,0.724,1]},{"time":0.1667,"x":0,"y":-5.33,"curve":[0.25,0,0.75,1]},{"time":0.8333,"x":0,"y":13.32,"curve":[0.25,0,0.75,1]},{"time":1.5,"x":0,"y":-5.33,"curve":[0.25,0,0.75,1]},{"time":2.1667,"x":0,"y":13.32,"curve":[0.242,0,0.667,0.67]},{"time":2.6667,"x":0,"y":-1.89}]},"bone19":{"translate":[{"time":0,"x":0,"y":-3.03,"curve":[0.25,0,0.75,1]},{"time":0.6667,"x":0,"y":16.57,"curve":[0.25,0,0.75,1]},{"time":1.3333,"x":0,"y":-3.03,"curve":[0.25,0,0.75,1]},{"time":2,"x":0,"y":16.57,"curve":[0.25,0,0.75,1]},{"time":2.6667,"x":0,"y":-3.03}]},"bone":{"scale":[{"time":0,"x":1,"y":1,"curve":[0.25,0,0.75,1]},{"time":0.6667,"x":0.983,"y":1,"curve":[0.25,0,0.75,1]},{"time":1.3333,"x":1,"y":1,"curve":[0.25,0,0.75,1]},{"time":2,"x":0.983,"y":1,"curve":[0.25,0,0.75,1]},{"time":2.6667,"x":1,"y":1}]},"bone2":{"scale":[{"time":0,"x":1,"y":1,"curve":[0.25,0,0.75,1]},{"time":0.6667,"x":0.983,"y":1,"curve":[0.25,0,0.75,1]},{"time":1.3333,"x":1,"y":1,"curve":[0.25,0,0.75,1]},{"time":2,"x":0.983,"y":1,"curve":[0.25,0,0.75,1]},{"time":2.6667,"x":1,"y":1}]},"bone3":{"scale":[{"time":0,"x":1,"y":1,"curve":[0.25,0,0.75,1]},{"time":0.6667,"x":0.983,"y":1,"curve":[0.25,0,0.75,1]},{"time":1.3333,"x":1,"y":1,"curve":[0.25,0,0.75,1]},{"time":2,"x":0.983,"y":1,"curve":[0.25,0,0.75,1]},{"time":2.6667,"x":1,"y":1}]},"bone6":{"scale":[{"time":0,"x":1,"y":1,"curve":[0.25,0,0.75,1]},{"time":0.6667,"x":0.983,"y":1,"curve":[0.25,0,0.75,1]},{"time":1.3333,"x":1,"y":1,"curve":[0.25,0,0.75,1]},{"time":2,"x":0.983,"y":1,"curve":[0.25,0,0.75,1]},{"time":2.6667,"x":1,"y":1}]},"bone4":{"scale":[{"time":0,"x":1,"y":1,"curve":[0.25,0,0.75,1]},{"time":0.6667,"x":0.846,"y":1,"curve":[0.25,0,0.75,1]},{"time":1.3333,"x":1,"y":1,"curve":[0.25,0,0.75,1]},{"time":2,"x":0.846,"y":1,"curve":[0.25,0,0.75,1]},{"time":2.6667,"x":1,"y":1}]},"bone7":{"scale":[{"time":0,"x":0.987,"y":1,"curve":[0.369,0.63,0.706,1]},{"time":0.1,"x":1,"y":1,"curve":[0.25,0,0.75,1]},{"time":0.7667,"x":0.846,"y":1,"curve":[0.25,0,0.75,1]},{"time":1.4333,"x":1,"y":1,"curve":[0.25,0,0.75,1]},{"time":2.1,"x":0.846,"y":1,"curve":[0.244,0,0.694,0.77]},{"time":2.6667,"x":0.987,"y":1}]},"bone10":{"scale":[{"time":0,"x":0.963,"y":1,"curve":[0.382,0.58,0.731,1]},{"time":0.2,"x":1,"y":1,"curve":[0.25,0,0.75,1]},{"time":0.8667,"x":0.846,"y":1,"curve":[0.25,0,0.75,1]},{"time":1.5333,"x":1,"y":1,"curve":[0.25,0,0.75,1]},{"time":2.2,"x":0.846,"y":1,"curve":[0.243,0,0.655,0.63]},{"time":2.6667,"x":0.963,"y":1}]},"bone8":{"scale":[{"time":0,"x":0.962,"y":0.988,"curve":[0.379,0.52,0.747,1]},{"time":0.3,"x":1,"y":0.918,"curve":[0.25,0,0.75,1]},{"time":0.9667,"x":0.725,"y":0.858,"curve":[0.25,0,0.75,1]},{"time":1.6333,"x":1,"y":0.918,"curve":[0.25,0,0.75,1]},{"time":2.3,"x":0.912,"y":1.078,"curve":[0.247,0,0.63,0.53]},{"time":2.6667,"x":0.962,"y":0.988}]},"bone9":{"scale":[{"time":0,"x":0.956,"y":0.998,"curve":[0.375,0.5,0.75,1]},{"time":0.3333,"x":1,"y":0.918,"curve":[0.25,0,0.75,1]},{"time":1,"x":0.725,"y":0.858,"curve":[0.25,0,0.75,1]},{"time":1.6667,"x":1,"y":0.918,"curve":[0.25,0,0.75,1]},{"time":2.3333,"x":0.912,"y":1.078,"curve":[0.25,0,0.625,0.5]},{"time":2.6667,"x":0.956,"y":0.998}]},"bone13":{"translate":[{"time":0,"x":11.4,"y":0,"curve":[0.375,0.5,0.75,1]},{"time":0.6667,"x":-0.32,"y":0,"curve":[0.25,0,0.75,1]},{"time":2,"x":28.2,"y":0,"curve":[0.25,0,0.625,0.5]},{"time":2.6667,"x":11.4,"y":0}]},"moving":{"translate":[{"time":0,"x":20,"y":0,"curve":[0.25,0,0.75,1]},{"time":1.6667,"x":0,"y":0,"curve":[0.25,0,0.75,1]},{"time":2.6667,"x":20,"y":0}]},"bone17":{"translate":[{"time":0,"x":0,"y":5.46,"curve":[0.375,0.5,0.75,1]},{"time":0.3333,"x":0,"y":0,"curve":[0.25,0,0.75,1]},{"time":1,"x":0,"y":10.92,"curve":[0.25,0,0.75,1]},{"time":1.6667,"x":0,"y":0,"curve":[0.25,0,0.75,1]},{"time":2.3333,"x":0,"y":10.92,"curve":[0.25,0,0.625,0.5]},{"time":2.6667,"x":0,"y":5.46}]},"ear2":{"rotate":[{"time":0,"angle":-12.42,"curve":[0.379,0.6,0.724,1]},{"time":0.3333,"angle":-15.23,"curve":[0.25,0,0.75,1]},{"time":1.6667,"angle":0,"curve":[0.242,0,0.667,0.67]},{"time":2.6667,"angle":-12.42}]},"ear3":{"rotate":[{"time":0,"angle":-10.18,"curve":[0.359,0.43,0.702,0.8]},{"time":0.3333,"angle":-14.27,"curve":[0.364,0.64,0.701,1]},{"time":0.5,"angle":-15.23,"curve":[0.25,0,0.75,1]},{"time":1.8333,"angle":0,"curve":[0.244,0,0.641,0.57]},{"time":2.6667,"angle":-10.18}]},"ear4":{"rotate":[{"time":0,"angle":-7.66,"curve":[0.343,0.36,0.686,0.73]},{"time":0.3333,"angle":-12.42,"curve":[0.379,0.6,0.724,1]},{"time":0.6667,"angle":-15.23,"curve":[0.25,0,0.75,1]},{"time":2,"angle":0,"curve":[0.25,0,0.625,0.5]},{"time":2.6667,"angle":-7.66}]},"ear5":{"rotate":[{"time":0,"angle":-5.13,"curve":[0.329,0.32,0.671,0.68]},{"time":0.3333,"angle":-10.11,"curve":[0.382,0.56,0.74,1]},{"time":0.8333,"angle":-15.23,"curve":[0.25,0,0.75,1]},{"time":2.1667,"angle":0,"curve":[0.26,0,0.618,0.44]},{"time":2.6667,"angle":-5.13}]},"ear10":{"rotate":[{"time":0,"angle":-5.13,"curve":[0.329,0.32,0.671,0.68]},{"time":0.3333,"angle":-10.11,"curve":[0.382,0.56,0.74,1]},{"time":0.8333,"angle":-15.23,"curve":[0.25,0,0.75,1]},{"time":2.1667,"angle":0,"curve":[0.26,0,0.618,0.44]},{"time":2.6667,"angle":-5.13}]},"ear9":{"rotate":[{"time":0,"angle":-7.66,"curve":[0.343,0.36,0.686,0.73]},{"time":0.3333,"angle":-12.42,"curve":[0.379,0.6,0.724,1]},{"time":0.6667,"angle":-15.23,"curve":[0.25,0,0.75,1]},{"time":2,"angle":0,"curve":[0.25,0,0.625,0.5]},{"time":2.6667,"angle":-7.66}]},"ear8":{"rotate":[{"time":0,"angle":-10.18,"curve":[0.359,0.43,0.702,0.8]},{"time":0.3333,"angle":-14.27,"curve":[0.364,0.64,0.701,1]},{"time":0.5,"angle":-15.23,"curve":[0.25,0,0.75,1]},{"time":1.8333,"angle":0,"curve":[0.244,0,0.641,0.57]},{"time":2.6667,"angle":-10.18}]},"ear7":{"rotate":[{"time":0,"angle":-12.42,"curve":[0.379,0.6,0.724,1]},{"time":0.3333,"angle":-15.23,"curve":[0.25,0,0.75,1]},{"time":1.6667,"angle":0,"curve":[0.242,0,0.667,0.67]},{"time":2.6667,"angle":-12.42}]},"wing10":{"rotate":[{"time":0,"angle":9.58,"curve":[0.375,0.5,0.75,1]},{"time":0.5,"angle":-11.27,"curve":[0.25,0,0.75,1]},{"time":2.1667,"angle":30.43,"curve":[0.25,0,0.625,0.5]},{"time":2.6667,"angle":9.58}]},"wing9":{"rotate":[{"time":0,"angle":2.7,"curve":[0.382,0.57,0.735,1]},{"time":0.3333,"angle":-5,"curve":[0.25,0,0.75,1]},{"time":2,"angle":22.13,"curve":[0.243,0,0.649,0.6]},{"time":2.6667,"angle":2.7}]},"wing8":{"rotate":[{"time":0,"angle":-9.23,"curve":[0.371,0.62,0.71,1]},{"time":0.1667,"angle":-10.92,"curve":[0.25,0,0.75,1]},{"time":1.8333,"angle":6.58,"curve":[0.243,0,0.689,0.75]},{"time":2.6667,"angle":-9.23}]},"wing7":{"rotate":[{"time":0,"angle":-28.88,"curve":[0.25,0,0.75,1]},{"time":1.6667,"angle":17.8,"curve":[0.25,0,0.75,1]},{"time":2.6667,"angle":-28.88}]},"shadow4":{"scale":[{"time":0,"x":1,"y":1,"curve":[0.25,0,0.75,1]},{"time":0.6667,"x":0.907,"y":1,"curve":[0.25,0,0.75,1]},{"time":1.3333,"x":1,"y":1,"curve":[0.25,0,0.75,1]},{"time":2,"x":0.907,"y":1,"curve":[0.25,0,0.75,1]},{"time":2.6667,"x":1,"y":1}]},"shadow9":{"scale":[{"time":0,"x":0.988,"y":1,"curve":[0.375,0.62,0.716,1]},{"time":0.1333,"x":1,"y":1,"curve":[0.25,0,0.75,1]},{"time":0.8,"x":0.907,"y":1,"curve":[0.25,0,0.75,1]},{"time":1.4667,"x":1,"y":1,"curve":[0.25,0,0.75,1]},{"time":2.1333,"x":0.907,"y":1,"curve":[0.243,0,0.68,0.71]},{"time":2.6667,"x":0.988,"y":1}]},"shadow10":{"scale":[{"time":0,"x":0.978,"y":1,"curve":[0.382,0.58,0.731,1]},{"time":0.2,"x":1,"y":1,"curve":[0.25,0,0.75,1]},{"time":0.8667,"x":0.907,"y":0.852,"curve":[0.25,0,0.75,1]},{"time":1.5333,"x":1,"y":1,"curve":[0.25,0,0.75,1]},{"time":2.2,"x":0.907,"y":1,"curve":[0.243,0,0.655,0.63]},{"time":2.6667,"x":0.978,"y":1}]},"shadow2":{"rotate":[{"time":0,"angle":16.76,"curve":[0.25,0,0.75,1]},{"time":1.6667,"angle":-11.02,"curve":[0.25,0,0.75,1]},{"time":2.6667,"angle":16.76}]},"shadow5":{"rotate":[{"time":0,"angle":14.08,"curve":[0.371,0.62,0.71,1]},{"time":0.1667,"angle":16.76,"curve":[0.25,0,0.75,1]},{"time":1.8333,"angle":-11.02,"curve":[0.243,0,0.689,0.75]},{"time":2.6667,"angle":14.08}]},"shadow6":{"rotate":[{"time":0,"angle":8.87,"curve":[0.382,0.57,0.735,1]},{"time":0.3333,"angle":16.76,"curve":[0.25,0,0.75,1]},{"time":2,"angle":-11.02,"curve":[0.243,0,0.649,0.6]},{"time":2.6667,"angle":8.87}]},"shadow3":{"rotate":[{"time":0,"angle":-18.73,"curve":[0.25,0,0.75,1]},{"time":1.6667,"angle":9.55,"curve":[0.25,0,0.75,1]},{"time":2.6667,"angle":-18.73}]},"shadow7":{"rotate":[{"time":0,"angle":-16,"curve":[0.371,0.62,0.71,1]},{"time":0.1667,"angle":-18.73,"curve":[0.25,0,0.75,1]},{"time":1.8333,"angle":9.55,"curve":[0.243,0,0.689,0.75]},{"time":2.6667,"angle":-16}]},"shadow8":{"rotate":[{"time":0,"angle":-10.71,"curve":[0.382,0.57,0.735,1]},{"time":0.3333,"angle":-18.73,"curve":[0.25,0,0.75,1]},{"time":2,"angle":9.55,"curve":[0.243,0,0.649,0.6]},{"time":2.6667,"angle":-10.71}]},"shadow":{"translate":[{"time":0,"x":0,"y":0,"curve":[0.25,0,0.75,1]},{"time":1.6667,"x":-4.38,"y":0,"curve":[0.25,0,0.75,1]},{"time":2.6667,"x":0,"y":0}]}}}}},"_atlasText":"\nFish1992.png\nsize: 1024,1024\nformat: RGBA8888\nfilter: Linear,Linear\nrepeat: none\n23_x220/body\n  rotate: false\n  xy: 2, 470\n  size: 179, 126\n  orig: 179, 126\n  offset: 0, 0\n  index: -1\n23_x220/ear\n  rotate: false\n  xy: 618, 596\n  size: 51, 54\n  orig: 52, 54\n  offset: 0, 0\n  index: -1\n23_x220/eye\n  rotate: true\n  xy: 283, 582\n  size: 9, 12\n  orig: 9, 12\n  offset: 0, 0\n  index: -1\n23_x220/fur\n  rotate: true\n  xy: 174, 216\n  size: 84, 103\n  orig: 84, 103\n  offset: 0, 0\n  index: -1\n23_x220/fur1\n  rotate: true\n  xy: 531, 585\n  size: 73, 85\n  orig: 73, 85\n  offset: 0, 0\n  index: -1\n23_x220/head\n  rotate: true\n  xy: 452, 2\n  size: 95, 79\n  orig: 95, 79\n  offset: 0, 0\n  index: -1\n23_x220/jaw\n  rotate: false\n  xy: 717, 581\n  size: 25, 23\n  orig: 25, 23\n  offset: 0, 0\n  index: -1\n23_x220/shadow\n  rotate: false\n  xy: 331, 11\n  size: 119, 69\n  orig: 119, 69\n  offset: 0, 0\n  index: -1\n23_x220/wing\n  rotate: true\n  xy: 512, 235\n  size: 82, 51\n  orig: 82, 51\n  offset: 0, 0\n  index: -1\n","textures":[{"__uuid__":"9by7GcOfRMaIxdhcHI+96q"}],"textureNames":["Fish1992.png"]}