[{"__type__":"cc.Prefab","_name":"NetFX","data":{"__id__":1}},{"__type__":"cc.Node","_name":"MyNet","_level":1,"_components":[{"__id__":2},{"__type__":"119bdJupBdKLYkUdk6fIua/","node":{"__id__":1},"spine":{"__id__":2}}],"_prefab":{"__type__":"cc.PrefabInfo","root":{"__id__":1},"asset":{"__uuid__":"e3IC4iOZRIJo66zk3CffeB"},"fileId":"8eXlOmIF5PjIA3c29n2rgx"},"_contentSize":{"__type__":"cc.Size","width":89.16,"height":89.16}},{"__type__":"sp.Skeleton","node":{"__id__":1},"_materials":[{"__uuid__":"7a/QZLET9IDreTiBfRn2PD"}],"_preCacheMode":0,"_animationName":"NoBang","_N$skeletonData":{"__uuid__":"c4ka8FvS1C2Z6QW0mYCJzH"},"_N$enableBatch":true}]