[{"__type__":"cc.Prefab","_name":"JackpotCellHistory","data":{"__id__":1}},{"__type__":"cc.Node","_name":"Cell","_children":[{"__id__":2},{"__id__":3},{"__id__":4},{"__id__":5}],"_level":1,"_components":[{"__type__":"9a895NS7GFEs40AQMK2na45","node":{"__id__":1},"time":{"__id__":2},"account":{"__id__":3},"bet":{"__id__":4},"winAmount":{"__id__":5},"timeFormat":"DD/MM/YYYY hh:mm:ss","height":40}],"_prefab":{"__type__":"cc.PrefabInfo","root":{"__id__":1},"asset":{"__uuid__":"e3QdxQOilBjZCTR4R7xYRl"},"fileId":"81rFBfbKJDY4eYpE67cWKJ"},"_contentSize":{"__type__":"cc.Size","width":820,"height":33.3333333},"_position":{"__type__":"cc.Vec3","y":-25}},{"__type__":"cc.Node","_name":"Time","_parent":{"__id__":1},"_level":4,"_components":[{"__type__":"cc.Label","node":{"__id__":2},"_materials":[{"__uuid__":"ecpdLyjvZBwrvm+cedCcQy"}],"_fontSize":16.6666667,"_lineHeight":26.6666667,"_N$file":{"__uuid__":"aeo4INsnZHwY0AuyZvwV+w"},"_isSystemFontUsed":false,"_N$horizontalAlign":1,"_N$verticalAlign":1,"_N$overflow":2,"_N$cacheMode":1}],"_prefab":{"__type__":"cc.PrefabInfo","root":{"__id__":1},"asset":{"__uuid__":"e3QdxQOilBjZCTR4R7xYRl"},"fileId":"25ykG2u45MjJAp+SNvbjRk"},"_color":{"__type__":"cc.Color","r":250,"g":242,"b":242},"_contentSize":{"__type__":"cc.Size","width":229,"height":33.3333333},"_position":{"__type__":"cc.Vec3","x":-365}},{"__type__":"cc.Node","_name":"Account","_parent":{"__id__":1},"_level":2,"_components":[{"__type__":"cc.Label","node":{"__id__":3},"_materials":[{"__uuid__":"ecpdLyjvZBwrvm+cedCcQy"}],"_fontSize":16.6666667,"_lineHeight":26.6666667,"_N$file":{"__uuid__":"aeo4INsnZHwY0AuyZvwV+w"},"_isSystemFontUsed":false,"_N$horizontalAlign":1,"_N$verticalAlign":1,"_N$overflow":2,"_N$cacheMode":1}],"_prefab":{"__type__":"cc.PrefabInfo","root":{"__id__":1},"asset":{"__uuid__":"e3QdxQOilBjZCTR4R7xYRl"},"fileId":"80BRcdOP5H1a5BpvS9byrY"},"_contentSize":{"__type__":"cc.Size","width":300,"height":33.3333333},"_position":{"__type__":"cc.Vec3","x":-97.834}},{"__type__":"cc.Node","_name":"Bet","_parent":{"__id__":1},"_level":2,"_components":[{"__type__":"cc.Label","node":{"__id__":4},"_materials":[{"__uuid__":"ecpdLyjvZBwrvm+cedCcQy"}],"_fontSize":16.6666667,"_lineHeight":26.6666667,"_N$file":{"__uuid__":"aeo4INsnZHwY0AuyZvwV+w"},"_isSystemFontUsed":false,"_N$horizontalAlign":2,"_N$verticalAlign":1,"_N$overflow":2,"_N$cacheMode":1}],"_prefab":{"__type__":"cc.PrefabInfo","root":{"__id__":1},"asset":{"__uuid__":"e3QdxQOilBjZCTR4R7xYRl"},"fileId":"bbMFfoULdJo7cGww5fSTdG"},"_contentSize":{"__type__":"cc.Size","width":155,"height":33.3333333},"_anchorPoint":{"__type__":"cc.Vec2","x":1,"y":0.5},"_position":{"__type__":"cc.Vec3","x":216.48}},{"__type__":"cc.Node","_name":"WinAmount","_parent":{"__id__":1},"_level":2,"_components":[{"__type__":"cc.Label","node":{"__id__":5},"_materials":[{"__uuid__":"ecpdLyjvZBwrvm+cedCcQy"}],"_fontSize":16.6666667,"_lineHeight":26.6666667,"_N$file":{"__uuid__":"aeo4INsnZHwY0AuyZvwV+w"},"_isSystemFontUsed":false,"_N$horizontalAlign":2,"_N$verticalAlign":1,"_N$overflow":2,"_N$cacheMode":1}],"_prefab":{"__type__":"cc.PrefabInfo","root":{"__id__":1},"asset":{"__uuid__":"e3QdxQOilBjZCTR4R7xYRl"},"fileId":"b6PaOcacZEO5xjAJOIbvUi"},"_color":{"__type__":"cc.Color","r":255,"g":255},"_contentSize":{"__type__":"cc.Size","width":235,"height":33.3333333},"_anchorPoint":{"__type__":"cc.Vec2","x":1,"y":0.5},"_position":{"__type__":"cc.Vec3","x":459.053}}]