{"__type__":"sp.SkeletonData","_name":"Explosion","skeletonJsonStr":"{\"skeleton\":{\"hash\":\"0Nyioq4EZGGUpVJ2Pt1qT0No/1Q\",\"spine\":\"3.7.94\",\"width\":727.21,\"height\":757.65},\"bones\":[{\"name\":\"root\"},{\"name\":\"Main\",\"parent\":\"root\"},{\"name\":\"Light\",\"parent\":\"Main\"},{\"name\":\"All\",\"parent\":\"Light\"},{\"name\":\"All2\",\"parent\":\"Light\"},{\"name\":\"All3\",\"parent\":\"Light\"},{\"name\":\"bone\",\"parent\":\"Main\"},{\"name\":\"bone2\",\"parent\":\"Main\"},{\"name\":\"bone3\",\"parent\":\"Main\",\"rotation\":159.49},{\"name\":\"fX\",\"parent\":\"Main\",\"scaleX\":2,\"scaleY\":2},{\"name\":\"fX2\",\"parent\":\"Main\",\"scaleX\":2,\"scaleY\":2}],\"slots\":[{\"name\":\"BG_Ca_Phan_Tang4\",\"bone\":\"root\"},{\"name\":\"Fx/FX_C_01\",\"bone\":\"fX\",\"attachment\":\"Fx/FX_C_01\",\"blend\":\"additive\"},{\"name\":\"Fx/FX_C_1\",\"bone\":\"fX2\",\"attachment\":\"Fx/FX_C_01\",\"blend\":\"additive\"},{\"name\":\"1\",\"bone\":\"All\",\"attachment\":\"1\",\"blend\":\"additive\"},{\"name\":\"2\",\"bone\":\"All2\",\"attachment\":\"1\",\"blend\":\"additive\"},{\"name\":\"3\",\"bone\":\"All3\",\"attachment\":\"1\",\"blend\":\"additive\"},{\"name\":\"light\",\"bone\":\"bone\",\"attachment\":\"light\",\"blend\":\"additive\"},{\"name\":\"light2\",\"bone\":\"bone3\",\"attachment\":\"light\",\"blend\":\"additive\"},{\"name\":\"glow1 back\",\"bone\":\"bone2\",\"attachment\":\"glow1 back\",\"blend\":\"additive\"}],\"skins\":{\"default\":{\"1\":{\"1\":{\"rotation\":0.06,\"width\":419,\"height\":420}},\"2\":{\"1\":{\"rotation\":0.06,\"width\":419,\"height\":420}},\"3\":{\"1\":{\"rotation\":0.06,\"width\":419,\"height\":420}},\"Fx/FX_C_01\":{\"Fx/FX_C_01\":{\"width\":124,\"height\":116},\"Fx/FX_C_02\":{\"x\":0.5,\"width\":142,\"height\":134},\"Fx/FX_C_03\":{\"width\":162,\"height\":155},\"Fx/FX_C_04\":{\"y\":0.5,\"width\":179,\"height\":166},\"Fx/FX_C_05\":{\"x\":0.5,\"y\":0.5,\"width\":197,\"height\":178},\"Fx/FX_C_06\":{\"width\":208,\"height\":186},\"Fx/FX_C_07\":{\"y\":0.5,\"width\":215,\"height\":192}},\"Fx/FX_C_1\":{\"Fx/FX_C_01\":{\"width\":124,\"height\":116},\"Fx/FX_C_02\":{\"x\":0.5,\"width\":142,\"height\":134},\"Fx/FX_C_03\":{\"width\":162,\"height\":155},\"Fx/FX_C_04\":{\"y\":0.5,\"width\":179,\"height\":166},\"Fx/FX_C_05\":{\"x\":0.5,\"y\":0.5,\"width\":197,\"height\":178},\"Fx/FX_C_06\":{\"width\":208,\"height\":186},\"Fx/FX_C_07\":{\"y\":0.5,\"width\":215,\"height\":192}},\"glow1 back\":{\"glow1 back\":{\"width\":168,\"height\":168}},\"light\":{\"light\":{\"scaleX\":1.602,\"scaleY\":1.602,\"width\":454,\"height\":473}},\"light2\":{\"light\":{\"width\":454,\"height\":473}}}},\"animations\":{\"animation\":{\"slots\":{\"1\":{\"color\":[{\"time\":0,\"color\":\"ffffff00\",\"curve\":[0.25,0,0.75,1]},{\"time\":0.3515,\"color\":\"ffffffff\",\"curve\":[0.25,0,0.75,1]},{\"time\":0.7031,\"color\":\"ffffff00\"}]},\"2\":{\"color\":[{\"time\":0,\"color\":\"ffffff00\",\"curve\":\"stepped\"},{\"time\":0.1004,\"color\":\"ffffff00\",\"curve\":[0.25,0,0.75,1]},{\"time\":0.452,\"color\":\"ffffffff\",\"curve\":[0.25,0,0.75,1]},{\"time\":0.8537,\"color\":\"ffffff00\"}]},\"3\":{\"color\":[{\"time\":0,\"color\":\"ffffff00\",\"curve\":\"stepped\"},{\"time\":0.1507,\"color\":\"ffffff00\",\"curve\":[0.25,0,0.75,1]},{\"time\":0.6026,\"color\":\"ffffffff\",\"curve\":[0.25,0,0.75,1]},{\"time\":1,\"color\":\"ffffff00\"}]},\"Fx/FX_C_01\":{\"color\":[{\"time\":0.5667,\"color\":\"ffffff00\",\"curve\":[0.25,0,0.75,1]},{\"time\":0.7333,\"color\":\"ffffffff\",\"curve\":\"stepped\"},{\"time\":0.9,\"color\":\"ffffffff\",\"curve\":[0.25,0,0.75,1]},{\"time\":1.1667,\"color\":\"ffffff00\"}],\"attachment\":[{\"time\":0,\"name\":null},{\"time\":0.6333,\"name\":\"Fx/FX_C_01\"},{\"time\":0.7,\"name\":\"Fx/FX_C_02\"},{\"time\":0.7667,\"name\":\"Fx/FX_C_03\"},{\"time\":0.8333,\"name\":\"Fx/FX_C_04\"},{\"time\":0.9,\"name\":\"Fx/FX_C_05\"},{\"time\":0.9667,\"name\":\"Fx/FX_C_06\"},{\"time\":1.0333,\"name\":\"Fx/FX_C_07\"}]},\"Fx/FX_C_1\":{\"color\":[{\"time\":0.4667,\"color\":\"ffffff00\",\"curve\":[0.25,0,0.75,1]},{\"time\":0.6333,\"color\":\"ffffffff\",\"curve\":\"stepped\"},{\"time\":0.8,\"color\":\"ffffffff\",\"curve\":[0.25,0,0.75,1]},{\"time\":1.0667,\"color\":\"ffffff00\"}],\"attachment\":[{\"time\":0,\"name\":null},{\"time\":0.5333,\"name\":\"Fx/FX_C_01\"},{\"time\":0.6,\"name\":\"Fx/FX_C_02\"},{\"time\":0.6667,\"name\":\"Fx/FX_C_03\"},{\"time\":0.7333,\"name\":\"Fx/FX_C_04\"},{\"time\":0.8,\"name\":\"Fx/FX_C_05\"},{\"time\":0.8667,\"name\":\"Fx/FX_C_06\"},{\"time\":0.9333,\"name\":\"Fx/FX_C_07\"}]},\"glow1 back\":{\"color\":[{\"time\":0,\"color\":\"ffffff00\",\"curve\":[0.25,0,0.75,1]},{\"time\":0.3013,\"color\":\"ffffffff\",\"curve\":[0.25,0,0.75,1]},{\"time\":0.6667,\"color\":\"ffffff00\"}]},\"light\":{\"color\":[{\"time\":0.3515,\"color\":\"ffffffff\",\"curve\":[0.25,0,0.75,1]},{\"time\":1.0333,\"color\":\"ffffff00\"}]},\"light2\":{\"color\":[{\"time\":0.2,\"color\":\"ffffffff\",\"curve\":[0,0.42,0.75,1]},{\"time\":0.8,\"color\":\"ffffff00\"}]}},\"bones\":{\"All\":{\"scale\":[{\"time\":0,\"x\":0,\"y\":0,\"curve\":[0.308,0.63,0.75,1]},{\"time\":0.7031,\"x\":3.5,\"y\":3.5}]},\"All2\":{\"scale\":[{\"time\":0,\"x\":1,\"y\":1,\"curve\":[0.25,0,0.75,1]},{\"time\":0.1004,\"x\":0,\"y\":0,\"curve\":[0,0.11,0.75,1]},{\"time\":0.8537,\"x\":3.5,\"y\":3.5}]},\"All3\":{\"scale\":[{\"time\":0,\"x\":1,\"y\":1,\"curve\":[0.25,0,0.75,1]},{\"time\":0.1507,\"x\":0,\"y\":0,\"curve\":[0,0.39,0.75,1]},{\"time\":1,\"x\":4,\"y\":4}]},\"bone\":{\"scale\":[{\"time\":0,\"x\":0,\"y\":0,\"curve\":[0.246,0.42,0.314,0.8]},{\"time\":1.0333,\"x\":3,\"y\":3}]},\"bone2\":{\"scale\":[{\"time\":0,\"x\":1,\"y\":1,\"curve\":[0,0.68,0.75,1]},{\"time\":0.6667,\"x\":10,\"y\":10}]},\"bone3\":{\"scale\":[{\"time\":0,\"x\":0,\"y\":0,\"curve\":[0.234,0.46,0.373,0.99]},{\"time\":0.8,\"x\":5.369,\"y\":5.369}]},\"fX\":{\"scale\":[{\"time\":0.5667,\"x\":4.857,\"y\":4.857}]},\"fX2\":{\"rotate\":[{\"time\":0.4667,\"angle\":1.91}],\"scale\":[{\"time\":0.4667,\"x\":2.185,\"y\":2.185}]}}}}}","_skeletonJson":{"skeleton":{"hash":"0Nyioq4EZGGUpVJ2Pt1qT0No/1Q","spine":"3.7.94","width":727.21,"height":757.65},"bones":[{"name":"root"},{"name":"Main","parent":"root"},{"name":"Light","parent":"Main"},{"name":"All","parent":"Light"},{"name":"All2","parent":"Light"},{"name":"All3","parent":"Light"},{"name":"bone","parent":"Main"},{"name":"bone2","parent":"Main"},{"name":"bone3","parent":"Main","rotation":159.49},{"name":"fX","parent":"Main","scaleX":2,"scaleY":2},{"name":"fX2","parent":"Main","scaleX":2,"scaleY":2}],"slots":[{"name":"BG_Ca_Phan_Tang4","bone":"root"},{"name":"Fx/FX_C_01","bone":"fX","attachment":"Fx/FX_C_01","blend":"additive"},{"name":"Fx/FX_C_1","bone":"fX2","attachment":"Fx/FX_C_01","blend":"additive"},{"name":"1","bone":"All","attachment":"1","blend":"additive"},{"name":"2","bone":"All2","attachment":"1","blend":"additive"},{"name":"3","bone":"All3","attachment":"1","blend":"additive"},{"name":"light","bone":"bone","attachment":"light","blend":"additive"},{"name":"light2","bone":"bone3","attachment":"light","blend":"additive"},{"name":"glow1 back","bone":"bone2","attachment":"glow1 back","blend":"additive"}],"skins":{"default":{"1":{"1":{"rotation":0.06,"width":419,"height":420}},"2":{"1":{"rotation":0.06,"width":419,"height":420}},"3":{"1":{"rotation":0.06,"width":419,"height":420}},"Fx/FX_C_01":{"Fx/FX_C_01":{"width":124,"height":116},"Fx/FX_C_02":{"x":0.5,"width":142,"height":134},"Fx/FX_C_03":{"width":162,"height":155},"Fx/FX_C_04":{"y":0.5,"width":179,"height":166},"Fx/FX_C_05":{"x":0.5,"y":0.5,"width":197,"height":178},"Fx/FX_C_06":{"width":208,"height":186},"Fx/FX_C_07":{"y":0.5,"width":215,"height":192}},"Fx/FX_C_1":{"Fx/FX_C_01":{"width":124,"height":116},"Fx/FX_C_02":{"x":0.5,"width":142,"height":134},"Fx/FX_C_03":{"width":162,"height":155},"Fx/FX_C_04":{"y":0.5,"width":179,"height":166},"Fx/FX_C_05":{"x":0.5,"y":0.5,"width":197,"height":178},"Fx/FX_C_06":{"width":208,"height":186},"Fx/FX_C_07":{"y":0.5,"width":215,"height":192}},"glow1 back":{"glow1 back":{"width":168,"height":168}},"light":{"light":{"scaleX":1.602,"scaleY":1.602,"width":454,"height":473}},"light2":{"light":{"width":454,"height":473}}}},"animations":{"animation":{"slots":{"1":{"color":[{"time":0,"color":"ffffff00","curve":[0.25,0,0.75,1]},{"time":0.3515,"color":"ffffffff","curve":[0.25,0,0.75,1]},{"time":0.7031,"color":"ffffff00"}]},"2":{"color":[{"time":0,"color":"ffffff00","curve":"stepped"},{"time":0.1004,"color":"ffffff00","curve":[0.25,0,0.75,1]},{"time":0.452,"color":"ffffffff","curve":[0.25,0,0.75,1]},{"time":0.8537,"color":"ffffff00"}]},"3":{"color":[{"time":0,"color":"ffffff00","curve":"stepped"},{"time":0.1507,"color":"ffffff00","curve":[0.25,0,0.75,1]},{"time":0.6026,"color":"ffffffff","curve":[0.25,0,0.75,1]},{"time":1,"color":"ffffff00"}]},"Fx/FX_C_01":{"color":[{"time":0.5667,"color":"ffffff00","curve":[0.25,0,0.75,1]},{"time":0.7333,"color":"ffffffff","curve":"stepped"},{"time":0.9,"color":"ffffffff","curve":[0.25,0,0.75,1]},{"time":1.1667,"color":"ffffff00"}],"attachment":[{"time":0,"name":null},{"time":0.6333,"name":"Fx/FX_C_01"},{"time":0.7,"name":"Fx/FX_C_02"},{"time":0.7667,"name":"Fx/FX_C_03"},{"time":0.8333,"name":"Fx/FX_C_04"},{"time":0.9,"name":"Fx/FX_C_05"},{"time":0.9667,"name":"Fx/FX_C_06"},{"time":1.0333,"name":"Fx/FX_C_07"}]},"Fx/FX_C_1":{"color":[{"time":0.4667,"color":"ffffff00","curve":[0.25,0,0.75,1]},{"time":0.6333,"color":"ffffffff","curve":"stepped"},{"time":0.8,"color":"ffffffff","curve":[0.25,0,0.75,1]},{"time":1.0667,"color":"ffffff00"}],"attachment":[{"time":0,"name":null},{"time":0.5333,"name":"Fx/FX_C_01"},{"time":0.6,"name":"Fx/FX_C_02"},{"time":0.6667,"name":"Fx/FX_C_03"},{"time":0.7333,"name":"Fx/FX_C_04"},{"time":0.8,"name":"Fx/FX_C_05"},{"time":0.8667,"name":"Fx/FX_C_06"},{"time":0.9333,"name":"Fx/FX_C_07"}]},"glow1 back":{"color":[{"time":0,"color":"ffffff00","curve":[0.25,0,0.75,1]},{"time":0.3013,"color":"ffffffff","curve":[0.25,0,0.75,1]},{"time":0.6667,"color":"ffffff00"}]},"light":{"color":[{"time":0.3515,"color":"ffffffff","curve":[0.25,0,0.75,1]},{"time":1.0333,"color":"ffffff00"}]},"light2":{"color":[{"time":0.2,"color":"ffffffff","curve":[0,0.42,0.75,1]},{"time":0.8,"color":"ffffff00"}]}},"bones":{"All":{"scale":[{"time":0,"x":0,"y":0,"curve":[0.308,0.63,0.75,1]},{"time":0.7031,"x":3.5,"y":3.5}]},"All2":{"scale":[{"time":0,"x":1,"y":1,"curve":[0.25,0,0.75,1]},{"time":0.1004,"x":0,"y":0,"curve":[0,0.11,0.75,1]},{"time":0.8537,"x":3.5,"y":3.5}]},"All3":{"scale":[{"time":0,"x":1,"y":1,"curve":[0.25,0,0.75,1]},{"time":0.1507,"x":0,"y":0,"curve":[0,0.39,0.75,1]},{"time":1,"x":4,"y":4}]},"bone":{"scale":[{"time":0,"x":0,"y":0,"curve":[0.246,0.42,0.314,0.8]},{"time":1.0333,"x":3,"y":3}]},"bone2":{"scale":[{"time":0,"x":1,"y":1,"curve":[0,0.68,0.75,1]},{"time":0.6667,"x":10,"y":10}]},"bone3":{"scale":[{"time":0,"x":0,"y":0,"curve":[0.234,0.46,0.373,0.99]},{"time":0.8,"x":5.369,"y":5.369}]},"fX":{"scale":[{"time":0.5667,"x":4.857,"y":4.857}]},"fX2":{"rotate":[{"time":0.4667,"angle":1.91}],"scale":[{"time":0.4667,"x":2.185,"y":2.185}]}}}}},"_atlasText":"\nExplosion.png\nsize: 857,768\nformat: RGBA8888\nfilter: Linear,Linear\nrepeat: none\n1\n  rotate: false\n  xy: 436, 346\n  size: 419, 420\n  orig: 419, 420\n  offset: 0, 0\n  index: -1\nFx/FX_C_01\n  rotate: true\n  xy: 146, 16\n  size: 123, 116\n  orig: 124, 116\n  offset: 0, 0\n  index: -1\nFx/FX_C_02\n  rotate: false\n  xy: 2, 5\n  size: 142, 134\n  orig: 142, 134\n  offset: 0, 0\n  index: -1\nFx/FX_C_03\n  rotate: true\n  xy: 427, 2\n  size: 162, 155\n  orig: 162, 155\n  offset: 0, 0\n  index: -1\nFx/FX_C_04\n  rotate: false\n  xy: 635, 178\n  size: 178, 166\n  orig: 179, 166\n  offset: 0, 0\n  index: -1\nFx/FX_C_05\n  rotate: false\n  xy: 436, 166\n  size: 197, 178\n  orig: 197, 178\n  offset: 0, 0\n  index: -1\nFx/FX_C_06\n  rotate: false\n  xy: 218, 146\n  size: 207, 186\n  orig: 208, 186\n  offset: 1, 0\n  index: -1\nFx/FX_C_07\n  rotate: false\n  xy: 2, 141\n  size: 214, 191\n  orig: 215, 192\n  offset: 0, 0\n  index: -1\nglow1 back\n  rotate: false\n  xy: 635, 8\n  size: 168, 168\n  orig: 168, 168\n  offset: 0, 0\n  index: -1\nlight\n  rotate: false\n  xy: 2, 334\n  size: 432, 432\n  orig: 454, 473\n  offset: 22, 34\n  index: -1\n","textures":[{"__uuid__":"d82xjMu21LmLZ3nmJ5lr7U"}],"textureNames":["Explosion.png"]}