[{"__type__":"cc.SceneAsset","_name":"ktf1999Lobby","scene":{"__id__":1},"asyncLoadAssets":null},{"__type__":"cc.Scene","_name":"New Node","_children":[{"__id__":2}],"_active":false,"_anchorPoint":{"__type__":"cc.Vec2"},"autoReleaseAssets":false},{"__type__":"cc.Node","_name":"Canvas","_parent":{"__id__":1},"_children":[{"__id__":3},{"__id__":4}],"_level":1,"_components":[{"__id__":26},{"__type__":"cc.Widget","node":{"__id__":2},"_alignFlags":45,"_originalWidth":1280,"_originalHeight":720}],"_contentSize":{"__type__":"cc.Size","width":1280,"height":720},"_position":{"__type__":"cc.Vec3","x":640,"y":360},"_id":"b2c2VOVEdEmpdx/ttRu/N2"},{"__type__":"cc.Node","_name":"Main Camera","_parent":{"__id__":2},"_level":1,"_components":[{"__type__":"cc.Camera","node":{"__id__":3},"_clearFlags":7,"_depth":-1}],"_position":{"__type__":"cc.Vec3","z":475.44794667765683}},{"__type__":"cc.Node","_name":"LobbyLayer","_parent":{"__id__":2},"_children":[{"__id__":5},{"__id__":6},{"__id__":8},{"__id__":9},{"__id__":11},{"__id__":12},{"__id__":13},{"__id__":14},{"__id__":15},{"__id__":16},{"__id__":17},{"__id__":18},{"__id__":20},{"__id__":22},{"__id__":24}],"_level":1,"_components":[{"__type__":"d4501VAAS9Ma6CRjTpXI/D3","node":{"__id__":4},"canvas":{"__id__":26}},{"__type__":"cf7b7utD2NIDpXH/hy4IWhH","node":{"__id__":4},"btnBack":{"__id__":13},"txtJackpot":{"__id__":17},"txtUserName":{"__id__":21},"txtWallet":{"__id__":19},"avatarSprite":{"__id__":7},"avatarAtlas":{"__uuid__":"2bGFKVaE9J87DXQKf4YtCo"}},{"__type__":"cc.Mask","node":{"__id__":4},"_materials":[{"__uuid__":"ecpdLyjvZBwrvm+cedCcQy"}]}],"_contentSize":{"__type__":"cc.Size","width":1280,"height":720},"_position":{"__type__":"cc.Vec3","z":333.41978}},{"__type__":"cc.Node","_name":"Background","_parent":{"__id__":4},"_level":4,"_components":[{"__type__":"cc.Sprite","node":{"__id__":5},"_materials":[{"__uuid__":"ecpdLyjvZBwrvm+cedCcQy"}],"_spriteFrame":{"__uuid__":"3fHH3c5dhKpZzICXU6ppVc"},"_sizeMode":0}],"_contentSize":{"__type__":"cc.Size","width":1604,"height":903}},{"__type__":"cc.Node","_name":"Avatar","_parent":{"__id__":4},"_level":2,"_components":[{"__id__":7}],"_contentSize":{"__type__":"cc.Size","width":76,"height":76},"_position":{"__type__":"cc.Vec3","x":-478.223,"y":305.065}},{"__type__":"cc.Sprite","node":{"__id__":6},"_materials":[{"__uuid__":"ecpdLyjvZBwrvm+cedCcQy"}],"_spriteFrame":{"__uuid__":"f7D9aEVy1B6alVCZjEiKMz"},"_sizeMode":0},{"__type__":"cc.Node","_name":"BGUserInfo","_parent":{"__id__":4},"_level":2,"_components":[{"__type__":"cc.Sprite","node":{"__id__":8},"_materials":[{"__uuid__":"ecpdLyjvZBwrvm+cedCcQy"}],"_spriteFrame":{"__uuid__":"a1sJ08qwlIpYD49JCp/ziA"},"_type":1,"_sizeMode":0}],"_contentSize":{"__type__":"cc.Size","width":240,"height":86},"_position":{"__type__":"cc.Vec3","x":-400,"y":305.065}},{"__type__":"cc.Node","_name":"BtnNormal","_parent":{"__id__":4},"_children":[{"__id__":10}],"_level":4,"_components":[{"__type__":"cc.Button","node":{"__id__":9},"clickEvents":[{"__type__":"cc.ClickEvent","target":{"__id__":4},"_componentId":"cf7b7utD2NIDpXH/hy4IWhH","handler":"onRoomNormalClick"}],"_N$normalColor":{"__type__":"cc.Color","r":230,"g":230,"b":230},"_N$pressedColor":{"__type__":"cc.Color","r":200,"g":200,"b":200},"pressedColor":{"__type__":"cc.Color","r":200,"g":200,"b":200},"_N$disabledColor":{"__type__":"cc.Color","r":120,"g":120,"b":120,"a":200},"_N$target":{"__id__":9}}],"_contentSize":{"__type__":"cc.Size","width":350,"height":300},"_position":{"__type__":"cc.Vec3","x":-278,"y":-94}},{"__type__":"cc.Node","_name":"anim","_parent":{"__id__":9},"_level":5,"_components":[{"__type__":"sp.Skeleton","node":{"__id__":10},"_materials":[{"__uuid__":"7a/QZLET9IDreTiBfRn2PD"}],"defaultAnimation":"animation","_preCacheMode":0,"_animationName":"animation","_N$skeletonData":{"__uuid__":"22+PsGwEdF2YY92pQeQCTk"}}],"_contentSize":{"__type__":"cc.Size","width":492.61,"height":375.49}},{"__type__":"cc.Node","_name":"BtnVip","_parent":{"__id__":4},"_level":4,"_components":[{"__type__":"cc.Button","node":{"__id__":11},"duration":0,"clickEvents":[{"__type__":"cc.ClickEvent","target":{"__id__":4},"_componentId":"cf7b7utD2NIDpXH/hy4IWhH","handler":"onRoomVipClick"}],"_N$normalColor":{"__type__":"cc.Color","r":230,"g":230,"b":230},"_N$pressedColor":{"__type__":"cc.Color","r":200,"g":200,"b":200},"pressedColor":{"__type__":"cc.Color","r":200,"g":200,"b":200},"_N$disabledColor":{"__type__":"cc.Color","r":120,"g":120,"b":120,"a":200},"_N$target":{"__id__":11}},{"__type__":"sp.Skeleton","node":{"__id__":11},"_materials":[{"__uuid__":"7a/QZLET9IDreTiBfRn2PD"}],"defaultAnimation":"animation","_preCacheMode":0,"_animationName":"animation","_N$skeletonData":{"__uuid__":"faj6Nw4TNP+YTa/26HINBl"}}],"_contentSize":{"__type__":"cc.Size","width":465.4,"height":443.41},"_position":{"__type__":"cc.Vec3","x":280,"y":-38}},{"__type__":"cc.Node","_name":"BGJackpot","_parent":{"__id__":4},"_level":2,"_components":[{"__type__":"sp.Skeleton","node":{"__id__":12},"_materials":[{"__uuid__":"7a/QZLET9IDreTiBfRn2PD"}],"defaultAnimation":"animation","_preCacheMode":0,"_animationName":"animation","_N$skeletonData":{"__uuid__":"cckQarUAJNU6iTNqtxNG/G"}}],"_contentSize":{"__type__":"cc.Size","width":296.16,"height":147.5},"_position":{"__type__":"cc.Vec3","x":280,"y":130}},{"__type__":"cc.Node","_name":"BtnBack","_parent":{"__id__":4},"_level":2,"_components":[{"__type__":"cc.Button","node":{"__id__":13},"clickEvents":[{"__type__":"cc.ClickEvent","target":{"__id__":4},"_componentId":"cf7b7utD2NIDpXH/hy4IWhH","handler":"onBtnBackClick"}],"_N$transition":2,"transition":2,"_N$normalColor":{"__type__":"cc.Color","r":230,"g":230,"b":230},"_N$pressedColor":{"__type__":"cc.Color","r":200,"g":200,"b":200},"pressedColor":{"__type__":"cc.Color","r":200,"g":200,"b":200},"_N$disabledColor":{"__type__":"cc.Color","r":120,"g":120,"b":120,"a":200},"_N$normalSprite":{"__uuid__":"51hcR4ejxKSoa+R2IrSkp7"},"_N$pressedSprite":{"__uuid__":"dazDSYNy1LOp/wh7fQHyl3"},"pressedSprite":{"__uuid__":"dazDSYNy1LOp/wh7fQHyl3"},"_N$hoverSprite":{"__uuid__":"4d/f48dqhMRIbWRjqGkLU9"},"hoverSprite":{"__uuid__":"4d/f48dqhMRIbWRjqGkLU9"},"_N$disabledSprite":{"__uuid__":"9d9BNVdGBI/6BXmMXJp+NF"},"_N$target":{"__id__":13}},{"__type__":"cc.Sprite","node":{"__id__":13},"_materials":[{"__uuid__":"ecpdLyjvZBwrvm+cedCcQy"}],"_spriteFrame":{"__uuid__":"51hcR4ejxKSoa+R2IrSkp7"},"_sizeMode":0,"_isTrimmedMode":false}],"_contentSize":{"__type__":"cc.Size","width":56,"height":56},"_position":{"__type__":"cc.Vec3","x":-580,"y":304}},{"__type__":"cc.Node","_name":"BtnJPHistory","_parent":{"__id__":4},"_level":2,"_components":[{"__type__":"cc.Button","node":{"__id__":14},"clickEvents":[{"__type__":"cc.ClickEvent","target":{"__id__":4},"_componentId":"cf7b7utD2NIDpXH/hy4IWhH","handler":"onBtnJPHistoryClick"}],"_N$transition":2,"transition":2,"_N$normalSprite":{"__uuid__":"fdmo03J/NJkKPvHfUZeUYe"},"_N$pressedSprite":{"__uuid__":"cfB1Wf64JHQIxR24D+G+oq"},"pressedSprite":{"__uuid__":"cfB1Wf64JHQIxR24D+G+oq"},"_N$hoverSprite":{"__uuid__":"3cl6PjhRJFcLNAhEYnY0/4"},"hoverSprite":{"__uuid__":"3cl6PjhRJFcLNAhEYnY0/4"},"_N$disabledSprite":{"__uuid__":"a1/4N7lNFLI7tx3Dkn+lTx"},"_N$target":{"__id__":14}},{"__type__":"cc.Sprite","node":{"__id__":14},"_materials":[{"__uuid__":"ecpdLyjvZBwrvm+cedCcQy"}],"_spriteFrame":{"__uuid__":"fdmo03J/NJkKPvHfUZeUYe"}}],"_contentSize":{"__type__":"cc.Size","width":68,"height":67},"_position":{"__type__":"cc.Vec3","x":443,"y":307}},{"__type__":"cc.Node","_name":"BtnSetting","_parent":{"__id__":4},"_level":2,"_components":[{"__type__":"cc.Button","node":{"__id__":15},"clickEvents":[{"__type__":"cc.ClickEvent","target":{"__id__":4},"_componentId":"cf7b7utD2NIDpXH/hy4IWhH","handler":"onBtnSettingClick"}],"_N$transition":2,"transition":2,"_N$normalColor":{"__type__":"cc.Color","r":230,"g":230,"b":230},"_N$pressedColor":{"__type__":"cc.Color","r":200,"g":200,"b":200},"pressedColor":{"__type__":"cc.Color","r":200,"g":200,"b":200},"_N$disabledColor":{"__type__":"cc.Color","r":120,"g":120,"b":120,"a":200},"_N$normalSprite":{"__uuid__":"daCu1pHZVCZ6PYFz5WrcJX"},"_N$pressedSprite":{"__uuid__":"58vxN+aNRIiJaAcAKlxMVm"},"pressedSprite":{"__uuid__":"58vxN+aNRIiJaAcAKlxMVm"},"_N$hoverSprite":{"__uuid__":"85wQh0iKRKm5EC0PVkugBR"},"hoverSprite":{"__uuid__":"85wQh0iKRKm5EC0PVkugBR"},"_N$disabledSprite":{"__uuid__":"45k8w8UAdMcZFK4WGJmxih"},"_N$target":{"__id__":15}},{"__type__":"cc.Sprite","node":{"__id__":15},"_materials":[{"__uuid__":"ecpdLyjvZBwrvm+cedCcQy"}],"_spriteFrame":{"__uuid__":"daCu1pHZVCZ6PYFz5WrcJX"}}],"_contentSize":{"__type__":"cc.Size","width":67,"height":68},"_position":{"__type__":"cc.Vec3","x":516,"y":307}},{"__type__":"cc.Node","_name":"BtnInfo","_parent":{"__id__":4},"_level":2,"_components":[{"__type__":"cc.Button","node":{"__id__":16},"clickEvents":[{"__type__":"cc.ClickEvent","target":{"__id__":4},"_componentId":"cf7b7utD2NIDpXH/hy4IWhH","handler":"onBtnInfoClick"}],"_N$transition":2,"transition":2,"_N$normalColor":{"__type__":"cc.Color","r":230,"g":230,"b":230},"_N$pressedColor":{"__type__":"cc.Color","r":200,"g":200,"b":200},"pressedColor":{"__type__":"cc.Color","r":200,"g":200,"b":200},"_N$disabledColor":{"__type__":"cc.Color","r":120,"g":120,"b":120,"a":200},"_N$normalSprite":{"__uuid__":"efUdzaaWNFdopaHnxjdwrK"},"_N$pressedSprite":{"__uuid__":"7ddxcq0jpJ1LvZxmJa8A1Y"},"pressedSprite":{"__uuid__":"7ddxcq0jpJ1LvZxmJa8A1Y"},"_N$hoverSprite":{"__uuid__":"e4GxXgAYFOS6IVl6p637Dv"},"hoverSprite":{"__uuid__":"e4GxXgAYFOS6IVl6p637Dv"},"_N$disabledSprite":{"__uuid__":"a1/WGmNcBHqIzA03pOu/Xd"},"_N$target":{"__id__":16}},{"__type__":"cc.Sprite","node":{"__id__":16},"_materials":[{"__uuid__":"ecpdLyjvZBwrvm+cedCcQy"}],"_spriteFrame":{"__uuid__":"efUdzaaWNFdopaHnxjdwrK"}}],"_contentSize":{"__type__":"cc.Size","width":68,"height":67},"_position":{"__type__":"cc.Vec3","x":589,"y":307}},{"__type__":"cc.Node","_name":"TxtJackpot","_parent":{"__id__":4},"_level":2,"_components":[{"__type__":"cc.Label","node":{"__id__":17},"_materials":[{"__uuid__":"ecpdLyjvZBwrvm+cedCcQy"}],"_fontSize":16,"_lineHeight":26,"_N$file":{"__uuid__":"2cewNtguFPWIOcdRAq1psI"},"_isSystemFontUsed":false,"_N$horizontalAlign":1,"_N$verticalAlign":1},{"__type__":"07e37rdsyVB8bTMlwDmJZ+V","node":{"__id__":17}}],"_contentSize":{"__type__":"cc.Size","height":13},"_position":{"__type__":"cc.Vec3","x":280,"y":138.182}},{"__type__":"cc.Node","_name":"MoneyTxt","_parent":{"__id__":4},"_level":2,"_components":[{"__id__":19}],"_contentSize":{"__type__":"cc.Size","width":135,"height":20},"_position":{"__type__":"cc.Vec3","x":-361.662,"y":290.326}},{"__type__":"cc.Label","node":{"__id__":18},"_materials":[{"__uuid__":"ecpdLyjvZBwrvm+cedCcQy"}],"_useOriginalSize":false,"_fontSize":14,"_lineHeight":14.6666667,"_enableWrapText":false,"_N$file":{"__uuid__":"2cewNtguFPWIOcdRAq1psI"},"_isSystemFontUsed":false,"_N$horizontalAlign":1,"_N$verticalAlign":2,"_N$overflow":2},{"__type__":"cc.Node","_name":"UserNameTxt","_parent":{"__id__":4},"_level":2,"_components":[{"__id__":21},{"__type__":"cc.LabelOutline","node":{"__id__":20},"_width":0.3}],"_opacity":254,"_contentSize":{"__type__":"cc.Size","width":150,"height":25.2},"_position":{"__type__":"cc.Vec3","x":-361.663,"y":325.503}},{"__type__":"cc.Label","node":{"__id__":20},"_materials":[{"__uuid__":"ecpdLyjvZBwrvm+cedCcQy"}],"_useOriginalSize":false,"_fontSize":18,"_lineHeight":20,"_enableWrapText":false,"_N$horizontalAlign":1,"_N$verticalAlign":1,"_N$overflow":2,"_N$cacheMode":1},{"__type__":"cc.Node","_name":"TxtVersion","_parent":{"__id__":4},"_level":2,"_components":[{"__id__":23},{"__type__":"cc.Widget","node":{"__id__":22},"_alignFlags":33,"_right":32,"_top":-1.4230000000000267},{"__type__":"10a545mYYROIayTsVi2A33u","node":{"__id__":22},"versionText":{"__id__":23}}],"_opacity":100,"_color":{"__type__":"cc.Color","r":109,"g":10,"b":10},"_contentSize":{"__type__":"cc.Size","width":40.03,"height":22.68},"_anchorPoint":{"__type__":"cc.Vec2","x":1,"y":1},"_position":{"__type__":"cc.Vec3","x":608,"y":361.423}},{"__type__":"cc.Label","node":{"__id__":22},"_materials":[{"__uuid__":"ecpdLyjvZBwrvm+cedCcQy"}],"_useOriginalSize":false,"_string":"0.1.1","_N$string":"0.1.1","_fontSize":18,"_lineHeight":18,"_N$horizontalAlign":1,"_N$verticalAlign":1,"_N$cacheMode":1},{"__type__":"cc.Node","_name":"TouchBlocker","_parent":{"__id__":4},"_children":[{"__id__":25}],"_level":2,"_components":[{"__type__":"8d8c2VEuCNPLqa/PBRBk3P9","node":{"__id__":24},"touchDelay":0.1,"block":{"__id__":25}}]},{"__type__":"cc.Node","_name":"Block","_parent":{"__id__":24},"_active":false,"_level":4,"_components":[{"__type__":"cc.BlockInputEvents","node":{"__id__":25}}],"_contentSize":{"__type__":"cc.Size","width":1604,"height":920}},{"__type__":"cc.Canvas","node":{"__id__":2},"_designResolution":{"__type__":"cc.Size","width":1280,"height":720}}]