{"__type__":"cc.AnimationClip","_name":"animLoading","_duration":1.0333333333333334,"sample":30,"wrapMode":2,"curveData":{"paths":{"Icon":{"comps":{"cc.Sprite":{"spriteFrame":[{"frame":0,"value":{"__uuid__":"56Eyoy0R9JsLzY6EcdiLcf"}},{"frame":0.03333333333333333,"value":{"__uuid__":"fbLyS6FU1JK463mSVMTNo8"}},{"frame":0.06666666666666667,"value":{"__uuid__":"e64vBcBHNIFqzfjzb+IBjo"}},{"frame":0.1,"value":{"__uuid__":"27dCuqPcNJzKLQy8NeWkuV"}},{"frame":0.13333333333333333,"value":{"__uuid__":"f4ZjI7UgVLoJ71HHifHHbl"}},{"frame":0.16666666666666666,"value":{"__uuid__":"5csyUdEJtIeqmsISeAye2E"}},{"frame":0.2,"value":{"__uuid__":"f884ZOJzJO2rTFPsuGy+Qt"}},{"frame":0.23333333333333334,"value":{"__uuid__":"b0DSVhvz5EqIlKPqO8OIu+"}},{"frame":0.26666666666666666,"value":{"__uuid__":"c3tUAv111KkpBgdPWeZdht"}},{"frame":0.3,"value":{"__uuid__":"4b9ruJYg5CQqlIpQHedrFw"}},{"frame":0.3333333333333333,"value":{"__uuid__":"c0fs2gecFKbb73HlmLL6t5"}},{"frame":0.36666666666666664,"value":{"__uuid__":"970AddDZlMObAzlXqbCxUK"}},{"frame":0.4,"value":{"__uuid__":"98YEsd+r1Nd4/585YIdl77"}},{"frame":0.43333333333333335,"value":{"__uuid__":"8cptHxwKBI+6MXXEvK45Pa"}},{"frame":0.4666666666666667,"value":{"__uuid__":"bdfqUsvdRAerJYcrPaTBr8"}},{"frame":0.5,"value":{"__uuid__":"aaKK3HPyFIe4eYm0JGx85k"}},{"frame":0.5333333333333333,"value":{"__uuid__":"35GcNoYwxG87HOKju0AWAb"}},{"frame":0.5666666666666667,"value":{"__uuid__":"11kCU5kZ1DeY5aAH1KQBbn"}},{"frame":0.6,"value":{"__uuid__":"098Kmfx0RNcqlB7NTFy98T"}},{"frame":0.6333333333333333,"value":{"__uuid__":"72UN4ovvNEfK/r5xwtGl6U"}},{"frame":0.6666666666666666,"value":{"__uuid__":"65q2acqs5AGIL/qozGxWGI"}},{"frame":0.7,"value":{"__uuid__":"c7DKbcsBJF/qp2K0DysGmj"}},{"frame":0.7333333333333333,"value":{"__uuid__":"4aMidcvLFMoq90WmzCWfPL"}},{"frame":0.7666666666666667,"value":{"__uuid__":"56yDuH+udOL7zOuE7hZMmX"}},{"frame":0.8,"value":{"__uuid__":"a7b633mT9NPIBvDbLOZGhf"}},{"frame":0.8333333333333334,"value":{"__uuid__":"335ZCTJzZNVbAhFso34F+s"}},{"frame":0.8666666666666667,"value":{"__uuid__":"15wKXbsgRI4r+jO6feZ95n"}},{"frame":0.9,"value":{"__uuid__":"065iTKQXFMVYjGRShGX9SO"}},{"frame":0.9333333333333333,"value":{"__uuid__":"70uKOd3rhNXbiihSQPCog8"}},{"frame":0.9666666666666667,"value":{"__uuid__":"37iuMrYSFCf5uu+1/FSq65"}},{"frame":1,"value":{"__uuid__":"bdM4g4OXZNO49GwVaALxcl"}}]}}}}}}