{"__type__":"cc.AnimationClip","_name":"ExplosionFX1992","_duration":0.15,"speed":0.4,"curveData":{"comps":{"cc.Sprite":{"spriteFrame":[{"frame":0,"value":{"__uuid__":"7da3pO3G9Hm5GttSg5aztk"}},{"frame":0.016666666666666666,"value":{"__uuid__":"c4BVjD6gRCloWICU6aqa67"}},{"frame":0.03333333333333333,"value":{"__uuid__":"cbDmYGy9lC2pr3Ph/vm13c"}},{"frame":0.05,"value":{"__uuid__":"257gKiYfBNDKIvmM2Sf1Tc"}},{"frame":0.06666666666666667,"value":{"__uuid__":"bbfLNisNVBXIJecy7OjJ/E"}},{"frame":0.08333333333333333,"value":{"__uuid__":"5bV4AFXXBKKqFfubbw31gn"}},{"frame":0.1,"value":{"__uuid__":"56GBInGPdPLp5tR8oCsW5k"}},{"frame":0.11666666666666667,"value":{"__uuid__":"3bDHGTO1RGVrADeRQJvx3A"}},{"frame":0.13333333333333333,"value":{"__uuid__":"e7sO0axt1Hz4eI/MYU8qEd"}}]}}},"events":[{"frame":0.15,"func":"onFinished","params":[]}]}