{"__type__":"sp.SkeletonData","_name":"FX_Aim","skeletonJsonStr":"{\"skeleton\":{\"hash\":\"ebCCfySuJk3KwYDB45r+I5pPYpk\",\"spine\":\"3.7.94\",\"width\":91.72,\"height\":90.86},\"bones\":[{\"name\":\"root\"},{\"name\":\"Aim\",\"parent\":\"root\"},{\"name\":\"Tam\",\"parent\":\"root\"},{\"name\":\"AllTamGiac\",\"parent\":\"Aim\",\"rotation\":45},{\"name\":\"TamGiac\",\"parent\":\"AllTamGiac\",\"x\":30.15},{\"name\":\"TamGiac2\",\"parent\":\"AllTamGiac\",\"x\":-30.15,\"scaleX\":-1},{\"name\":\"TamGiac3\",\"parent\":\"AllTamGiac\",\"rotation\":90,\"x\":-0.6,\"y\":30.16},{\"name\":\"TamGiac4\",\"parent\":\"AllTamGiac\",\"rotation\":-90,\"x\":-0.6,\"y\":-29.81},{\"name\":\"bone\",\"parent\":\"root\"}],\"slots\":[{\"name\":\"aim\",\"bone\":\"Aim\",\"attachment\":\"piece1\"},{\"name\":\"aim2\",\"bone\":\"Aim\",\"attachment\":\"piece1\"},{\"name\":\"aim3\",\"bone\":\"Aim\",\"attachment\":\"piece1\"},{\"name\":\"aim4\",\"bone\":\"Aim\",\"attachment\":\"piece1\"},{\"name\":\"tam\",\"bone\":\"Tam\",\"attachment\":\"piece2\"},{\"name\":\"tamgiac\",\"bone\":\"TamGiac\",\"attachment\":\"piece3\"},{\"name\":\"tamgiac2\",\"bone\":\"TamGiac2\",\"attachment\":\"piece3\"},{\"name\":\"tamgiac3\",\"bone\":\"TamGiac3\",\"attachment\":\"piece3\"},{\"name\":\"tamgiac4\",\"bone\":\"TamGiac4\",\"attachment\":\"piece3\"},{\"name\":\"green\",\"bone\":\"bone\"}],\"skins\":{\"default\":{\"aim\":{\"piece1\":{\"y\":35.18,\"width\":55,\"height\":21}},\"aim2\":{\"piece1\":{\"x\":-0.5,\"y\":-34.68,\"scaleY\":-1,\"width\":55,\"height\":21}},\"aim3\":{\"piece1\":{\"x\":35.36,\"y\":-0.45,\"scaleY\":-1,\"rotation\":90,\"width\":55,\"height\":21}},\"aim4\":{\"piece1\":{\"x\":-35.36,\"y\":-0.45,\"rotation\":90,\"width\":55,\"height\":21}},\"green\":{\"green\":{\"width\":90,\"height\":90}},\"tam\":{\"piece2\":{\"width\":22,\"height\":19}},\"tamgiac\":{\"piece3\":{\"rotation\":-45,\"width\":47,\"height\":47}},\"tamgiac2\":{\"piece3\":{\"rotation\":-405,\"width\":47,\"height\":47}},\"tamgiac3\":{\"piece3\":{\"rotation\":-45,\"width\":47,\"height\":47}},\"tamgiac4\":{\"piece3\":{\"rotation\":-45,\"width\":47,\"height\":47}}}},\"animations\":{\"aim\":{\"slots\":{\"aim\":{\"color\":[{\"time\":0,\"color\":\"ffffff00\",\"curve\":[0.25,0,0.75,1]},{\"time\":0.4695,\"color\":\"ffffffff\"}]},\"aim2\":{\"color\":[{\"time\":0,\"color\":\"ffffff00\",\"curve\":[0.25,0,0.75,1]},{\"time\":0.4695,\"color\":\"ffffffff\"}]},\"aim3\":{\"color\":[{\"time\":0,\"color\":\"ffffff00\",\"curve\":[0.25,0,0.75,1]},{\"time\":0.4695,\"color\":\"ffffffff\"}]},\"aim4\":{\"color\":[{\"time\":0,\"color\":\"ffffff00\",\"curve\":[0.25,0,0.75,1]},{\"time\":0.4695,\"color\":\"ffffffff\"}]},\"tamgiac\":{\"color\":[{\"time\":0.1304,\"color\":\"ffffff00\",\"curve\":\"stepped\"},{\"time\":0.3667,\"color\":\"ffffff00\",\"curve\":[0.25,0,0.75,1]},{\"time\":0.4,\"color\":\"ffffffff\"}],\"attachment\":[{\"time\":0,\"name\":null},{\"time\":0.1304,\"name\":\"piece3\"}]},\"tamgiac2\":{\"color\":[{\"time\":0.1304,\"color\":\"ffffff00\",\"curve\":\"stepped\"},{\"time\":0.3667,\"color\":\"ffffff00\",\"curve\":[0.25,0,0.75,1]},{\"time\":0.4,\"color\":\"ffffffff\"}],\"attachment\":[{\"time\":0,\"name\":null},{\"time\":0.1304,\"name\":\"piece3\"}]},\"tamgiac3\":{\"color\":[{\"time\":0.1304,\"color\":\"ffffff00\",\"curve\":\"stepped\"},{\"time\":0.3667,\"color\":\"ffffff00\",\"curve\":[0.25,0,0.75,1]},{\"time\":0.4,\"color\":\"ffffffff\"}],\"attachment\":[{\"time\":0,\"name\":null},{\"time\":0.1304,\"name\":\"piece3\"}]},\"tamgiac4\":{\"color\":[{\"time\":0.1304,\"color\":\"ffffff00\",\"curve\":\"stepped\"},{\"time\":0.3667,\"color\":\"ffffff00\",\"curve\":[0.25,0,0.75,1]},{\"time\":0.4,\"color\":\"ffffffff\"}],\"attachment\":[{\"time\":0,\"name\":null},{\"time\":0.1304,\"name\":\"piece3\"}]}},\"bones\":{\"Aim\":{\"rotate\":[{\"time\":0,\"angle\":0},{\"time\":0.4695,\"angle\":180}],\"scale\":[{\"time\":0,\"x\":5.836,\"y\":5.836,\"curve\":[0.25,0,0.75,1]},{\"time\":0.4695,\"x\":1,\"y\":1}]},\"Tam\":{\"scale\":[{\"time\":0,\"x\":4.067,\"y\":4.067,\"curve\":[0.461,0.01,0.544,1]},{\"time\":0.1826,\"x\":1,\"y\":1}]},\"TamGiac\":{\"translate\":[{\"time\":0.1304,\"x\":0,\"y\":0},{\"time\":0.3667,\"x\":51.85,\"y\":0,\"curve\":[0.25,0,0.75,1]},{\"time\":0.5,\"x\":-2.62,\"y\":0,\"curve\":[0.25,0,0.75,1]},{\"time\":0.6,\"x\":0,\"y\":0}]},\"TamGiac2\":{\"translate\":[{\"time\":0.1304,\"x\":0,\"y\":0},{\"time\":0.3667,\"x\":-53.09,\"y\":0,\"curve\":[0.25,0,0.75,1]},{\"time\":0.5,\"x\":2.62,\"y\":0,\"curve\":[0.25,0,0.75,1]},{\"time\":0.6,\"x\":0,\"y\":0}]},\"TamGiac3\":{\"translate\":[{\"time\":0.1304,\"x\":0,\"y\":0},{\"time\":0.3667,\"x\":0,\"y\":53.09,\"curve\":[0.25,0,0.75,1]},{\"time\":0.5,\"x\":0,\"y\":-2.62,\"curve\":[0.25,0,0.75,1]},{\"time\":0.6,\"x\":0,\"y\":0}]},\"TamGiac4\":{\"translate\":[{\"time\":0.1304,\"x\":0,\"y\":0},{\"time\":0.3667,\"x\":0,\"y\":-56.64,\"curve\":[0.25,0,0.75,1]},{\"time\":0.5,\"x\":0,\"y\":2.62,\"curve\":[0.25,0,0.75,1]},{\"time\":0.6,\"x\":0,\"y\":0}]}}},\"green\":{\"slots\":{\"aim\":{\"attachment\":[{\"time\":0,\"name\":null}]},\"aim2\":{\"attachment\":[{\"time\":0,\"name\":null}]},\"aim3\":{\"attachment\":[{\"time\":0,\"name\":null}]},\"aim4\":{\"attachment\":[{\"time\":0,\"name\":null}]},\"green\":{\"color\":[{\"time\":0,\"color\":\"ffffffff\"},{\"time\":0.4667,\"color\":\"ffffff2b\"},{\"time\":0.9333,\"color\":\"ffffffff\"},{\"time\":1.4,\"color\":\"ffffff2b\"},{\"time\":1.8667,\"color\":\"ffffffff\"}],\"attachment\":[{\"time\":0,\"name\":\"green\"}]},\"tam\":{\"attachment\":[{\"time\":0,\"name\":null}]},\"tamgiac\":{\"attachment\":[{\"time\":0,\"name\":null}]},\"tamgiac2\":{\"attachment\":[{\"time\":0,\"name\":null}]},\"tamgiac3\":{\"attachment\":[{\"time\":0,\"name\":null}]},\"tamgiac4\":{\"attachment\":[{\"time\":0,\"name\":null}]}},\"bones\":{\"bone\":{\"rotate\":[{\"time\":0,\"angle\":0},{\"time\":0.9333,\"angle\":180},{\"time\":1.8667,\"angle\":0}]}}},\"normal\":{},\"switch\":{\"slots\":{\"aim\":{\"attachment\":[{\"time\":0.3333,\"name\":null}],\"attachment\":[{\"time\":0.3333,\"name\":null}]},\"aim2\":{\"attachment\":[{\"time\":0.3333,\"name\":null}]},\"aim3\":{\"attachment\":[{\"time\":0.3333,\"name\":null}]},\"aim4\":{\"attachment\":[{\"time\":0.3333,\"name\":null}]},\"green\":{\"attachment\":[{\"time\":0.3333,\"name\":\"green\"}]},\"tam\":{\"attachment\":[{\"time\":0.3333,\"name\":null}]},\"tamgiac\":{\"attachment\":[{\"time\":0.3333,\"name\":null}]},\"tamgiac2\":{\"attachment\":[{\"time\":0.3333,\"name\":null}]},\"tamgiac3\":{\"attachment\":[{\"time\":0.3333,\"name\":null}]},\"tamgiac4\":{\"attachment\":[{\"time\":0.3333,\"name\":null}]}},\"bones\":{\"bone\":{\"scale\":[{\"time\":0.3333,\"x\":1,\"y\":1,\"curve\":[0.25,0,0.75,1]},{\"time\":0.5,\"x\":1.197,\"y\":1.197,\"curve\":[0.25,0,0.75,1]},{\"time\":0.7333,\"x\":1,\"y\":1}]}}}}}","_skeletonJson":{"skeleton":{"hash":"ebCCfySuJk3KwYDB45r+I5pPYpk","spine":"3.7.94","width":91.72,"height":90.86},"bones":[{"name":"root"},{"name":"Aim","parent":"root"},{"name":"Tam","parent":"root"},{"name":"AllTamGiac","parent":"Aim","rotation":45},{"name":"TamGiac","parent":"AllTamGiac","x":30.15},{"name":"TamGiac2","parent":"AllTamGiac","x":-30.15,"scaleX":-1},{"name":"TamGiac3","parent":"AllTamGiac","rotation":90,"x":-0.6,"y":30.16},{"name":"TamGiac4","parent":"AllTamGiac","rotation":-90,"x":-0.6,"y":-29.81},{"name":"bone","parent":"root"}],"slots":[{"name":"aim","bone":"Aim","attachment":"piece1"},{"name":"aim2","bone":"Aim","attachment":"piece1"},{"name":"aim3","bone":"Aim","attachment":"piece1"},{"name":"aim4","bone":"Aim","attachment":"piece1"},{"name":"tam","bone":"Tam","attachment":"piece2"},{"name":"tamgiac","bone":"TamGiac","attachment":"piece3"},{"name":"tamgiac2","bone":"TamGiac2","attachment":"piece3"},{"name":"tamgiac3","bone":"TamGiac3","attachment":"piece3"},{"name":"tamgiac4","bone":"TamGiac4","attachment":"piece3"},{"name":"green","bone":"bone"}],"skins":{"default":{"aim":{"piece1":{"y":35.18,"width":55,"height":21}},"aim2":{"piece1":{"x":-0.5,"y":-34.68,"scaleY":-1,"width":55,"height":21}},"aim3":{"piece1":{"x":35.36,"y":-0.45,"scaleY":-1,"rotation":90,"width":55,"height":21}},"aim4":{"piece1":{"x":-35.36,"y":-0.45,"rotation":90,"width":55,"height":21}},"green":{"green":{"width":90,"height":90}},"tam":{"piece2":{"width":22,"height":19}},"tamgiac":{"piece3":{"rotation":-45,"width":47,"height":47}},"tamgiac2":{"piece3":{"rotation":-405,"width":47,"height":47}},"tamgiac3":{"piece3":{"rotation":-45,"width":47,"height":47}},"tamgiac4":{"piece3":{"rotation":-45,"width":47,"height":47}}}},"animations":{"aim":{"slots":{"aim":{"color":[{"time":0,"color":"ffffff00","curve":[0.25,0,0.75,1]},{"time":0.4695,"color":"ffffffff"}]},"aim2":{"color":[{"time":0,"color":"ffffff00","curve":[0.25,0,0.75,1]},{"time":0.4695,"color":"ffffffff"}]},"aim3":{"color":[{"time":0,"color":"ffffff00","curve":[0.25,0,0.75,1]},{"time":0.4695,"color":"ffffffff"}]},"aim4":{"color":[{"time":0,"color":"ffffff00","curve":[0.25,0,0.75,1]},{"time":0.4695,"color":"ffffffff"}]},"tamgiac":{"color":[{"time":0.1304,"color":"ffffff00","curve":"stepped"},{"time":0.3667,"color":"ffffff00","curve":[0.25,0,0.75,1]},{"time":0.4,"color":"ffffffff"}],"attachment":[{"time":0,"name":null},{"time":0.1304,"name":"piece3"}]},"tamgiac2":{"color":[{"time":0.1304,"color":"ffffff00","curve":"stepped"},{"time":0.3667,"color":"ffffff00","curve":[0.25,0,0.75,1]},{"time":0.4,"color":"ffffffff"}],"attachment":[{"time":0,"name":null},{"time":0.1304,"name":"piece3"}]},"tamgiac3":{"color":[{"time":0.1304,"color":"ffffff00","curve":"stepped"},{"time":0.3667,"color":"ffffff00","curve":[0.25,0,0.75,1]},{"time":0.4,"color":"ffffffff"}],"attachment":[{"time":0,"name":null},{"time":0.1304,"name":"piece3"}]},"tamgiac4":{"color":[{"time":0.1304,"color":"ffffff00","curve":"stepped"},{"time":0.3667,"color":"ffffff00","curve":[0.25,0,0.75,1]},{"time":0.4,"color":"ffffffff"}],"attachment":[{"time":0,"name":null},{"time":0.1304,"name":"piece3"}]}},"bones":{"Aim":{"rotate":[{"time":0,"angle":0},{"time":0.4695,"angle":180}],"scale":[{"time":0,"x":5.836,"y":5.836,"curve":[0.25,0,0.75,1]},{"time":0.4695,"x":1,"y":1}]},"Tam":{"scale":[{"time":0,"x":4.067,"y":4.067,"curve":[0.461,0.01,0.544,1]},{"time":0.1826,"x":1,"y":1}]},"TamGiac":{"translate":[{"time":0.1304,"x":0,"y":0},{"time":0.3667,"x":51.85,"y":0,"curve":[0.25,0,0.75,1]},{"time":0.5,"x":-2.62,"y":0,"curve":[0.25,0,0.75,1]},{"time":0.6,"x":0,"y":0}]},"TamGiac2":{"translate":[{"time":0.1304,"x":0,"y":0},{"time":0.3667,"x":-53.09,"y":0,"curve":[0.25,0,0.75,1]},{"time":0.5,"x":2.62,"y":0,"curve":[0.25,0,0.75,1]},{"time":0.6,"x":0,"y":0}]},"TamGiac3":{"translate":[{"time":0.1304,"x":0,"y":0},{"time":0.3667,"x":0,"y":53.09,"curve":[0.25,0,0.75,1]},{"time":0.5,"x":0,"y":-2.62,"curve":[0.25,0,0.75,1]},{"time":0.6,"x":0,"y":0}]},"TamGiac4":{"translate":[{"time":0.1304,"x":0,"y":0},{"time":0.3667,"x":0,"y":-56.64,"curve":[0.25,0,0.75,1]},{"time":0.5,"x":0,"y":2.62,"curve":[0.25,0,0.75,1]},{"time":0.6,"x":0,"y":0}]}}},"green":{"slots":{"aim":{"attachment":[{"time":0,"name":null}]},"aim2":{"attachment":[{"time":0,"name":null}]},"aim3":{"attachment":[{"time":0,"name":null}]},"aim4":{"attachment":[{"time":0,"name":null}]},"green":{"color":[{"time":0,"color":"ffffffff"},{"time":0.4667,"color":"ffffff2b"},{"time":0.9333,"color":"ffffffff"},{"time":1.4,"color":"ffffff2b"},{"time":1.8667,"color":"ffffffff"}],"attachment":[{"time":0,"name":"green"}]},"tam":{"attachment":[{"time":0,"name":null}]},"tamgiac":{"attachment":[{"time":0,"name":null}]},"tamgiac2":{"attachment":[{"time":0,"name":null}]},"tamgiac3":{"attachment":[{"time":0,"name":null}]},"tamgiac4":{"attachment":[{"time":0,"name":null}]}},"bones":{"bone":{"rotate":[{"time":0,"angle":0},{"time":0.9333,"angle":180},{"time":1.8667,"angle":0}]}}},"normal":{},"switch":{"slots":{"aim":{"attachment":[{"time":0.3333,"name":null}]},"aim2":{"attachment":[{"time":0.3333,"name":null}]},"aim3":{"attachment":[{"time":0.3333,"name":null}]},"aim4":{"attachment":[{"time":0.3333,"name":null}]},"green":{"attachment":[{"time":0.3333,"name":"green"}]},"tam":{"attachment":[{"time":0.3333,"name":null}]},"tamgiac":{"attachment":[{"time":0.3333,"name":null}]},"tamgiac2":{"attachment":[{"time":0.3333,"name":null}]},"tamgiac3":{"attachment":[{"time":0.3333,"name":null}]},"tamgiac4":{"attachment":[{"time":0.3333,"name":null}]}},"bones":{"bone":{"scale":[{"time":0.3333,"x":1,"y":1,"curve":[0.25,0,0.75,1]},{"time":0.5,"x":1.197,"y":1.197,"curve":[0.25,0,0.75,1]},{"time":0.7333,"x":1,"y":1}]}}}}},"_atlasText":"\nFX_Aim.png\nsize: 151,95\nformat: RGBA8888\nfilter: Linear,Linear\nrepeat: none\ngreen\n  rotate: false\n  xy: 2, 3\n  size: 90, 90\n  orig: 90, 90\n  offset: 0, 0\n  index: -1\npiece1\n  rotate: false\n  xy: 94, 23\n  size: 55, 21\n  orig: 55, 21\n  offset: 0, 0\n  index: -1\npiece2\n  rotate: false\n  xy: 94, 2\n  size: 22, 19\n  orig: 22, 19\n  offset: 0, 0\n  index: -1\npiece3\n  rotate: false\n  xy: 94, 46\n  size: 47, 47\n  orig: 47, 47\n  offset: 0, 0\n  index: -1\n","textures":[{"__uuid__":"4b258CXyxBXa/51zoHc2pS"}],"textureNames":["FX_Aim.png"]}