{"__type__":"sp.SkeletonData","_name":"Ca6_Bounty","skeletonJsonStr":"{\"skeleton\":{\"hash\":\"i8NL9uLxAcSMn/lkO8dP7zD3ZvE\",\"spine\":\"3.7.94\",\"width\":453.91,\"height\":673.51},\"bones\":[{\"name\":\"root\"},{\"name\":\"All\",\"parent\":\"root\",\"y\":287.29},{\"name\":\"popup\",\"parent\":\"All\",\"x\":9.23,\"y\":-317.31},{\"name\":\"wantedtext\",\"parent\":\"popup\",\"x\":4.88,\"y\":239.9},{\"name\":\"cross\",\"parent\":\"popup\",\"x\":-20.04,\"y\":66.39,\"scaleX\":0.881,\"scaleY\":0.881},{\"name\":\"Shape 4 copy\",\"parent\":\"cross\",\"rotation\":-100,\"x\":16.13,\"y\":-11.07,\"scaleX\":-1},{\"name\":\"Shape 4\",\"parent\":\"cross\",\"rotation\":4,\"x\":8.57,\"y\":-7.75},{\"name\":\"popup2\",\"parent\":\"popup\",\"x\":-0.83,\"y\":-87.78},{\"name\":\"avatar_back\",\"parent\":\"popup\",\"x\":121.88,\"y\":-25.58,\"scaleX\":0.95,\"scaleY\":0.95},{\"name\":\"bigavatar\",\"parent\":\"popup\",\"x\":-9.26,\"y\":-16.55,\"scaleX\":0.94,\"scaleY\":0.94},{\"name\":\"text\",\"parent\":\"popup\",\"x\":7.59,\"y\":-113.81,\"scaleX\":0.946,\"scaleY\":0.946},{\"name\":\"avatar\",\"parent\":\"avatar_back\",\"scaleX\":0.7,\"scaleY\":0.7},{\"name\":\"cuon giay\",\"parent\":\"All\",\"x\":0.31,\"y\":-11.92},{\"name\":\"manh giay nho\",\"parent\":\"popup2\",\"x\":7.34,\"y\":-201.22},{\"name\":\"khung_tanthegioi\",\"parent\":\"All\",\"x\":-159.79,\"y\":-357.47,\"scaleX\":0.95,\"scaleY\":0.95},{\"name\":\"tanthegioitext\",\"parent\":\"All\",\"x\":-98.13,\"y\":-356.72},{\"name\":\"text2\",\"parent\":\"All\",\"x\":-37.31,\"y\":-395.27,\"scaleX\":0.83,\"scaleY\":0.83}],\"slots\":[{\"name\":\"glow 3\",\"bone\":\"popup\"},{\"name\":\"Close\",\"bone\":\"popup\",\"attachment\":\"shape copy 2\"},{\"name\":\"popupclip\",\"bone\":\"popup\",\"attachment\":\"popupclip\"},{\"name\":\"skin\",\"bone\":\"popup\",\"attachment\":\"skin\"},{\"name\":\"text\",\"bone\":\"text2\",\"attachment\":\"text\"},{\"name\":\"bigavatar\",\"bone\":\"bigavatar\",\"dark\":\"000000\",\"attachment\":\"Boss/caribou\"},{\"name\":\"backavatar\",\"bone\":\"avatar_back\",\"attachment\":\"back_avatar\"},{\"name\":\"avatar\",\"bone\":\"avatar\",\"attachment\":\"Avatar/Avatar_21\"},{\"name\":\"basic\",\"bone\":\"khung_tanthegioi\",\"attachment\":\"Room_Frame/Frame_Vip\"},{\"name\":\"tanthegioitext\",\"bone\":\"tanthegioitext\",\"attachment\":\"Room_Text/Text_Decken\"},{\"name\":\"Shape 4\",\"bone\":\"Shape 4\"},{\"name\":\"Shape 4 copy\",\"bone\":\"Shape 4 copy\"},{\"name\":\"wantedtext\",\"bone\":\"wantedtext\",\"attachment\":\"huntedtext\"},{\"name\":\"text_charname\",\"bone\":\"text\",\"attachment\":\"Boss/text_caribou\"},{\"name\":\"bigavatarskin\",\"bone\":\"bigavatar\"},{\"name\":\"cuon giay\",\"bone\":\"cuon giay\",\"attachment\":\"cuon giay\"},{\"name\":\"cuon giay2\",\"bone\":\"cuon giay\",\"attachment\":\"cuon giay\"},{\"name\":\"giay 2\",\"bone\":\"manh giay nho\",\"attachment\":\"giay 2\"},{\"name\":\"giay 1\",\"bone\":\"manh giay nho\",\"attachment\":\"giay 1\"}],\"skins\":{\"default\":{\"Close\":{\"shape copy 2\":{\"type\":\"mesh\",\"uvs\":[1,1,0,1,0,0.86114,1.0E-5,0.08011,0,0,1,0,0.99999,0.08092,1,0.86114],\"triangles\":[1,7,0,1,2,7,2,6,7,2,3,6,6,3,5,3,4,5],\"vertices\":[1,7,211.33,-232.22,1,1,7,-209.67,-232.22,1,1,7,-209.67,-143.35,1,1,2,-210.5,268.73,1,1,2,-210.5,320,1,1,2,210.5,320,1,2,2,210.5,268.21,0.99956,7,211.32,355.99,4.4E-4,1,7,211.33,-143.35,1],\"hull\":8}},\"Shape 4\":{\"Shape 4\":{\"x\":13.02,\"y\":-9.14,\"rotation\":-0.44,\"width\":406,\"height\":344}},\"Shape 4 copy\":{\"Shape 4\":{\"x\":14.92,\"y\":6.47,\"scaleY\":-1,\"width\":406,\"height\":344}},\"avatar\":{\"Avatar/Avatar_21\":{\"width\":232,\"height\":194}},\"backavatar\":{\"back_avatar\":{\"width\":116,\"height\":119}},\"basic\":{\"Room_Frame/Frame_Vip\":{\"x\":65,\"y\":8,\"width\":133,\"height\":56}},\"bigavatar\":{\"Boss/caribou\":{\"x\":12,\"y\":100.38,\"width\":363,\"height\":267}},\"cuon giay\":{\"cuon giay\":{\"type\":\"mesh\",\"uvs\":[0.99742,0.99999,0,1,0,0,0.99571,4.0E-5],\"triangles\":[1,2,3,1,3,0],\"vertices\":[7.2,-51.88,-220.22,-51.88,-220.22,48.12,6.81,48.11],\"hull\":4}},\"cuon giay2\":{\"cuon giay\":{\"type\":\"mesh\",\"uvs\":[0.99456,0.99999,0,1,0,0,0.99565,1.0E-5],\"triangles\":[0,2,3,1,2,0],\"vertices\":[6.93,-51.88,233.69,-51.88,233.69,48.12,6.68,48.12],\"hull\":4}},\"giay 1\":{\"giay 1\":{\"x\":112.76,\"y\":7.45,\"scaleX\":0.58,\"scaleY\":0.58,\"rotation\":-4.38,\"width\":220,\"height\":68}},\"giay 2\":{\"giay 2\":{\"x\":-158.44,\"y\":12.51,\"rotation\":-30,\"width\":83,\"height\":27}},\"glow 3\":{\"glow 3\":{\"x\":-1.48,\"y\":1.04,\"scaleX\":2,\"scaleY\":2,\"width\":287,\"height\":400}},\"popupclip\":{\"popupclip\":{\"type\":\"clipping\",\"end\":\"text_charname\",\"vertexCount\":4,\"vertices\":[-236.7,284.92,-229.67,-261.7,244.72,-265.43,241.92,285.38]}},\"tanthegioitext\":{\"Room_Text/Text_Decken\":{\"width\":118,\"height\":22}},\"text\":{\"text\":{\"x\":-4.76,\"y\":1.3,\"width\":226,\"height\":34}},\"text_charname\":{\"Boss/text_caribou\":{\"x\":-5.4,\"y\":-2.75,\"width\":316,\"height\":47}},\"wantedtext\":{\"huntedtext\":{\"x\":-4.27,\"y\":-2.53,\"width\":319,\"height\":67},\"wantedtext\":{\"x\":-3.96,\"y\":-2.28,\"width\":332,\"height\":67}}},\"basic\":{\"skin\":{\"skin\":{\"name\":\"shape\",\"x\":2.1,\"y\":75.5,\"scaleX\":0.95,\"scaleY\":0.95,\"width\":343,\"height\":243}}},\"vip\":{\"skin\":{\"skin\":{\"name\":\"shape1\",\"x\":2.1,\"y\":75.5,\"scaleX\":0.95,\"scaleY\":0.95,\"width\":356,\"height\":269}}}},\"events\":{\"number\":{},\"shake\":{}},\"animations\":{\"Close\":{\"slots\":{\"tanthegioitext\":{\"attachment\":[{\"time\":0,\"name\":null}]},\"wantedtext\":{\"attachment\":[{\"time\":0,\"name\":\"wantedtext\"}]}},\"bones\":{\"popup\":{\"translate\":[{\"time\":0,\"x\":0,\"y\":0}]},\"popup2\":{\"translate\":[{\"time\":0,\"x\":0,\"y\":488.1}]},\"bigavatar\":{\"scale\":[{\"time\":0,\"x\":0.616,\"y\":0.616}]},\"manh giay nho\":{\"translate\":[{\"time\":0,\"x\":-1.59,\"y\":22.87}]}},\"deform\":{\"default\":{\"Close\":{\"shape copy 2\":[{\"time\":0,\"offset\":1,\"vertices\":[23.66508,0,23.66508,-10.318,21.78917,0,23.66505,0,23.66505,0,23.66505,8.442,26.01004,8.442,26.01006,0,23.66508]}]},\"popupclip\":{\"popupclip\":[{\"time\":0,\"offset\":3,\"vertices\":[549.53973,2.0E-5,549.53973]}]}}}},\"Hunted\":{\"slots\":{\"Close\":{\"color\":[{\"time\":0,\"color\":\"ffffff00\"},{\"time\":0.3333,\"color\":\"ffffffff\"}]},\"Shape 4\":{\"attachment\":[{\"time\":1.1667,\"name\":\"Shape 4\"}]},\"Shape 4 copy\":{\"attachment\":[{\"time\":1.3,\"name\":\"Shape 4\"}]},\"avatar\":{\"color\":[{\"time\":1.1667,\"color\":\"ffffffff\"},{\"time\":1.3333,\"color\":\"767676ff\"}],\"attachment\":[{\"time\":0,\"name\":null},{\"time\":0.6667,\"name\":\"Avatar/Avatar_21\"}]},\"backavatar\":{\"attachment\":[{\"time\":0,\"name\":null},{\"time\":0.6667,\"name\":\"back_avatar\"}]},\"basic\":{\"attachment\":[{\"time\":0,\"name\":null},{\"time\":0.8333,\"name\":\"Room_Frame/Frame_Vip\"}]},\"bigavatar\":{\"twoColor\":[{\"time\":1.1667,\"light\":\"ffffffff\",\"dark\":\"000000\"},{\"time\":1.3333,\"light\":\"767676ff\",\"dark\":\"111111\"}],\"attachment\":[{\"time\":0,\"name\":null},{\"time\":0.6667,\"name\":\"Boss/caribou\"}]},\"cuon giay\":{\"color\":[{\"time\":0,\"color\":\"ffffff00\"},{\"time\":0.1,\"color\":\"ffffffad\"},{\"time\":0.3333,\"color\":\"ffffffff\",\"curve\":\"stepped\"},{\"time\":0.8333,\"color\":\"ffffffff\"},{\"time\":0.9667,\"color\":\"ffffff00\"}]},\"cuon giay2\":{\"color\":[{\"time\":0,\"color\":\"ffffff00\"},{\"time\":0.1,\"color\":\"ffffffad\"},{\"time\":0.3333,\"color\":\"ffffffff\",\"curve\":\"stepped\"},{\"time\":0.8333,\"color\":\"ffffffff\"},{\"time\":0.9667,\"color\":\"ffffff00\"}]},\"giay 1\":{\"color\":[{\"time\":0,\"color\":\"ffffff00\"},{\"time\":0.3333,\"color\":\"ffffffff\"}]},\"giay 2\":{\"color\":[{\"time\":0,\"color\":\"ffffff00\"},{\"time\":0.3333,\"color\":\"ffffffff\"}]},\"glow 3\":{\"color\":[{\"time\":1,\"color\":\"ffffff00\"},{\"time\":1.5,\"color\":\"ffffff9c\",\"curve\":[0.369,0.47,0.753,1]},{\"time\":2,\"color\":\"ffffff00\"}],\"attachment\":[{\"time\":1,\"name\":\"glow 3\"}]},\"skin\":{\"attachment\":[{\"time\":0,\"name\":null},{\"time\":0.6667,\"name\":\"skin\"}]},\"tanthegioitext\":{\"attachment\":[{\"time\":0,\"name\":null},{\"time\":0.8333,\"name\":\"Room_Text/Text_Decken\"}]},\"text\":{\"attachment\":[{\"time\":0,\"name\":null},{\"time\":0.6667,\"name\":\"text\"}]},\"text_charname\":{\"attachment\":[{\"time\":0,\"name\":null},{\"time\":0.6667,\"name\":\"Boss/text_caribou\"}]},\"wantedtext\":{\"attachment\":[{\"time\":0,\"name\":null},{\"time\":0.6667,\"name\":\"wantedtext\"},{\"time\":1.3333,\"name\":\"huntedtext\"}]}},\"bones\":{\"popup\":{\"translate\":[{\"time\":0.6667,\"x\":0,\"y\":0}]},\"popup2\":{\"translate\":[{\"time\":0,\"x\":0,\"y\":502.13},{\"time\":0.3333,\"x\":0,\"y\":492.78},{\"time\":0.5,\"x\":0,\"y\":511.33},{\"time\":0.6667,\"x\":0,\"y\":488.1},{\"time\":0.9667,\"x\":0,\"y\":-22.18},{\"time\":1.0667,\"x\":0,\"y\":10.12},{\"time\":1.1667,\"x\":0,\"y\":0}]},\"bigavatar\":{\"scale\":[{\"time\":0.6667,\"x\":0.616,\"y\":0.616,\"curve\":\"stepped\"},{\"time\":0.8333,\"x\":0.616,\"y\":0.616},{\"time\":0.9667,\"x\":1.1,\"y\":1.1},{\"time\":1,\"x\":1,\"y\":1}]},\"avatar_back\":{\"scale\":[{\"time\":0.8333,\"x\":0.616,\"y\":0.616},{\"time\":0.9667,\"x\":1.1,\"y\":1.1},{\"time\":1,\"x\":1,\"y\":1}]},\"wantedtext\":{\"scale\":[{\"time\":1.3333,\"x\":1,\"y\":1},{\"time\":1.3667,\"x\":1.2,\"y\":1.2},{\"time\":1.4,\"x\":1,\"y\":1}]},\"cuon giay\":{\"translate\":[{\"time\":0,\"x\":0,\"y\":-24.96},{\"time\":0.6667,\"x\":0,\"y\":-14.53},{\"time\":0.9667,\"x\":0,\"y\":-0.94}],\"scale\":[{\"time\":0.6667,\"x\":1,\"y\":1},{\"time\":0.9667,\"x\":0.9,\"y\":0}]},\"All\":{\"scale\":[{\"time\":0,\"x\":3.268,\"y\":3.268},{\"time\":0.3333,\"x\":1,\"y\":1}]},\"manh giay nho\":{\"translate\":[{\"time\":1,\"x\":0,\"y\":-0.71}]}},\"deform\":{\"default\":{\"Close\":{\"shape copy 2\":[{\"time\":0.6667,\"offset\":4,\"vertices\":[-0.42404,-1.87181,0,0.00407,0,0.00407,0,0.00407,0.29402,2.34906,0.29402,2.34908]}]},\"popupclip\":{\"popupclip\":[{\"time\":0.6667,\"offset\":3,\"vertices\":[549.53973,2.0E-5,549.53973]},{\"time\":1}]}}},\"events\":[{\"time\":0.3333,\"name\":\"shake\"},{\"time\":1.3333,\"name\":\"number\"}]},\"Wanted\":{\"slots\":{\"Close\":{\"color\":[{\"time\":0,\"color\":\"ffffff00\"},{\"time\":0.3333,\"color\":\"ffffffff\"}]},\"avatar\":{\"attachment\":[{\"time\":0,\"name\":null},{\"time\":0.6667,\"name\":\"Avatar/Avatar_21\"}]},\"backavatar\":{\"attachment\":[{\"time\":0,\"name\":null},{\"time\":0.6667,\"name\":\"back_avatar\"}]},\"basic\":{\"attachment\":[{\"time\":0,\"name\":null},{\"time\":0.8333,\"name\":\"Room_Frame/Frame_Vip\"}]},\"bigavatar\":{\"attachment\":[{\"time\":0,\"name\":null},{\"time\":0.6667,\"name\":\"Boss/caribou\"}]},\"cuon giay\":{\"color\":[{\"time\":0,\"color\":\"ffffff00\"},{\"time\":0.1,\"color\":\"ffffffad\"},{\"time\":0.3333,\"color\":\"ffffffff\",\"curve\":\"stepped\"},{\"time\":0.8333,\"color\":\"ffffffff\"},{\"time\":0.9667,\"color\":\"ffffff00\"}]},\"cuon giay2\":{\"color\":[{\"time\":0,\"color\":\"ffffff00\"},{\"time\":0.1,\"color\":\"ffffffad\"},{\"time\":0.3333,\"color\":\"ffffffff\",\"curve\":\"stepped\"},{\"time\":0.8333,\"color\":\"ffffffff\"},{\"time\":0.9667,\"color\":\"ffffff00\"}]},\"giay 1\":{\"color\":[{\"time\":0,\"color\":\"ffffff00\"},{\"time\":0.3333,\"color\":\"ffffffff\"}]},\"giay 2\":{\"color\":[{\"time\":0,\"color\":\"ffffff00\"},{\"time\":0.3333,\"color\":\"ffffffff\"}]},\"glow 3\":{\"color\":[{\"time\":1,\"color\":\"ffffff00\"},{\"time\":1.5,\"color\":\"ffffff9c\",\"curve\":[0.369,0.47,0.753,1]},{\"time\":2,\"color\":\"ffffff00\"}],\"attachment\":[{\"time\":1,\"name\":\"glow 3\"}]},\"skin\":{\"attachment\":[{\"time\":0,\"name\":null},{\"time\":0.6667,\"name\":\"skin\"}]},\"tanthegioitext\":{\"attachment\":[{\"time\":0,\"name\":null},{\"time\":0.8333,\"name\":\"Room_Text/Text_Decken\"}]},\"text\":{\"attachment\":[{\"time\":0,\"name\":null},{\"time\":0.6667,\"name\":\"text\"}]},\"text_charname\":{\"attachment\":[{\"time\":0,\"name\":null},{\"time\":0.6667,\"name\":\"Boss/text_caribou\"}]},\"wantedtext\":{\"attachment\":[{\"time\":0,\"name\":null},{\"time\":0.6667,\"name\":\"wantedtext\"}]}},\"bones\":{\"popup\":{\"translate\":[{\"time\":0.6667,\"x\":0,\"y\":0}]},\"popup2\":{\"translate\":[{\"time\":0,\"x\":0,\"y\":502.13},{\"time\":0.3333,\"x\":0,\"y\":492.78},{\"time\":0.5,\"x\":0,\"y\":511.33},{\"time\":0.6667,\"x\":0,\"y\":488.1},{\"time\":0.9667,\"x\":0,\"y\":-22.18},{\"time\":1.0667,\"x\":0,\"y\":10.12},{\"time\":1.1667,\"x\":0,\"y\":0}]},\"bigavatar\":{\"scale\":[{\"time\":0.6667,\"x\":0.616,\"y\":0.616,\"curve\":\"stepped\"},{\"time\":0.8333,\"x\":0.616,\"y\":0.616},{\"time\":0.9667,\"x\":1.1,\"y\":1.1},{\"time\":1,\"x\":1,\"y\":1}]},\"avatar_back\":{\"scale\":[{\"time\":0.8333,\"x\":0.616,\"y\":0.616},{\"time\":0.9667,\"x\":1.1,\"y\":1.1},{\"time\":1,\"x\":1,\"y\":1}]},\"cuon giay\":{\"translate\":[{\"time\":0,\"x\":0,\"y\":-24.96},{\"time\":0.6667,\"x\":0,\"y\":-14.53},{\"time\":0.9667,\"x\":0,\"y\":-0.94}],\"scale\":[{\"time\":0.6667,\"x\":1,\"y\":1},{\"time\":0.9667,\"x\":0.9,\"y\":0}]},\"All\":{\"scale\":[{\"time\":0,\"x\":3.268,\"y\":3.268},{\"time\":0.3333,\"x\":1,\"y\":1}]},\"manh giay nho\":{\"translate\":[{\"time\":1,\"x\":0,\"y\":-0.07}]}},\"deform\":{\"default\":{\"Close\":{\"shape copy 2\":[{\"time\":0.6667,\"offset\":4,\"vertices\":[-0.42404,-1.87181,0,0.00407,0,0.00407,0,0.00407,0.29402,2.34906,0.29402,2.34908]}]},\"popupclip\":{\"popupclip\":[{\"time\":0.6667,\"offset\":3,\"vertices\":[549.53973,2.0E-5,549.53973]},{\"time\":1}]}}},\"events\":[{\"time\":0.3333,\"name\":\"shake\"}]},\"Wanted_Idle\":{\"slots\":{\"glow 3\":{\"color\":[{\"time\":0,\"color\":\"ffffff00\"},{\"time\":0.5,\"color\":\"ffffff9c\",\"curve\":[0.369,0.47,0.753,1]},{\"time\":1,\"color\":\"ffffff00\"}],\"attachment\":[{\"time\":0,\"name\":\"glow 3\"}]}}}}}","_skeletonJson":{"skeleton":{"hash":"i8NL9uLxAcSMn/lkO8dP7zD3ZvE","spine":"3.7.94","width":453.91,"height":673.51},"bones":[{"name":"root"},{"name":"All","parent":"root","y":287.29},{"name":"popup","parent":"All","x":9.23,"y":-317.31},{"name":"wantedtext","parent":"popup","x":4.88,"y":239.9},{"name":"cross","parent":"popup","x":-20.04,"y":66.39,"scaleX":0.881,"scaleY":0.881},{"name":"Shape 4 copy","parent":"cross","rotation":-100,"x":16.13,"y":-11.07,"scaleX":-1},{"name":"Shape 4","parent":"cross","rotation":4,"x":8.57,"y":-7.75},{"name":"popup2","parent":"popup","x":-0.83,"y":-87.78},{"name":"avatar_back","parent":"popup","x":121.88,"y":-25.58,"scaleX":0.95,"scaleY":0.95},{"name":"bigavatar","parent":"popup","x":-9.26,"y":-16.55,"scaleX":0.94,"scaleY":0.94},{"name":"text","parent":"popup","x":7.59,"y":-113.81,"scaleX":0.946,"scaleY":0.946},{"name":"avatar","parent":"avatar_back","scaleX":0.7,"scaleY":0.7},{"name":"cuon giay","parent":"All","x":0.31,"y":-11.92},{"name":"manh giay nho","parent":"popup2","x":7.34,"y":-201.22},{"name":"khung_tanthegioi","parent":"All","x":-159.79,"y":-357.47,"scaleX":0.95,"scaleY":0.95},{"name":"tanthegioitext","parent":"All","x":-98.13,"y":-356.72},{"name":"text2","parent":"All","x":-37.31,"y":-395.27,"scaleX":0.83,"scaleY":0.83}],"slots":[{"name":"glow 3","bone":"popup"},{"name":"Close","bone":"popup","attachment":"shape copy 2"},{"name":"popupclip","bone":"popup","attachment":"popupclip"},{"name":"skin","bone":"popup","attachment":"skin"},{"name":"text","bone":"text2","attachment":"text"},{"name":"bigavatar","bone":"bigavatar","dark":"000000","attachment":"Boss/caribou"},{"name":"backavatar","bone":"avatar_back","attachment":"back_avatar"},{"name":"avatar","bone":"avatar","attachment":"Avatar/Avatar_21"},{"name":"basic","bone":"khung_tanthegioi","attachment":"Room_Frame/Frame_Vip"},{"name":"tanthegioitext","bone":"tanthegioitext","attachment":"Room_Text/Text_Decken"},{"name":"Shape 4","bone":"Shape 4"},{"name":"Shape 4 copy","bone":"Shape 4 copy"},{"name":"wantedtext","bone":"wantedtext","attachment":"huntedtext"},{"name":"text_charname","bone":"text","attachment":"Boss/text_caribou"},{"name":"bigavatarskin","bone":"bigavatar"},{"name":"cuon giay","bone":"cuon giay","attachment":"cuon giay"},{"name":"cuon giay2","bone":"cuon giay","attachment":"cuon giay"},{"name":"giay 2","bone":"manh giay nho","attachment":"giay 2"},{"name":"giay 1","bone":"manh giay nho","attachment":"giay 1"}],"skins":{"default":{"Close":{"shape copy 2":{"type":"mesh","uvs":[1,1,0,1,0,0.86114,0.00001,0.08011,0,0,1,0,0.99999,0.08092,1,0.86114],"triangles":[1,7,0,1,2,7,2,6,7,2,3,6,6,3,5,3,4,5],"vertices":[1,7,211.33,-232.22,1,1,7,-209.67,-232.22,1,1,7,-209.67,-143.35,1,1,2,-210.5,268.73,1,1,2,-210.5,320,1,1,2,210.5,320,1,2,2,210.5,268.21,0.99956,7,211.32,355.99,0.00044,1,7,211.33,-143.35,1],"hull":8}},"Shape 4":{"Shape 4":{"x":13.02,"y":-9.14,"rotation":-0.44,"width":406,"height":344}},"Shape 4 copy":{"Shape 4":{"x":14.92,"y":6.47,"scaleY":-1,"width":406,"height":344}},"avatar":{"Avatar/Avatar_21":{"width":232,"height":194}},"backavatar":{"back_avatar":{"width":116,"height":119}},"basic":{"Room_Frame/Frame_Vip":{"x":65,"y":8,"width":133,"height":56}},"bigavatar":{"Boss/caribou":{"x":12,"y":100.38,"width":363,"height":267}},"cuon giay":{"cuon giay":{"type":"mesh","uvs":[0.99742,0.99999,0,1,0,0,0.99571,0.00004],"triangles":[1,2,3,1,3,0],"vertices":[7.2,-51.88,-220.22,-51.88,-220.22,48.12,6.81,48.11],"hull":4}},"cuon giay2":{"cuon giay":{"type":"mesh","uvs":[0.99456,0.99999,0,1,0,0,0.99565,0.00001],"triangles":[0,2,3,1,2,0],"vertices":[6.93,-51.88,233.69,-51.88,233.69,48.12,6.68,48.12],"hull":4}},"giay 1":{"giay 1":{"x":112.76,"y":7.45,"scaleX":0.58,"scaleY":0.58,"rotation":-4.38,"width":220,"height":68}},"giay 2":{"giay 2":{"x":-158.44,"y":12.51,"rotation":-30,"width":83,"height":27}},"glow 3":{"glow 3":{"x":-1.48,"y":1.04,"scaleX":2,"scaleY":2,"width":287,"height":400}},"popupclip":{"popupclip":{"type":"clipping","end":"text_charname","vertexCount":4,"vertices":[-236.7,284.92,-229.67,-261.7,244.72,-265.43,241.92,285.38]}},"tanthegioitext":{"Room_Text/Text_Decken":{"width":118,"height":22}},"text":{"text":{"x":-4.76,"y":1.3,"width":226,"height":34}},"text_charname":{"Boss/text_caribou":{"x":-5.4,"y":-2.75,"width":316,"height":47}},"wantedtext":{"huntedtext":{"x":-4.27,"y":-2.53,"width":319,"height":67},"wantedtext":{"x":-3.96,"y":-2.28,"width":332,"height":67}}},"basic":{"skin":{"skin":{"name":"shape","x":2.1,"y":75.5,"scaleX":0.95,"scaleY":0.95,"width":343,"height":243}}},"vip":{"skin":{"skin":{"name":"shape1","x":2.1,"y":75.5,"scaleX":0.95,"scaleY":0.95,"width":356,"height":269}}}},"events":{"number":{},"shake":{}},"animations":{"Close":{"slots":{"tanthegioitext":{"attachment":[{"time":0,"name":null}]},"wantedtext":{"attachment":[{"time":0,"name":"wantedtext"}]}},"bones":{"popup":{"translate":[{"time":0,"x":0,"y":0}]},"popup2":{"translate":[{"time":0,"x":0,"y":488.1}]},"bigavatar":{"scale":[{"time":0,"x":0.616,"y":0.616}]},"manh giay nho":{"translate":[{"time":0,"x":-1.59,"y":22.87}]}},"deform":{"default":{"Close":{"shape copy 2":[{"time":0,"offset":1,"vertices":[23.66508,0,23.66508,-10.318,21.78917,0,23.66505,0,23.66505,0,23.66505,8.442,26.01004,8.442,26.01006,0,23.66508]}]},"popupclip":{"popupclip":[{"time":0,"offset":3,"vertices":[549.53973,0.00002,549.53973]}]}}}},"Hunted":{"slots":{"Close":{"color":[{"time":0,"color":"ffffff00"},{"time":0.3333,"color":"ffffffff"}]},"Shape 4":{"attachment":[{"time":1.1667,"name":"Shape 4"}]},"Shape 4 copy":{"attachment":[{"time":1.3,"name":"Shape 4"}]},"avatar":{"color":[{"time":1.1667,"color":"ffffffff"},{"time":1.3333,"color":"767676ff"}],"attachment":[{"time":0,"name":null},{"time":0.6667,"name":"Avatar/Avatar_21"}]},"backavatar":{"attachment":[{"time":0,"name":null},{"time":0.6667,"name":"back_avatar"}]},"basic":{"attachment":[{"time":0,"name":null},{"time":0.8333,"name":"Room_Frame/Frame_Vip"}]},"bigavatar":{"twoColor":[{"time":1.1667,"light":"ffffffff","dark":"000000"},{"time":1.3333,"light":"767676ff","dark":"111111"}],"attachment":[{"time":0,"name":null},{"time":0.6667,"name":"Boss/caribou"}]},"cuon giay":{"color":[{"time":0,"color":"ffffff00"},{"time":0.1,"color":"ffffffad"},{"time":0.3333,"color":"ffffffff","curve":"stepped"},{"time":0.8333,"color":"ffffffff"},{"time":0.9667,"color":"ffffff00"}]},"cuon giay2":{"color":[{"time":0,"color":"ffffff00"},{"time":0.1,"color":"ffffffad"},{"time":0.3333,"color":"ffffffff","curve":"stepped"},{"time":0.8333,"color":"ffffffff"},{"time":0.9667,"color":"ffffff00"}]},"giay 1":{"color":[{"time":0,"color":"ffffff00"},{"time":0.3333,"color":"ffffffff"}]},"giay 2":{"color":[{"time":0,"color":"ffffff00"},{"time":0.3333,"color":"ffffffff"}]},"glow 3":{"color":[{"time":1,"color":"ffffff00"},{"time":1.5,"color":"ffffff9c","curve":[0.369,0.47,0.753,1]},{"time":2,"color":"ffffff00"}],"attachment":[{"time":1,"name":"glow 3"}]},"skin":{"attachment":[{"time":0,"name":null},{"time":0.6667,"name":"skin"}]},"tanthegioitext":{"attachment":[{"time":0,"name":null},{"time":0.8333,"name":"Room_Text/Text_Decken"}]},"text":{"attachment":[{"time":0,"name":null},{"time":0.6667,"name":"text"}]},"text_charname":{"attachment":[{"time":0,"name":null},{"time":0.6667,"name":"Boss/text_caribou"}]},"wantedtext":{"attachment":[{"time":0,"name":null},{"time":0.6667,"name":"wantedtext"},{"time":1.3333,"name":"huntedtext"}]}},"bones":{"popup":{"translate":[{"time":0.6667,"x":0,"y":0}]},"popup2":{"translate":[{"time":0,"x":0,"y":502.13},{"time":0.3333,"x":0,"y":492.78},{"time":0.5,"x":0,"y":511.33},{"time":0.6667,"x":0,"y":488.1},{"time":0.9667,"x":0,"y":-22.18},{"time":1.0667,"x":0,"y":10.12},{"time":1.1667,"x":0,"y":0}]},"bigavatar":{"scale":[{"time":0.6667,"x":0.616,"y":0.616,"curve":"stepped"},{"time":0.8333,"x":0.616,"y":0.616},{"time":0.9667,"x":1.1,"y":1.1},{"time":1,"x":1,"y":1}]},"avatar_back":{"scale":[{"time":0.8333,"x":0.616,"y":0.616},{"time":0.9667,"x":1.1,"y":1.1},{"time":1,"x":1,"y":1}]},"wantedtext":{"scale":[{"time":1.3333,"x":1,"y":1},{"time":1.3667,"x":1.2,"y":1.2},{"time":1.4,"x":1,"y":1}]},"cuon giay":{"translate":[{"time":0,"x":0,"y":-24.96},{"time":0.6667,"x":0,"y":-14.53},{"time":0.9667,"x":0,"y":-0.94}],"scale":[{"time":0.6667,"x":1,"y":1},{"time":0.9667,"x":0.9,"y":0}]},"All":{"scale":[{"time":0,"x":3.268,"y":3.268},{"time":0.3333,"x":1,"y":1}]},"manh giay nho":{"translate":[{"time":1,"x":0,"y":-0.71}]}},"deform":{"default":{"Close":{"shape copy 2":[{"time":0.6667,"offset":4,"vertices":[-0.42404,-1.87181,0,0.00407,0,0.00407,0,0.00407,0.29402,2.34906,0.29402,2.34908]}]},"popupclip":{"popupclip":[{"time":0.6667,"offset":3,"vertices":[549.53973,0.00002,549.53973]},{"time":1}]}}},"events":[{"time":0.3333,"name":"shake"},{"time":1.3333,"name":"number"}]},"Wanted":{"slots":{"Close":{"color":[{"time":0,"color":"ffffff00"},{"time":0.3333,"color":"ffffffff"}]},"avatar":{"attachment":[{"time":0,"name":null},{"time":0.6667,"name":"Avatar/Avatar_21"}]},"backavatar":{"attachment":[{"time":0,"name":null},{"time":0.6667,"name":"back_avatar"}]},"basic":{"attachment":[{"time":0,"name":null},{"time":0.8333,"name":"Room_Frame/Frame_Vip"}]},"bigavatar":{"attachment":[{"time":0,"name":null},{"time":0.6667,"name":"Boss/caribou"}]},"cuon giay":{"color":[{"time":0,"color":"ffffff00"},{"time":0.1,"color":"ffffffad"},{"time":0.3333,"color":"ffffffff","curve":"stepped"},{"time":0.8333,"color":"ffffffff"},{"time":0.9667,"color":"ffffff00"}]},"cuon giay2":{"color":[{"time":0,"color":"ffffff00"},{"time":0.1,"color":"ffffffad"},{"time":0.3333,"color":"ffffffff","curve":"stepped"},{"time":0.8333,"color":"ffffffff"},{"time":0.9667,"color":"ffffff00"}]},"giay 1":{"color":[{"time":0,"color":"ffffff00"},{"time":0.3333,"color":"ffffffff"}]},"giay 2":{"color":[{"time":0,"color":"ffffff00"},{"time":0.3333,"color":"ffffffff"}]},"glow 3":{"color":[{"time":1,"color":"ffffff00"},{"time":1.5,"color":"ffffff9c","curve":[0.369,0.47,0.753,1]},{"time":2,"color":"ffffff00"}],"attachment":[{"time":1,"name":"glow 3"}]},"skin":{"attachment":[{"time":0,"name":null},{"time":0.6667,"name":"skin"}]},"tanthegioitext":{"attachment":[{"time":0,"name":null},{"time":0.8333,"name":"Room_Text/Text_Decken"}]},"text":{"attachment":[{"time":0,"name":null},{"time":0.6667,"name":"text"}]},"text_charname":{"attachment":[{"time":0,"name":null},{"time":0.6667,"name":"Boss/text_caribou"}]},"wantedtext":{"attachment":[{"time":0,"name":null},{"time":0.6667,"name":"wantedtext"}]}},"bones":{"popup":{"translate":[{"time":0.6667,"x":0,"y":0}]},"popup2":{"translate":[{"time":0,"x":0,"y":502.13},{"time":0.3333,"x":0,"y":492.78},{"time":0.5,"x":0,"y":511.33},{"time":0.6667,"x":0,"y":488.1},{"time":0.9667,"x":0,"y":-22.18},{"time":1.0667,"x":0,"y":10.12},{"time":1.1667,"x":0,"y":0}]},"bigavatar":{"scale":[{"time":0.6667,"x":0.616,"y":0.616,"curve":"stepped"},{"time":0.8333,"x":0.616,"y":0.616},{"time":0.9667,"x":1.1,"y":1.1},{"time":1,"x":1,"y":1}]},"avatar_back":{"scale":[{"time":0.8333,"x":0.616,"y":0.616},{"time":0.9667,"x":1.1,"y":1.1},{"time":1,"x":1,"y":1}]},"cuon giay":{"translate":[{"time":0,"x":0,"y":-24.96},{"time":0.6667,"x":0,"y":-14.53},{"time":0.9667,"x":0,"y":-0.94}],"scale":[{"time":0.6667,"x":1,"y":1},{"time":0.9667,"x":0.9,"y":0}]},"All":{"scale":[{"time":0,"x":3.268,"y":3.268},{"time":0.3333,"x":1,"y":1}]},"manh giay nho":{"translate":[{"time":1,"x":0,"y":-0.07}]}},"deform":{"default":{"Close":{"shape copy 2":[{"time":0.6667,"offset":4,"vertices":[-0.42404,-1.87181,0,0.00407,0,0.00407,0,0.00407,0.29402,2.34906,0.29402,2.34908]}]},"popupclip":{"popupclip":[{"time":0.6667,"offset":3,"vertices":[549.53973,0.00002,549.53973]},{"time":1}]}}},"events":[{"time":0.3333,"name":"shake"}]},"Wanted_Idle":{"slots":{"glow 3":{"color":[{"time":0,"color":"ffffff00"},{"time":0.5,"color":"ffffff9c","curve":[0.369,0.47,0.753,1]},{"time":1,"color":"ffffff00"}],"attachment":[{"time":0,"name":"glow 3"}]}}}}},"_atlasText":"\nCa6_Bounty.png\nsize: 1951,435\nformat: RGBA8888\nfilter: Linear,Linear\nrepeat: none\nShape 4\n  rotate: true\n  xy: 641, 29\n  size: 406, 344\n  orig: 406, 344\n  offset: 0, 0\n  index: -1\nback_avatar\n  rotate: true\n  xy: 1824, 0\n  size: 116, 119\n  orig: 116, 119\n  offset: 0, 0\n  index: -1\ncuon giay\n  rotate: true\n  xy: 1851, 207\n  size: 228, 100\n  orig: 228, 100\n  offset: 0, 0\n  index: -1\ngiay 1\n  rotate: false\n  xy: 1272, 11\n  size: 220, 68\n  orig: 220, 68\n  offset: 0, 0\n  index: -1\ngiay 2\n  rotate: false\n  xy: 641, 2\n  size: 83, 27\n  orig: 83, 27\n  offset: 0, 0\n  index: -1\nglow 3\n  rotate: false\n  xy: 985, 35\n  size: 287, 400\n  orig: 287, 400\n  offset: 0, 0\n  index: -1\nhuntedtext\n  rotate: true\n  xy: 1784, 116\n  size: 319, 67\n  orig: 319, 67\n  offset: 0, 0\n  index: -1\nshape\n  rotate: true\n  xy: 1541, 92\n  size: 343, 243\n  orig: 343, 243\n  offset: 0, 0\n  index: -1\nshape copy 2\n  rotate: true\n  xy: 0, 15\n  size: 420, 641\n  orig: 420, 641\n  offset: 0, 0\n  index: -1\nshape1\n  rotate: true\n  xy: 1272, 79\n  size: 356, 269\n  orig: 356, 269\n  offset: 0, 0\n  index: -1\ntext\n  rotate: false\n  xy: 985, 1\n  size: 226, 34\n  orig: 226, 34\n  offset: 0, 0\n  index: -1\nwantedtext\n  rotate: false\n  xy: 1492, 12\n  size: 332, 67\n  orig: 332, 67\n  offset: 0, 0\n  index: -1\n\nCa6_Bounty2.png\nsize: 232,194\nformat: RGBA8888\nfilter: Linear,Linear\nrepeat: none\nAvatar/Avatar_21\n  rotate: false\n  xy: 0, 0\n  size: 232, 194\n  orig: 232, 194\n  offset: 0, 0\n  index: -1\n\nCa6_Bounty3.png\nsize: 314,363\nformat: RGBA8888\nfilter: Linear,Linear\nrepeat: none\nBoss/caribou\n  rotate: true\n  xy: 0, 0\n  size: 363, 267\n  orig: 363, 267\n  offset: 0, 0\n  index: -1\nBoss/text_caribou\n  rotate: true\n  xy: 267, 47\n  size: 316, 47\n  orig: 316, 47\n  offset: 0, 0\n  index: -1\n\nCa6_Bounty4.png\nsize: 133,56\nformat: RGBA8888\nfilter: Linear,Linear\nrepeat: none\nRoom_Frame/Frame_Vip\n  rotate: false\n  xy: 0, 0\n  size: 133, 56\n  orig: 133, 56\n  offset: 0, 0\n  index: -1\n\nCa6_Bounty5.png\nsize: 118,22\nformat: RGBA8888\nfilter: Linear,Linear\nrepeat: none\nRoom_Text/Text_Decken\n  rotate: false\n  xy: 0, 0\n  size: 118, 22\n  orig: 118, 22\n  offset: 0, 0\n  index: -1\n","textures":[{"__uuid__":"8997UTwk5Ki5pt1MjNIkC6"},{"__uuid__":"69apWLlrtJKJAltbgm04DZ"},{"__uuid__":"6calJ6zSVFxL1NcqDfDckB"},{"__uuid__":"64YVaioWVITb7JR9pdO5oA"},{"__uuid__":"58ys+KzGtCXpJw4iPxBR+j"}],"textureNames":["Ca6_Bounty.png","Ca6_Bounty2.png","Ca6_Bounty3.png","Ca6_Bounty4.png","Ca6_Bounty5.png"]}