[{"__type__":"cc.Prefab","_name":"FrankyExplosion","data":{"__id__":1}},{"__type__":"cc.Node","_name":"FrankyExplosion","_level":1,"_components":[{"__type__":"6c74fBUS4JFWJt5JB4gCh0v","node":{"__id__":1}},{"__type__":"sp.Skeleton","node":{"__id__":1},"_materials":[{"__uuid__":"7a/QZLET9IDreTiBfRn2PD"}],"_preCacheMode":0,"loop":false,"premultipliedAlpha":false,"_animationName":"Explosion","_playTimes":1,"_N$skeletonData":{"__uuid__":"f2aNBLVV1EA4ZyrbHHSyeR"}}],"_prefab":{"__type__":"cc.PrefabInfo","root":{"__id__":1},"asset":{"__uuid__":"02DbZGg2ZHqZB6FjjdnfNA"},"fileId":"2a9QWHPC9ELaZiOu3ksVE1"},"_contentSize":{"__type__":"cc.Size","width":51,"height":124.51},"_position":{"__type__":"cc.Vec3","x":-7.079,"y":124.602}}]