{"__type__":"cc.AnimationClip","_name":"DTFish2Anim","_duration":0.16666666666666666,"speed":0.2,"wrapMode":2,"curveData":{"comps":{"cc.Sprite":{"spriteFrame":[{"frame":0,"value":{"__uuid__":"7aYDubEORAfJw7Ut3QSC/8"}},{"frame":0.016666666666666666,"value":{"__uuid__":"edayLmD7pOJJGknfyAvlJ4"}},{"frame":0.03333333333333333,"value":{"__uuid__":"8cj6N6Y/BDq5izpPQoqW38"}},{"frame":0.05,"value":{"__uuid__":"16JtF4RoREpLEFr8uWJ8BG"}},{"frame":0.06666666666666667,"value":{"__uuid__":"a4nwYZrkdPPKYNH0Z6gDz7"}},{"frame":0.08333333333333333,"value":{"__uuid__":"09UN0SdHpEibMHptec1HQV"}},{"frame":0.1,"value":{"__uuid__":"e0xg718EBAj5QQ5nCva47e"}},{"frame":0.11666666666666667,"value":{"__uuid__":"887/XhEAhAzKaSO8eeKD83"}},{"frame":0.13333333333333333,"value":{"__uuid__":"a0IdpAHHZCdIcEVTayzNrw"}},{"frame":0.15,"value":{"__uuid__":"eft0S+MTBGk63kry2Nn6mw"}}]}}}}