{"__type__":"cc.AnimationClip","_name":"cristicalMiniBossR","_duration":1.35,"curveData":{"props":{"opacity":[{"frame":1.2666666666666666,"value":255},{"frame":1.35,"value":0}],"scale":[{"frame":1.2666666666666666,"value":{"__type__":"cc.Vec2","x":1,"y":1}},{"frame":1.35,"value":{"__type__":"cc.Vec2","x":1.5,"y":1.5}}],"angle":[{"frame":0,"value":0},{"frame":0.16666666666666666,"value":0},{"frame":0.36666666666666664,"value":-10},{"frame":0.65,"value":0},{"frame":0.7666666666666667,"value":-7},{"frame":0.85,"value":0},{"frame":0.9333333333333333,"value":-5},{"frame":1.05,"value":0},{"frame":1.1333333333333333,"value":-5},{"frame":1.2666666666666666,"value":0}]}}}