[{"__type__":"cc.Prefab","_name":"Bullet","data":{"__id__":1}},{"__type__":"cc.Node","_name":"Bullet","_level":1,"_components":[{"__type__":"cc.Sprite","node":{"__id__":1},"_materials":[{"__uuid__":"ecpdLyjvZBwrvm+cedCcQy"}],"_spriteFrame":{"__uuid__":"7epLuEKQFCB5kj7tPaDUNc"},"_sizeMode":2},{"__type__":"cc.BoxCollider","node":{"__id__":1},"_size":{"__type__":"cc.Size","width":20,"height":20}},{"__type__":"b962bjqWSlDf6i7ee6y+nRl","node":{"__id__":1}}],"_prefab":{"__type__":"cc.PrefabInfo","root":{"__id__":1},"asset":{"__uuid__":"32s7BNqzZFX4BechqNihPD"},"fileId":"e5GzrcbkVDepegZ6CTUQ1D"},"_contentSize":{"__type__":"cc.Size","width":56,"height":25},"groupIndex":5}]