{"__type__":"cc.AnimationClip","_name":"DTFish11Anim","_duration":0.16666666666666666,"speed":0.2,"wrapMode":2,"curveData":{"comps":{"cc.Sprite":{"spriteFrame":[{"frame":0,"value":{"__uuid__":"00MGd3GB5G17IRknBxmSB2"}},{"frame":0.016666666666666666,"value":{"__uuid__":"4bAe0hql5FuY1rtQRO83X3"}},{"frame":0.03333333333333333,"value":{"__uuid__":"e5IoWDn7pPLK18QjcKQWYa"}},{"frame":0.05,"value":{"__uuid__":"d12KadIj1JHKUJ0E0Wre7n"}},{"frame":0.06666666666666667,"value":{"__uuid__":"9bSn7QUYxEv6E3tN468j5p"}},{"frame":0.08333333333333333,"value":{"__uuid__":"22UdNFjdFKJbZVJv/xiOaC"}},{"frame":0.1,"value":{"__uuid__":"1dEJV8miJI6LDoxctbc/3i"}},{"frame":0.11666666666666667,"value":{"__uuid__":"aadXGprJxBjYgl7As6DNIW"}},{"frame":0.13333333333333333,"value":{"__uuid__":"1dHk+6XqpKe6QfdQG5GUot"}},{"frame":0.15,"value":{"__uuid__":"a5akb3hStOLq7ClmxqglVL"}}]}}}}