{"__type__":"sp.SkeletonData","_name":"Fish_10","skeletonJsonStr":"{\"skeleton\":{\"hash\":\"mV/vYeEMyN4iG2EUnTG1vB487jw\",\"spine\":\"3.7.94\",\"width\":83.7,\"height\":90.44},\"bones\":[{\"name\":\"root\"},{\"name\":\"Scale\",\"parent\":\"root\",\"scaleX\":0.9,\"scaleY\":0.9},{\"name\":\"All\",\"parent\":\"Scale\",\"scaleX\":0.5,\"scaleY\":0.5},{\"name\":\"Body\",\"parent\":\"All\",\"x\":23.18,\"y\":0.33},{\"name\":\"Head\",\"parent\":\"Body\",\"x\":50.48,\"y\":-0.63},{\"name\":\"Body2\",\"parent\":\"Body\",\"length\":49.51,\"rotation\":179.58,\"x\":24.94,\"y\":-0.74},{\"name\":\"Body3\",\"parent\":\"Body2\",\"length\":45.14,\"rotation\":0.65,\"x\":49.51},{\"name\":\"Body6\",\"parent\":\"Body3\",\"length\":16.11,\"rotation\":0.9,\"x\":45.15,\"y\":0.06},{\"name\":\"Body7\",\"parent\":\"Body6\",\"length\":14.42,\"rotation\":-0.29,\"x\":16.11},{\"name\":\"Body8\",\"parent\":\"Body7\",\"length\":16.54,\"rotation\":0.99,\"x\":14.42},{\"name\":\"3D\",\"parent\":\"All\",\"x\":23.19,\"y\":0.36},{\"name\":\"Positive\",\"parent\":\"All\",\"x\":23.19,\"y\":100},{\"name\":\"L_Fin\",\"parent\":\"Body2\",\"x\":10.6,\"y\":-55.3},{\"name\":\"10_x15/Fin\",\"parent\":\"L_Fin\",\"length\":15.08,\"rotation\":-47.54,\"x\":-3.67,\"y\":-3.43},{\"name\":\"10_x15/Fin2\",\"parent\":\"10_x15/Fin\",\"length\":15.01,\"rotation\":-9.84,\"x\":15.08},{\"name\":\"10_x15/Fin3\",\"parent\":\"10_x15/Fin2\",\"length\":17.15,\"rotation\":-8.48,\"x\":14.84,\"y\":0.11},{\"name\":\"R_Fin\",\"parent\":\"Body2\",\"x\":9.79,\"y\":54.34,\"scaleY\":-1},{\"name\":\"10_x15/Fin4\",\"parent\":\"R_Fin\",\"length\":15.08,\"rotation\":-47.54,\"x\":-3.67,\"y\":-3.43},{\"name\":\"10_x15/Fin5\",\"parent\":\"10_x15/Fin4\",\"length\":15.01,\"rotation\":-9.84,\"x\":15.08},{\"name\":\"10_x15/Fin6\",\"parent\":\"10_x15/Fin5\",\"length\":17.15,\"rotation\":-8.48,\"x\":14.84,\"y\":0.11},{\"name\":\"Negative\",\"parent\":\"All\",\"x\":23.19,\"y\":100},{\"name\":\"Shadow\",\"parent\":\"All\",\"x\":-6.62,\"y\":-62.1,\"scaleX\":0.3,\"scaleY\":0.3},{\"name\":\"Body5\",\"parent\":\"Shadow\",\"length\":90.51,\"rotation\":179.58,\"x\":24.94,\"y\":-0.74},{\"name\":\"Body10\",\"parent\":\"Body5\",\"length\":16.11,\"rotation\":1.55,\"x\":94.66,\"y\":0.58},{\"name\":\"Body11\",\"parent\":\"Body10\",\"length\":14.42,\"rotation\":-0.29,\"x\":16.11},{\"name\":\"Body12\",\"parent\":\"Body11\",\"length\":16.54,\"rotation\":0.99,\"x\":14.42},{\"name\":\"Body9\",\"parent\":\"Body5\",\"length\":30.77,\"rotation\":-69.89,\"x\":21.55,\"y\":-68.93},{\"name\":\"Body13\",\"parent\":\"Body5\",\"length\":29.8,\"rotation\":67.53,\"x\":21.15,\"y\":68.02}],\"slots\":[{\"name\":\"10_x15/Shadow\",\"bone\":\"All\",\"attachment\":\"10_x15/Shadow\"},{\"name\":\"10_x15/Fin\",\"bone\":\"10_x15/Fin\",\"attachment\":\"10_x15/Fin\"},{\"name\":\"10_x15/Fin2\",\"bone\":\"10_x15/Fin4\",\"attachment\":\"10_x15/Fin\"},{\"name\":\"Body\",\"bone\":\"Body\",\"attachment\":\"10_x15/Body\"}],\"transform\":[{\"name\":\"Negative\",\"order\":0,\"bones\":[\"Negative\"],\"target\":\"3D\",\"y\":99.64,\"rotateMix\":0,\"translateMix\":-0.25,\"scaleMix\":0,\"shearMix\":0},{\"name\":\"Positive\",\"order\":1,\"bones\":[\"Positive\"],\"target\":\"3D\",\"y\":99.64,\"rotateMix\":0,\"translateMix\":0.25,\"scaleMix\":0,\"shearMix\":0}],\"skins\":{\"default\":{\"10_x15/Fin\":{\"10_x15/Fin\":{\"type\":\"mesh\",\"uvs\":[0.9702,0.84015,1,1,0.71005,1,0.38519,0.90006,0.0587,0.67309,0,0.47588,0.08303,0.14726,0.3814,0,0.76627,0.03191,0.87492,0.19377,0.9241,0.59284],\"triangles\":[7,4,5,7,5,6,9,4,7,9,7,8,3,4,9,3,9,10,2,3,10,0,2,10,2,0,1],\"vertices\":[3,13,4.12,-4.79,0.62097,14,-9.98,-6.59,0.32851,15,-23.56,-10.29,0.05052,3,13,-1.72,-1.01,0.76917,14,-16.38,-3.86,0.22891,15,-30.3,-8.53,0.00192,3,13,5.46,6.96,0.71622,14,-10.66,5.21,0.20601,15,-25.98,1.29,0.07778,3,13,16.71,13.01,0.3778,14,-0.62,13.09,0.34668,15,-17.21,10.56,0.27551,3,13,32.04,15.44,0.05104,14,14.08,18.11,0.35802,15,-3.41,17.7,0.59094,2,14,22.41,15.43,0.04637,15,5.22,16.27,0.95363,2,14,32.73,5.3,0.01993,15,16.92,7.78,0.98007,2,14,32.2,-7.42,0.18422,15,18.28,-4.88,0.81578,3,13,34.99,-22.46,1.6E-4,14,23.45,-18.73,0.42563,15,11.29,-17.36,0.57422,3,13,27.13,-20.79,0.09076,14,15.42,-18.42,0.49841,15,3.31,-18.24,0.41083,3,13,13.16,-10.65,0.39168,14,-0.07,-10.82,0.4826,15,-13.14,-13.01,0.12572],\"hull\":11}},\"10_x15/Fin2\":{\"10_x15/Fin\":{\"type\":\"mesh\",\"uvs\":[0.969,0.83371,1,1,0.71005,1,0.38519,0.90006,0.0587,0.67309,0,0.47588,0.08303,0.14726,0.3814,0,0.76627,0.03191,0.87492,0.19377,0.9241,0.59284],\"triangles\":[7,4,5,7,5,6,9,4,7,9,7,8,3,4,9,3,9,10,2,3,10,0,2,10,2,0,1],\"vertices\":[3,17,4.36,-4.94,0.615,18,-9.72,-6.7,0.33252,19,-23.29,-10.36,0.05248,3,17,-1.72,-1.01,0.76917,18,-16.38,-3.86,0.22891,19,-30.3,-8.53,0.00192,3,17,5.46,6.96,0.71622,18,-10.66,5.21,0.20601,19,-25.98,1.29,0.07778,3,17,16.71,13.01,0.3778,18,-0.62,13.09,0.34668,19,-17.21,10.56,0.27551,3,17,32.04,15.44,0.05104,18,14.08,18.11,0.35802,19,-3.41,17.7,0.59094,2,18,22.41,15.43,0.04637,19,5.22,16.27,0.95363,2,18,32.73,5.3,0.01993,19,16.92,7.78,0.98007,2,18,32.2,-7.42,0.18422,19,18.28,-4.88,0.81578,3,17,34.99,-22.46,1.6E-4,18,23.45,-18.73,0.42563,19,11.29,-17.36,0.57422,3,17,27.13,-20.79,0.09076,18,15.42,-18.42,0.49841,19,3.31,-18.24,0.41083,3,17,13.16,-10.65,0.39168,18,-0.07,-10.82,0.4826,19,-13.14,-13.01,0.12572],\"hull\":11}},\"10_x15/Shadow\":{\"10_x15/Shadow\":{\"type\":\"mesh\",\"color\":\"ffffff4b\",\"uvs\":[1,0.58687,1,0.38427,0.92443,0.25691,0.75711,0.17297,0.73678,0.10206,0.72271,0,0.49909,0,0.50222,0.09482,0.56789,0.16284,0.37242,0.22073,0.25671,0.34085,0.25045,0.45518,0.14881,0.43347,0.04091,0.43347,0,0.47978,0,0.55938,0.05029,0.60569,0.15506,0.61003,0.24732,0.56661,0.25201,0.6766,0.35991,0.79238,0.54444,0.83145,0.50222,0.92005,0.51316,1,0.7446,1,0.73052,0.92005,0.74147,0.83612,0.91974,0.72902],\"triangles\":[16,14,13,16,13,12,16,15,14,17,16,12,23,25,24,25,23,22,25,22,21,7,6,5,4,8,5,8,7,5,18,17,12,8,4,3,18,12,11,11,20,18,21,3,26,3,21,8,27,26,3,3,2,1,1,0,3,0,27,3,11,8,20,9,8,11,8,21,20,9,11,10,19,18,20,25,21,26],\"vertices\":[1,22,-40.37,17.53,1,1,22,-40.07,-23.24,1,1,22,-25.8,-48.77,1,1,22,5.48,-65.43,1,2,22,9.37,-79.67,4.4E-4,26,5.91,-15.13,0.99956,1,26,26.13,-19.58,1,1,26,40.16,19.63,1,2,22,53.07,-80.81,0.00421,26,22,25.52,0.99579,1,22,40.74,-67.21,1,1,22,77.06,-55.29,1,1,22,98.43,-30.96,1,5,22,99.43,-7.95,0.41743,26,-30.48,94.1,0.00234,23,4.54,-8.65,0.26998,24,-11.53,-8.71,0.25992,25,-26.1,-8.26,0.05033,5,22,118.39,-12.17,0.08409,26,-19.99,110.45,0.00234,23,23.38,-13.39,0.26998,24,7.33,-13.35,0.27274,25,-7.32,-13.23,0.37085,3,23,43.47,-13.79,0.02515,24,27.43,-13.65,0.27066,25,12.77,-13.87,0.70418,2,24,35.18,-4.44,0.01422,25,20.68,-4.8,0.98578,3,23,51.59,11.4,0.00193,24,35.42,11.57,0.04499,25,21.2,11.21,0.95309,4,27,2.13,-123.93,3.0E-5,23,42.41,20.9,0.06521,24,26.19,21.03,0.23079,25,12.13,20.82,0.70397,5,22,116.96,23.35,0.33333,27,-4.66,-105.61,3.0E-5,23,22.92,22.16,0.06521,24,6.69,22.19,0.22939,25,-7.34,22.32,0.37203,1,22,99.84,14.48,1,1,22,98.81,36.61,1,1,22,78.54,59.76,1,3,22,44.12,67.38,0.66821,27,8.18,-21.47,0.33099,23,-48.71,68.14,8.0E-4,3,22,51.85,85.26,0.22514,27,27.67,-21.78,0.77432,23,-40.5,85.81,5.4E-4,3,22,49.69,101.34,0,27,41.7,-13.64,0.99999,23,-42.22,101.94,1.0E-5,1,27,24.93,26.07,1,1,27,11.13,17.39,1,1,22,7.41,68.04,1,1,22,-25.63,46.25,1],\"hull\":28}},\"Body\":{\"10_x15/Body\":{\"type\":\"mesh\",\"uvs\":[0.25307,0.44736,0.28337,0.29693,0.36757,0.14848,0.50228,0.04749,0.64166,0.03167,0.67815,0,0.70341,0,0.76047,0.06331,0.90314,0.17038,1,0.35777,1,0.49841,1,0.62789,0.89566,0.84387,0.75627,0.94547,0.6936,1,0.66664,1,0.63764,0.96742,0.502,0.9443,0.36168,0.84939,0.27842,0.70216,0.25218,0.56149,0.16897,0.63392,0.08731,0.63731,0,0.55123,0,0.45023,0.08731,0.42103,0.16429,0.42504,0.25295,0.49674,0.36274,0.49699,0.49603,0.49728,0.6322,0.49759,0.75987,0.49787,0.89879,0.49818,0.63744,0.94967,0.75646,0.92206,0.64131,0.04922,0.76045,0.08099],\"triangles\":[17,33,16,13,33,34,16,33,14,14,15,16,13,14,33,30,34,33,35,3,4,6,4,5,6,7,4,7,35,4,36,35,7,8,32,31,32,11,12,32,10,11,32,9,10,9,32,8,32,12,31,23,25,22,23,24,25,21,26,20,22,26,21,22,25,26,28,1,2,17,18,29,18,19,28,29,2,3,18,28,29,28,20,27,28,2,29,27,0,28,27,26,0,20,26,27,19,20,28,0,1,28,8,31,36,34,30,31,31,30,36,29,3,30,17,29,30,33,17,30,30,3,35,34,31,12,13,34,12,36,7,8,30,35,36],\"vertices\":[5,5,94.68,-6.65,1.9E-4,6,45.09,-7.17,0.64191,7,-0.18,-7.23,0.13879,20,-69.69,-93.06,0.08677,11,-69.69,-93.06,0.13235,4,5,89.2,-28.21,0.05716,6,39.37,-28.66,0.74676,20,-64.06,-71.55,0.08932,11,-64.06,-71.55,0.10675,5,5,73.69,-49.55,0.26006,6,23.62,-49.82,0.54989,4,-98.86,49.98,5.0E-5,20,-48.4,-50.32,0.09,11,-48.4,-50.32,0.1,6,5,48.74,-64.17,0.49184,6,-1.49,-64.16,0.27767,4,-73.81,64.42,0.01134,20,-23.34,-35.88,0.08676,11,-23.34,-35.88,0.0964,12,38.15,-8.87,0.03599,6,5,22.83,-66.63,0.16452,6,-27.43,-66.32,0.02655,4,-47.88,66.68,0.01727,20,2.59,-33.62,0.02315,11,2.59,-33.62,0.02572,12,12.24,-11.32,0.7428,1,12,5.49,-15.9,1,1,12,0.79,-15.94,1,6,5,0.7,-62.27,0.38269,6,-49.51,-61.71,0.02375,4,-25.78,62.16,0.09032,20,24.68,-38.14,0.0552,11,24.68,-38.14,0.06133,12,-9.89,-6.96,0.38671,6,5,-25.94,-47.15,0.37437,6,-75.98,-46.29,8.0E-4,4,0.76,46.85,0.40407,20,51.22,-53.45,0.08658,11,51.22,-53.45,0.0962,12,-36.54,8.15,0.03798,4,5,-44.16,-20.49,0.05096,4,18.77,20.05,0.75904,20,69.24,-80.25,0.09,11,69.24,-80.25,0.1,3,4,18.77,-0.06,0.80727,20,69.24,-100.36,0.0897,11,69.24,-100.36,0.10304,4,5,-44.44,18.14,0.05376,4,18.77,-18.58,0.75624,20,69.24,-118.88,0.09,11,69.24,-118.88,0.1,6,5,-25.26,49.17,0.44105,6,-74.2,50.02,0.00474,4,-0.64,-49.46,0.33966,20,49.83,-149.76,0.08727,11,49.83,-149.76,0.09794,16,-35.05,5.17,0.02934,6,5,0.56,63.89,0.3197,6,-48.22,64.44,0.02871,4,-26.56,-63.99,0.05701,20,23.9,-164.29,0.04505,11,23.9,-164.29,0.05005,16,-9.23,-9.55,0.49949,1,16,2.37,-17.43,1,1,16,7.38,-17.47,1,6,5,22.6,67.19,0.09858,6,-26.14,67.49,0.01993,4,-48.63,-67.13,0.00717,20,1.84,-167.43,0.01397,11,1.84,-167.43,0.01552,16,12.81,-12.85,0.84483,6,5,47.85,64.07,0.44185,6,-0.92,64.08,0.29088,4,-73.86,-63.82,0.00464,20,-23.39,-164.12,0.08193,11,-23.39,-164.12,0.09103,16,38.06,-9.73,0.08966,4,5,74.05,50.69,0.22014,6,25.12,50.4,0.5513,20,-49.49,-150.55,0.08572,11,-49.49,-150.55,0.14285,5,5,89.69,29.75,0.05007,6,40.52,29.29,0.69271,7,-4.17,29.29,7.9E-4,20,-64.98,-129.5,0.08262,11,-64.98,-129.5,0.17381,6,5,94.72,9.67,5.1E-4,6,45.32,9.15,0.51335,7,0.31,9.08,0.16913,8,-15.85,9.01,0.00637,20,-69.86,-109.38,0.16752,11,-69.86,-109.38,0.14312,5,7,15.99,19.14,0.24244,8,-0.22,19.13,0.42024,9,-14.31,19.39,0.01686,20,-85.34,-119.74,0.23624,11,-85.34,-119.74,0.08422,5,7,31.18,19.32,0.0271,8,14.97,19.4,0.40645,9,0.89,19.38,0.23788,20,-100.52,-120.22,0.24567,11,-100.52,-120.22,0.08289,4,8,31.03,6.85,0.0029,9,16.73,6.56,0.73673,20,-116.76,-107.91,0.16905,11,-116.76,-107.91,0.09131,3,9,16.26,-7.88,0.81,20,-116.76,-93.47,0.09,11,-116.76,-93.47,0.1,4,8,14.52,-11.53,0.46846,9,-0.1,-11.53,0.34154,20,-100.52,-89.29,0.09,11,-100.52,-89.29,0.1,4,7,16.27,-10.75,0.29183,8,0.21,-10.74,0.51817,20,-86.21,-89.87,0.09,11,-86.21,-89.87,0.1,4,6,45.14,-0.11,0.38733,7,-0.02,-0.17,0.38182,20,-69.71,-100.12,0.08546,11,-69.71,-100.12,0.14539,3,6,24.72,0.01,0.62512,20,-49.29,-100.16,0.06946,11,-49.29,-100.16,0.30543,4,5,49.43,0.15,0.2675,6,-0.07,0.15,0.25269,20,-24.5,-100.2,0.0578,11,-24.5,-100.2,0.42201,4,5,24.11,0.01,0.50548,6,-25.4,0.3,0,20,0.83,-100.24,0.05616,11,0.83,-100.24,0.43836,3,5,0.36,-0.12,0.5361,20,24.57,-100.28,0.05957,11,24.57,-100.28,0.40433,4,5,-25.48,-0.27,7.5E-4,4,-0.06,-0.03,0.67702,20,50.41,-100.33,0.07531,11,50.41,-100.33,0.24692,6,5,22.66,64.65,0.13909,6,-26.11,64.95,0.02927,4,-48.67,-64.59,0.00966,20,1.8,-164.89,0.01978,11,1.8,-164.89,0.02198,16,12.86,-10.31,0.78024,6,5,0.55,60.54,0.39345,6,-48.27,61.09,0.03253,4,-26.53,-60.64,0.07624,20,23.94,-160.94,0.0558,11,23.94,-160.94,0.0623,16,-9.24,-6.2,0.37968,6,5,22.88,-64.12,0.244,6,-27.35,-63.81,0.04097,4,-47.95,64.17,0.02478,20,2.52,-36.13,0.03442,11,2.52,-36.13,0.03824,12,12.29,-8.81,0.61759,6,5,0.69,-59.74,0.42547,6,-49.49,-59.18,0.02435,4,-25.79,59.63,0.10731,20,24.68,-40.67,0.0619,11,24.68,-40.67,0.06878,12,-9.91,-4.43,0.31218],\"hull\":27}}}},\"animations\":{\"animation\":{\"bones\":{\"Body2\":{\"rotate\":[{\"time\":0,\"angle\":-6.32,\"curve\":[0.25,0,0.75,1]},{\"time\":0.3333,\"angle\":12.2,\"curve\":[0.25,0,0.75,1]},{\"time\":0.6667,\"angle\":-6.32}]},\"Body3\":{\"rotate\":[{\"time\":0,\"angle\":-4.87,\"curve\":[0.382,0.58,0.731,1]},{\"time\":0.1,\"angle\":-11.67,\"curve\":[0.25,0,0.75,1]},{\"time\":0.4333,\"angle\":16.41,\"curve\":[0.243,0,0.655,0.63]},{\"time\":0.6667,\"angle\":-4.87}]},\"Body6\":{\"rotate\":[{\"time\":0,\"angle\":4.46,\"curve\":[0.363,0.44,0.755,1]},{\"time\":0.2,\"angle\":-30.84},{\"time\":0.5333,\"angle\":25,\"curve\":[0.258,0,0.619,0.45]},{\"time\":0.6667,\"angle\":4.46}]},\"Body7\":{\"rotate\":[{\"time\":0,\"angle\":22.79,\"curve\":[0.289,0.17,0.637,0.56]},{\"time\":0.1,\"angle\":4.46,\"curve\":[0.363,0.44,0.755,1]},{\"time\":0.3,\"angle\":-30.84},{\"time\":0.6333,\"angle\":25,\"curve\":[0.305,0,0.64,0.36]},{\"time\":0.6667,\"angle\":22.79}]},\"Body8\":{\"rotate\":[{\"time\":0,\"angle\":17.74,\"curve\":[0.375,0.62,0.716,1]},{\"time\":0.0667,\"angle\":25,\"curve\":[0.305,0,0.64,0.36]},{\"time\":0.1,\"angle\":22.79,\"curve\":[0.289,0.17,0.637,0.56]},{\"time\":0.2,\"angle\":4.46,\"curve\":[0.363,0.44,0.755,1]},{\"time\":0.4,\"angle\":-30.84,\"curve\":[0.243,0,0.68,0.71]},{\"time\":0.6667,\"angle\":17.74}]},\"Head\":{\"translate\":[{\"time\":0,\"x\":0,\"y\":-4.54,\"curve\":[0.25,0,0.75,1]},{\"time\":0.3333,\"x\":0,\"y\":3.42,\"curve\":[0.25,0,0.75,1]},{\"time\":0.6667,\"x\":0,\"y\":-4.54}]},\"10_x15/Fin\":{\"rotate\":[{\"time\":0,\"angle\":0.59,\"curve\":[0.375,0.5,0.75,1]},{\"time\":0.1667,\"angle\":-27.29},{\"time\":0.5,\"angle\":28.46,\"curve\":[0.25,0,0.625,0.5]},{\"time\":0.6667,\"angle\":0.59}]},\"10_x15/Fin2\":{\"rotate\":[{\"time\":0,\"angle\":21.16,\"curve\":[0.303,0.24,0.674,0.69]},{\"time\":0.1667,\"angle\":-13.79,\"curve\":[0.382,0.58,0.731,1]},{\"time\":0.2667,\"angle\":-27.29},{\"time\":0.6,\"angle\":28.46,\"curve\":[0.284,0,0.625,0.38]},{\"time\":0.6667,\"angle\":21.16}]},\"10_x15/Fin3\":{\"rotate\":[{\"time\":0,\"angle\":26.09,\"curve\":[0.36,0.64,0.695,1]},{\"time\":0.0333,\"angle\":28.46,\"curve\":[0.258,0,0.619,0.45]},{\"time\":0.1667,\"angle\":7.8,\"curve\":[0.333,0.33,0.68,0.71]},{\"time\":0.2667,\"angle\":-13.79,\"curve\":[0.382,0.58,0.731,1]},{\"time\":0.3667,\"angle\":-27.29,\"curve\":[0.245,0,0.711,0.83]},{\"time\":0.6667,\"angle\":26.09}]},\"10_x15/Fin6\":{\"rotate\":[{\"time\":0,\"angle\":-6.78,\"curve\":[0.363,0.44,0.755,1]},{\"time\":0.2,\"angle\":28.46,\"curve\":[0.258,0,0.619,0.45]},{\"time\":0.3333,\"angle\":7.8,\"curve\":[0.333,0.33,0.68,0.71]},{\"time\":0.4333,\"angle\":-13.79,\"curve\":[0.382,0.58,0.731,1]},{\"time\":0.5333,\"angle\":-27.29,\"curve\":[0.258,0,0.619,0.45]},{\"time\":0.6667,\"angle\":-6.78}]},\"10_x15/Fin5\":{\"rotate\":[{\"time\":0,\"angle\":-16.14},{\"time\":0.1667,\"angle\":11.74,\"curve\":[0.25,0,0.75,1]},{\"time\":0.2667,\"angle\":28.46,\"curve\":[0.243,0,0.655,0.63]},{\"time\":0.5,\"angle\":-13.79,\"curve\":[0.382,0.58,0.731,1]},{\"time\":0.6,\"angle\":-27.29},{\"time\":0.6667,\"angle\":-16.14}]},\"10_x15/Fin4\":{\"rotate\":[{\"time\":0,\"angle\":0.59,\"curve\":[0.375,0.5,0.75,1]},{\"time\":0.1667,\"angle\":28.46,\"curve\":[0.25,0,0.75,1]},{\"time\":0.5,\"angle\":-27.29,\"curve\":[0.25,0,0.625,0.5]},{\"time\":0.6667,\"angle\":0.59}]},\"3D\":{\"translate\":[{\"time\":0,\"x\":0,\"y\":63.88,\"curve\":[0.382,0.58,0.731,1]},{\"time\":0.1,\"x\":0,\"y\":124.68,\"curve\":[0.25,0,0.75,1]},{\"time\":0.4333,\"x\":0,\"y\":-126.36,\"curve\":[0.243,0,0.655,0.63]},{\"time\":0.6667,\"x\":0,\"y\":63.88}]},\"Body\":{\"scale\":[{\"time\":0,\"x\":1.02,\"y\":1.02,\"curve\":[0.375,0.5,0.75,1]},{\"time\":0.1667,\"x\":1.039,\"y\":1.039,\"curve\":[0.25,0,0.75,1]},{\"time\":0.5,\"x\":1,\"y\":1,\"curve\":[0.25,0,0.625,0.5]},{\"time\":0.6667,\"x\":1.02,\"y\":1.02}]},\"Body12\":{\"rotate\":[{\"time\":0,\"angle\":17.74,\"curve\":[0.375,0.62,0.716,1]},{\"time\":0.0667,\"angle\":25,\"curve\":[0.305,0,0.64,0.36]},{\"time\":0.1,\"angle\":22.79,\"curve\":[0.289,0.17,0.637,0.56]},{\"time\":0.2,\"angle\":4.46,\"curve\":[0.363,0.44,0.755,1]},{\"time\":0.4,\"angle\":-30.84,\"curve\":[0.243,0,0.68,0.71]},{\"time\":0.6667,\"angle\":17.74}]},\"Body11\":{\"rotate\":[{\"time\":0,\"angle\":22.79,\"curve\":[0.289,0.17,0.637,0.56]},{\"time\":0.1,\"angle\":4.46,\"curve\":[0.363,0.44,0.755,1]},{\"time\":0.3,\"angle\":-30.84},{\"time\":0.6333,\"angle\":25,\"curve\":[0.305,0,0.64,0.36]},{\"time\":0.6667,\"angle\":22.79}]},\"Body10\":{\"rotate\":[{\"time\":0,\"angle\":4.46,\"curve\":[0.363,0.44,0.755,1]},{\"time\":0.2,\"angle\":-30.84},{\"time\":0.5333,\"angle\":25,\"curve\":[0.258,0,0.619,0.45]},{\"time\":0.6667,\"angle\":4.46}]},\"Body5\":{\"rotate\":[{\"time\":0,\"angle\":-6.32,\"curve\":[0.25,0,0.75,1]},{\"time\":0.3333,\"angle\":12.2,\"curve\":[0.25,0,0.75,1]},{\"time\":0.6667,\"angle\":-6.32}]},\"Shadow\":{\"scale\":[{\"time\":0,\"x\":1.02,\"y\":1.02,\"curve\":[0.375,0.5,0.75,1]},{\"time\":0.1667,\"x\":1.039,\"y\":1.039,\"curve\":[0.25,0,0.75,1]},{\"time\":0.5,\"x\":1,\"y\":1,\"curve\":[0.25,0,0.625,0.5]},{\"time\":0.6667,\"x\":1.02,\"y\":1.02}]},\"Body13\":{\"rotate\":[{\"time\":0,\"angle\":-6.43,\"curve\":[0.375,0.5,0.75,1]},{\"time\":0.1667,\"angle\":-36.72,\"curve\":[0.25,0,0.75,1]},{\"time\":0.5,\"angle\":23.85,\"curve\":[0.25,0,0.625,0.5]},{\"time\":0.6667,\"angle\":-6.43}]},\"Body9\":{\"rotate\":[{\"time\":0,\"angle\":-5.62,\"curve\":[0.375,0.5,0.75,1]},{\"time\":0.1667,\"angle\":-43.16,\"curve\":[0.25,0,0.75,1]},{\"time\":0.5,\"angle\":31.92,\"curve\":[0.25,0,0.625,0.5]},{\"time\":0.6667,\"angle\":-5.62}]}}}}}","_skeletonJson":{"skeleton":{"hash":"mV/vYeEMyN4iG2EUnTG1vB487jw","spine":"3.7.94","width":83.7,"height":90.44},"bones":[{"name":"root"},{"name":"Scale","parent":"root","scaleX":0.9,"scaleY":0.9},{"name":"All","parent":"Scale","scaleX":0.5,"scaleY":0.5},{"name":"Body","parent":"All","x":23.18,"y":0.33},{"name":"Head","parent":"Body","x":50.48,"y":-0.63},{"name":"Body2","parent":"Body","length":49.51,"rotation":179.58,"x":24.94,"y":-0.74},{"name":"Body3","parent":"Body2","length":45.14,"rotation":0.65,"x":49.51},{"name":"Body6","parent":"Body3","length":16.11,"rotation":0.9,"x":45.15,"y":0.06},{"name":"Body7","parent":"Body6","length":14.42,"rotation":-0.29,"x":16.11},{"name":"Body8","parent":"Body7","length":16.54,"rotation":0.99,"x":14.42},{"name":"3D","parent":"All","x":23.19,"y":0.36},{"name":"Positive","parent":"All","x":23.19,"y":100},{"name":"L_Fin","parent":"Body2","x":10.6,"y":-55.3},{"name":"10_x15/Fin","parent":"L_Fin","length":15.08,"rotation":-47.54,"x":-3.67,"y":-3.43},{"name":"10_x15/Fin2","parent":"10_x15/Fin","length":15.01,"rotation":-9.84,"x":15.08},{"name":"10_x15/Fin3","parent":"10_x15/Fin2","length":17.15,"rotation":-8.48,"x":14.84,"y":0.11},{"name":"R_Fin","parent":"Body2","x":9.79,"y":54.34,"scaleY":-1},{"name":"10_x15/Fin4","parent":"R_Fin","length":15.08,"rotation":-47.54,"x":-3.67,"y":-3.43},{"name":"10_x15/Fin5","parent":"10_x15/Fin4","length":15.01,"rotation":-9.84,"x":15.08},{"name":"10_x15/Fin6","parent":"10_x15/Fin5","length":17.15,"rotation":-8.48,"x":14.84,"y":0.11},{"name":"Negative","parent":"All","x":23.19,"y":100},{"name":"Shadow","parent":"All","x":-6.62,"y":-62.1,"scaleX":0.3,"scaleY":0.3},{"name":"Body5","parent":"Shadow","length":90.51,"rotation":179.58,"x":24.94,"y":-0.74},{"name":"Body10","parent":"Body5","length":16.11,"rotation":1.55,"x":94.66,"y":0.58},{"name":"Body11","parent":"Body10","length":14.42,"rotation":-0.29,"x":16.11},{"name":"Body12","parent":"Body11","length":16.54,"rotation":0.99,"x":14.42},{"name":"Body9","parent":"Body5","length":30.77,"rotation":-69.89,"x":21.55,"y":-68.93},{"name":"Body13","parent":"Body5","length":29.8,"rotation":67.53,"x":21.15,"y":68.02}],"slots":[{"name":"10_x15/Shadow","bone":"All","attachment":"10_x15/Shadow"},{"name":"10_x15/Fin","bone":"10_x15/Fin","attachment":"10_x15/Fin"},{"name":"10_x15/Fin2","bone":"10_x15/Fin4","attachment":"10_x15/Fin"},{"name":"Body","bone":"Body","attachment":"10_x15/Body"}],"transform":[{"name":"Negative","order":0,"bones":["Negative"],"target":"3D","y":99.64,"rotateMix":0,"translateMix":-0.25,"scaleMix":0,"shearMix":0},{"name":"Positive","order":1,"bones":["Positive"],"target":"3D","y":99.64,"rotateMix":0,"translateMix":0.25,"scaleMix":0,"shearMix":0}],"skins":{"default":{"10_x15/Fin":{"10_x15/Fin":{"type":"mesh","uvs":[0.9702,0.84015,1,1,0.71005,1,0.38519,0.90006,0.0587,0.67309,0,0.47588,0.08303,0.14726,0.3814,0,0.76627,0.03191,0.87492,0.19377,0.9241,0.59284],"triangles":[7,4,5,7,5,6,9,4,7,9,7,8,3,4,9,3,9,10,2,3,10,0,2,10,2,0,1],"vertices":[3,13,4.12,-4.79,0.62097,14,-9.98,-6.59,0.32851,15,-23.56,-10.29,0.05052,3,13,-1.72,-1.01,0.76917,14,-16.38,-3.86,0.22891,15,-30.3,-8.53,0.00192,3,13,5.46,6.96,0.71622,14,-10.66,5.21,0.20601,15,-25.98,1.29,0.07778,3,13,16.71,13.01,0.3778,14,-0.62,13.09,0.34668,15,-17.21,10.56,0.27551,3,13,32.04,15.44,0.05104,14,14.08,18.11,0.35802,15,-3.41,17.7,0.59094,2,14,22.41,15.43,0.04637,15,5.22,16.27,0.95363,2,14,32.73,5.3,0.01993,15,16.92,7.78,0.98007,2,14,32.2,-7.42,0.18422,15,18.28,-4.88,0.81578,3,13,34.99,-22.46,0.00016,14,23.45,-18.73,0.42563,15,11.29,-17.36,0.57422,3,13,27.13,-20.79,0.09076,14,15.42,-18.42,0.49841,15,3.31,-18.24,0.41083,3,13,13.16,-10.65,0.39168,14,-0.07,-10.82,0.4826,15,-13.14,-13.01,0.12572],"hull":11}},"10_x15/Fin2":{"10_x15/Fin":{"type":"mesh","uvs":[0.969,0.83371,1,1,0.71005,1,0.38519,0.90006,0.0587,0.67309,0,0.47588,0.08303,0.14726,0.3814,0,0.76627,0.03191,0.87492,0.19377,0.9241,0.59284],"triangles":[7,4,5,7,5,6,9,4,7,9,7,8,3,4,9,3,9,10,2,3,10,0,2,10,2,0,1],"vertices":[3,17,4.36,-4.94,0.615,18,-9.72,-6.7,0.33252,19,-23.29,-10.36,0.05248,3,17,-1.72,-1.01,0.76917,18,-16.38,-3.86,0.22891,19,-30.3,-8.53,0.00192,3,17,5.46,6.96,0.71622,18,-10.66,5.21,0.20601,19,-25.98,1.29,0.07778,3,17,16.71,13.01,0.3778,18,-0.62,13.09,0.34668,19,-17.21,10.56,0.27551,3,17,32.04,15.44,0.05104,18,14.08,18.11,0.35802,19,-3.41,17.7,0.59094,2,18,22.41,15.43,0.04637,19,5.22,16.27,0.95363,2,18,32.73,5.3,0.01993,19,16.92,7.78,0.98007,2,18,32.2,-7.42,0.18422,19,18.28,-4.88,0.81578,3,17,34.99,-22.46,0.00016,18,23.45,-18.73,0.42563,19,11.29,-17.36,0.57422,3,17,27.13,-20.79,0.09076,18,15.42,-18.42,0.49841,19,3.31,-18.24,0.41083,3,17,13.16,-10.65,0.39168,18,-0.07,-10.82,0.4826,19,-13.14,-13.01,0.12572],"hull":11}},"10_x15/Shadow":{"10_x15/Shadow":{"type":"mesh","color":"ffffff4b","uvs":[1,0.58687,1,0.38427,0.92443,0.25691,0.75711,0.17297,0.73678,0.10206,0.72271,0,0.49909,0,0.50222,0.09482,0.56789,0.16284,0.37242,0.22073,0.25671,0.34085,0.25045,0.45518,0.14881,0.43347,0.04091,0.43347,0,0.47978,0,0.55938,0.05029,0.60569,0.15506,0.61003,0.24732,0.56661,0.25201,0.6766,0.35991,0.79238,0.54444,0.83145,0.50222,0.92005,0.51316,1,0.7446,1,0.73052,0.92005,0.74147,0.83612,0.91974,0.72902],"triangles":[16,14,13,16,13,12,16,15,14,17,16,12,23,25,24,25,23,22,25,22,21,7,6,5,4,8,5,8,7,5,18,17,12,8,4,3,18,12,11,11,20,18,21,3,26,3,21,8,27,26,3,3,2,1,1,0,3,0,27,3,11,8,20,9,8,11,8,21,20,9,11,10,19,18,20,25,21,26],"vertices":[1,22,-40.37,17.53,1,1,22,-40.07,-23.24,1,1,22,-25.8,-48.77,1,1,22,5.48,-65.43,1,2,22,9.37,-79.67,0.00044,26,5.91,-15.13,0.99956,1,26,26.13,-19.58,1,1,26,40.16,19.63,1,2,22,53.07,-80.81,0.00421,26,22,25.52,0.99579,1,22,40.74,-67.21,1,1,22,77.06,-55.29,1,1,22,98.43,-30.96,1,5,22,99.43,-7.95,0.41743,26,-30.48,94.1,0.00234,23,4.54,-8.65,0.26998,24,-11.53,-8.71,0.25992,25,-26.1,-8.26,0.05033,5,22,118.39,-12.17,0.08409,26,-19.99,110.45,0.00234,23,23.38,-13.39,0.26998,24,7.33,-13.35,0.27274,25,-7.32,-13.23,0.37085,3,23,43.47,-13.79,0.02515,24,27.43,-13.65,0.27066,25,12.77,-13.87,0.70418,2,24,35.18,-4.44,0.01422,25,20.68,-4.8,0.98578,3,23,51.59,11.4,0.00193,24,35.42,11.57,0.04499,25,21.2,11.21,0.95309,4,27,2.13,-123.93,0.00003,23,42.41,20.9,0.06521,24,26.19,21.03,0.23079,25,12.13,20.82,0.70397,5,22,116.96,23.35,0.33333,27,-4.66,-105.61,0.00003,23,22.92,22.16,0.06521,24,6.69,22.19,0.22939,25,-7.34,22.32,0.37203,1,22,99.84,14.48,1,1,22,98.81,36.61,1,1,22,78.54,59.76,1,3,22,44.12,67.38,0.66821,27,8.18,-21.47,0.33099,23,-48.71,68.14,0.0008,3,22,51.85,85.26,0.22514,27,27.67,-21.78,0.77432,23,-40.5,85.81,0.00054,3,22,49.69,101.34,0,27,41.7,-13.64,0.99999,23,-42.22,101.94,0.00001,1,27,24.93,26.07,1,1,27,11.13,17.39,1,1,22,7.41,68.04,1,1,22,-25.63,46.25,1],"hull":28}},"Body":{"10_x15/Body":{"type":"mesh","uvs":[0.25307,0.44736,0.28337,0.29693,0.36757,0.14848,0.50228,0.04749,0.64166,0.03167,0.67815,0,0.70341,0,0.76047,0.06331,0.90314,0.17038,1,0.35777,1,0.49841,1,0.62789,0.89566,0.84387,0.75627,0.94547,0.6936,1,0.66664,1,0.63764,0.96742,0.502,0.9443,0.36168,0.84939,0.27842,0.70216,0.25218,0.56149,0.16897,0.63392,0.08731,0.63731,0,0.55123,0,0.45023,0.08731,0.42103,0.16429,0.42504,0.25295,0.49674,0.36274,0.49699,0.49603,0.49728,0.6322,0.49759,0.75987,0.49787,0.89879,0.49818,0.63744,0.94967,0.75646,0.92206,0.64131,0.04922,0.76045,0.08099],"triangles":[17,33,16,13,33,34,16,33,14,14,15,16,13,14,33,30,34,33,35,3,4,6,4,5,6,7,4,7,35,4,36,35,7,8,32,31,32,11,12,32,10,11,32,9,10,9,32,8,32,12,31,23,25,22,23,24,25,21,26,20,22,26,21,22,25,26,28,1,2,17,18,29,18,19,28,29,2,3,18,28,29,28,20,27,28,2,29,27,0,28,27,26,0,20,26,27,19,20,28,0,1,28,8,31,36,34,30,31,31,30,36,29,3,30,17,29,30,33,17,30,30,3,35,34,31,12,13,34,12,36,7,8,30,35,36],"vertices":[5,5,94.68,-6.65,0.00019,6,45.09,-7.17,0.64191,7,-0.18,-7.23,0.13879,20,-69.69,-93.06,0.08677,11,-69.69,-93.06,0.13235,4,5,89.2,-28.21,0.05716,6,39.37,-28.66,0.74676,20,-64.06,-71.55,0.08932,11,-64.06,-71.55,0.10675,5,5,73.69,-49.55,0.26006,6,23.62,-49.82,0.54989,4,-98.86,49.98,0.00005,20,-48.4,-50.32,0.09,11,-48.4,-50.32,0.1,6,5,48.74,-64.17,0.49184,6,-1.49,-64.16,0.27767,4,-73.81,64.42,0.01134,20,-23.34,-35.88,0.08676,11,-23.34,-35.88,0.0964,12,38.15,-8.87,0.03599,6,5,22.83,-66.63,0.16452,6,-27.43,-66.32,0.02655,4,-47.88,66.68,0.01727,20,2.59,-33.62,0.02315,11,2.59,-33.62,0.02572,12,12.24,-11.32,0.7428,1,12,5.49,-15.9,1,1,12,0.79,-15.94,1,6,5,0.7,-62.27,0.38269,6,-49.51,-61.71,0.02375,4,-25.78,62.16,0.09032,20,24.68,-38.14,0.0552,11,24.68,-38.14,0.06133,12,-9.89,-6.96,0.38671,6,5,-25.94,-47.15,0.37437,6,-75.98,-46.29,0.0008,4,0.76,46.85,0.40407,20,51.22,-53.45,0.08658,11,51.22,-53.45,0.0962,12,-36.54,8.15,0.03798,4,5,-44.16,-20.49,0.05096,4,18.77,20.05,0.75904,20,69.24,-80.25,0.09,11,69.24,-80.25,0.1,3,4,18.77,-0.06,0.80727,20,69.24,-100.36,0.0897,11,69.24,-100.36,0.10304,4,5,-44.44,18.14,0.05376,4,18.77,-18.58,0.75624,20,69.24,-118.88,0.09,11,69.24,-118.88,0.1,6,5,-25.26,49.17,0.44105,6,-74.2,50.02,0.00474,4,-0.64,-49.46,0.33966,20,49.83,-149.76,0.08727,11,49.83,-149.76,0.09794,16,-35.05,5.17,0.02934,6,5,0.56,63.89,0.3197,6,-48.22,64.44,0.02871,4,-26.56,-63.99,0.05701,20,23.9,-164.29,0.04505,11,23.9,-164.29,0.05005,16,-9.23,-9.55,0.49949,1,16,2.37,-17.43,1,1,16,7.38,-17.47,1,6,5,22.6,67.19,0.09858,6,-26.14,67.49,0.01993,4,-48.63,-67.13,0.00717,20,1.84,-167.43,0.01397,11,1.84,-167.43,0.01552,16,12.81,-12.85,0.84483,6,5,47.85,64.07,0.44185,6,-0.92,64.08,0.29088,4,-73.86,-63.82,0.00464,20,-23.39,-164.12,0.08193,11,-23.39,-164.12,0.09103,16,38.06,-9.73,0.08966,4,5,74.05,50.69,0.22014,6,25.12,50.4,0.5513,20,-49.49,-150.55,0.08572,11,-49.49,-150.55,0.14285,5,5,89.69,29.75,0.05007,6,40.52,29.29,0.69271,7,-4.17,29.29,0.00079,20,-64.98,-129.5,0.08262,11,-64.98,-129.5,0.17381,6,5,94.72,9.67,0.00051,6,45.32,9.15,0.51335,7,0.31,9.08,0.16913,8,-15.85,9.01,0.00637,20,-69.86,-109.38,0.16752,11,-69.86,-109.38,0.14312,5,7,15.99,19.14,0.24244,8,-0.22,19.13,0.42024,9,-14.31,19.39,0.01686,20,-85.34,-119.74,0.23624,11,-85.34,-119.74,0.08422,5,7,31.18,19.32,0.0271,8,14.97,19.4,0.40645,9,0.89,19.38,0.23788,20,-100.52,-120.22,0.24567,11,-100.52,-120.22,0.08289,4,8,31.03,6.85,0.0029,9,16.73,6.56,0.73673,20,-116.76,-107.91,0.16905,11,-116.76,-107.91,0.09131,3,9,16.26,-7.88,0.81,20,-116.76,-93.47,0.09,11,-116.76,-93.47,0.1,4,8,14.52,-11.53,0.46846,9,-0.1,-11.53,0.34154,20,-100.52,-89.29,0.09,11,-100.52,-89.29,0.1,4,7,16.27,-10.75,0.29183,8,0.21,-10.74,0.51817,20,-86.21,-89.87,0.09,11,-86.21,-89.87,0.1,4,6,45.14,-0.11,0.38733,7,-0.02,-0.17,0.38182,20,-69.71,-100.12,0.08546,11,-69.71,-100.12,0.14539,3,6,24.72,0.01,0.62512,20,-49.29,-100.16,0.06946,11,-49.29,-100.16,0.30543,4,5,49.43,0.15,0.2675,6,-0.07,0.15,0.25269,20,-24.5,-100.2,0.0578,11,-24.5,-100.2,0.42201,4,5,24.11,0.01,0.50548,6,-25.4,0.3,0,20,0.83,-100.24,0.05616,11,0.83,-100.24,0.43836,3,5,0.36,-0.12,0.5361,20,24.57,-100.28,0.05957,11,24.57,-100.28,0.40433,4,5,-25.48,-0.27,0.00075,4,-0.06,-0.03,0.67702,20,50.41,-100.33,0.07531,11,50.41,-100.33,0.24692,6,5,22.66,64.65,0.13909,6,-26.11,64.95,0.02927,4,-48.67,-64.59,0.00966,20,1.8,-164.89,0.01978,11,1.8,-164.89,0.02198,16,12.86,-10.31,0.78024,6,5,0.55,60.54,0.39345,6,-48.27,61.09,0.03253,4,-26.53,-60.64,0.07624,20,23.94,-160.94,0.0558,11,23.94,-160.94,0.0623,16,-9.24,-6.2,0.37968,6,5,22.88,-64.12,0.244,6,-27.35,-63.81,0.04097,4,-47.95,64.17,0.02478,20,2.52,-36.13,0.03442,11,2.52,-36.13,0.03824,12,12.29,-8.81,0.61759,6,5,0.69,-59.74,0.42547,6,-49.49,-59.18,0.02435,4,-25.79,59.63,0.10731,20,24.68,-40.67,0.0619,11,24.68,-40.67,0.06878,12,-9.91,-4.43,0.31218],"hull":27}}}},"animations":{"animation":{"bones":{"Body2":{"rotate":[{"time":0,"angle":-6.32,"curve":[0.25,0,0.75,1]},{"time":0.3333,"angle":12.2,"curve":[0.25,0,0.75,1]},{"time":0.6667,"angle":-6.32}]},"Body3":{"rotate":[{"time":0,"angle":-4.87,"curve":[0.382,0.58,0.731,1]},{"time":0.1,"angle":-11.67,"curve":[0.25,0,0.75,1]},{"time":0.4333,"angle":16.41,"curve":[0.243,0,0.655,0.63]},{"time":0.6667,"angle":-4.87}]},"Body6":{"rotate":[{"time":0,"angle":4.46,"curve":[0.363,0.44,0.755,1]},{"time":0.2,"angle":-30.84},{"time":0.5333,"angle":25,"curve":[0.258,0,0.619,0.45]},{"time":0.6667,"angle":4.46}]},"Body7":{"rotate":[{"time":0,"angle":22.79,"curve":[0.289,0.17,0.637,0.56]},{"time":0.1,"angle":4.46,"curve":[0.363,0.44,0.755,1]},{"time":0.3,"angle":-30.84},{"time":0.6333,"angle":25,"curve":[0.305,0,0.64,0.36]},{"time":0.6667,"angle":22.79}]},"Body8":{"rotate":[{"time":0,"angle":17.74,"curve":[0.375,0.62,0.716,1]},{"time":0.0667,"angle":25,"curve":[0.305,0,0.64,0.36]},{"time":0.1,"angle":22.79,"curve":[0.289,0.17,0.637,0.56]},{"time":0.2,"angle":4.46,"curve":[0.363,0.44,0.755,1]},{"time":0.4,"angle":-30.84,"curve":[0.243,0,0.68,0.71]},{"time":0.6667,"angle":17.74}]},"Head":{"translate":[{"time":0,"x":0,"y":-4.54,"curve":[0.25,0,0.75,1]},{"time":0.3333,"x":0,"y":3.42,"curve":[0.25,0,0.75,1]},{"time":0.6667,"x":0,"y":-4.54}]},"10_x15/Fin":{"rotate":[{"time":0,"angle":0.59,"curve":[0.375,0.5,0.75,1]},{"time":0.1667,"angle":-27.29},{"time":0.5,"angle":28.46,"curve":[0.25,0,0.625,0.5]},{"time":0.6667,"angle":0.59}]},"10_x15/Fin2":{"rotate":[{"time":0,"angle":21.16,"curve":[0.303,0.24,0.674,0.69]},{"time":0.1667,"angle":-13.79,"curve":[0.382,0.58,0.731,1]},{"time":0.2667,"angle":-27.29},{"time":0.6,"angle":28.46,"curve":[0.284,0,0.625,0.38]},{"time":0.6667,"angle":21.16}]},"10_x15/Fin3":{"rotate":[{"time":0,"angle":26.09,"curve":[0.36,0.64,0.695,1]},{"time":0.0333,"angle":28.46,"curve":[0.258,0,0.619,0.45]},{"time":0.1667,"angle":7.8,"curve":[0.333,0.33,0.68,0.71]},{"time":0.2667,"angle":-13.79,"curve":[0.382,0.58,0.731,1]},{"time":0.3667,"angle":-27.29,"curve":[0.245,0,0.711,0.83]},{"time":0.6667,"angle":26.09}]},"10_x15/Fin6":{"rotate":[{"time":0,"angle":-6.78,"curve":[0.363,0.44,0.755,1]},{"time":0.2,"angle":28.46,"curve":[0.258,0,0.619,0.45]},{"time":0.3333,"angle":7.8,"curve":[0.333,0.33,0.68,0.71]},{"time":0.4333,"angle":-13.79,"curve":[0.382,0.58,0.731,1]},{"time":0.5333,"angle":-27.29,"curve":[0.258,0,0.619,0.45]},{"time":0.6667,"angle":-6.78}]},"10_x15/Fin5":{"rotate":[{"time":0,"angle":-16.14},{"time":0.1667,"angle":11.74,"curve":[0.25,0,0.75,1]},{"time":0.2667,"angle":28.46,"curve":[0.243,0,0.655,0.63]},{"time":0.5,"angle":-13.79,"curve":[0.382,0.58,0.731,1]},{"time":0.6,"angle":-27.29},{"time":0.6667,"angle":-16.14}]},"10_x15/Fin4":{"rotate":[{"time":0,"angle":0.59,"curve":[0.375,0.5,0.75,1]},{"time":0.1667,"angle":28.46,"curve":[0.25,0,0.75,1]},{"time":0.5,"angle":-27.29,"curve":[0.25,0,0.625,0.5]},{"time":0.6667,"angle":0.59}]},"3D":{"translate":[{"time":0,"x":0,"y":63.88,"curve":[0.382,0.58,0.731,1]},{"time":0.1,"x":0,"y":124.68,"curve":[0.25,0,0.75,1]},{"time":0.4333,"x":0,"y":-126.36,"curve":[0.243,0,0.655,0.63]},{"time":0.6667,"x":0,"y":63.88}]},"Body":{"scale":[{"time":0,"x":1.02,"y":1.02,"curve":[0.375,0.5,0.75,1]},{"time":0.1667,"x":1.039,"y":1.039,"curve":[0.25,0,0.75,1]},{"time":0.5,"x":1,"y":1,"curve":[0.25,0,0.625,0.5]},{"time":0.6667,"x":1.02,"y":1.02}]},"Body12":{"rotate":[{"time":0,"angle":17.74,"curve":[0.375,0.62,0.716,1]},{"time":0.0667,"angle":25,"curve":[0.305,0,0.64,0.36]},{"time":0.1,"angle":22.79,"curve":[0.289,0.17,0.637,0.56]},{"time":0.2,"angle":4.46,"curve":[0.363,0.44,0.755,1]},{"time":0.4,"angle":-30.84,"curve":[0.243,0,0.68,0.71]},{"time":0.6667,"angle":17.74}]},"Body11":{"rotate":[{"time":0,"angle":22.79,"curve":[0.289,0.17,0.637,0.56]},{"time":0.1,"angle":4.46,"curve":[0.363,0.44,0.755,1]},{"time":0.3,"angle":-30.84},{"time":0.6333,"angle":25,"curve":[0.305,0,0.64,0.36]},{"time":0.6667,"angle":22.79}]},"Body10":{"rotate":[{"time":0,"angle":4.46,"curve":[0.363,0.44,0.755,1]},{"time":0.2,"angle":-30.84},{"time":0.5333,"angle":25,"curve":[0.258,0,0.619,0.45]},{"time":0.6667,"angle":4.46}]},"Body5":{"rotate":[{"time":0,"angle":-6.32,"curve":[0.25,0,0.75,1]},{"time":0.3333,"angle":12.2,"curve":[0.25,0,0.75,1]},{"time":0.6667,"angle":-6.32}]},"Shadow":{"scale":[{"time":0,"x":1.02,"y":1.02,"curve":[0.375,0.5,0.75,1]},{"time":0.1667,"x":1.039,"y":1.039,"curve":[0.25,0,0.75,1]},{"time":0.5,"x":1,"y":1,"curve":[0.25,0,0.625,0.5]},{"time":0.6667,"x":1.02,"y":1.02}]},"Body13":{"rotate":[{"time":0,"angle":-6.43,"curve":[0.375,0.5,0.75,1]},{"time":0.1667,"angle":-36.72,"curve":[0.25,0,0.75,1]},{"time":0.5,"angle":23.85,"curve":[0.25,0,0.625,0.5]},{"time":0.6667,"angle":-6.43}]},"Body9":{"rotate":[{"time":0,"angle":-5.62,"curve":[0.375,0.5,0.75,1]},{"time":0.1667,"angle":-43.16,"curve":[0.25,0,0.75,1]},{"time":0.5,"angle":31.92,"curve":[0.25,0,0.625,0.5]},{"time":0.6667,"angle":-5.62}]}}}}},"_atlasText":"\nFish1992.png\nsize: 1024,1024\nformat: RGBA8888\nfilter: Linear,Linear\nrepeat: none\n10_x15/Body\n  rotate: false\n  xy: 436, 585\n  size: 93, 72\n  orig: 93, 72\n  offset: 0, 0\n  index: -1\n10_x15/Fin\n  rotate: true\n  xy: 639, 164\n  size: 19, 22\n  orig: 19, 22\n  offset: 0, 0\n  index: -1\n10_x15/Shadow\n  rotate: false\n  xy: 191, 2\n  size: 75, 81\n  orig: 75, 81\n  offset: 0, 0\n  index: -1\n","textures":[{"__uuid__":"9by7GcOfRMaIxdhcHI+96q"}],"textureNames":["Fish1992.png"]}