{"__type__":"sp.SkeletonData","_name":"Fx_Pulse","skeletonJsonStr":"{\"skeleton\":{\"hash\":\"c0Pur5c0xlnHvQ7Fmfei9+xqWRY\",\"spine\":\"3.7.94\",\"width\":138.66,\"height\":138.66},\"bones\":[{\"name\":\"root\"},{\"name\":\"All\",\"parent\":\"root\"},{\"name\":\"FX/1shockwave\",\"parent\":\"All\",\"scaleX\":0.998,\"scaleY\":0.998},{\"name\":\"FX/2/1 (1)\",\"parent\":\"All\",\"scaleX\":1.703,\"scaleY\":1.703},{\"name\":\"FX/1shockwave2\",\"parent\":\"All\",\"scaleX\":0.998,\"scaleY\":0.998}],\"slots\":[{\"name\":\"FX/1shockwave\",\"bone\":\"FX/1shockwave\",\"attachment\":\"FX/Scan_Miniboss\"},{\"name\":\"FX/1shockwave2\",\"bone\":\"FX/1shockwave2\",\"attachment\":\"FX/Scan_Miniboss\"},{\"name\":\"FX/2/1 (1)\",\"bone\":\"FX/2/1 (1)\"}],\"skins\":{\"default\":{\"FX/1shockwave\":{\"FX/Scan_Miniboss\":{\"x\":2.47,\"y\":0.19,\"width\":139,\"height\":139}},\"FX/1shockwave2\":{\"FX/Scan_Miniboss\":{\"x\":2.47,\"y\":0.19,\"width\":139,\"height\":139}},\"FX/2/1 (1)\":{\"FX/1/1 (1)\":{\"x\":2.96,\"y\":-0.68,\"width\":125,\"height\":125},\"FX/1/1 (2)\":{\"x\":2.96,\"y\":-0.68,\"width\":125,\"height\":125},\"FX/1/1 (3)\":{\"x\":2.96,\"y\":-0.68,\"width\":125,\"height\":125},\"FX/1/1 (4)\":{\"x\":2.96,\"y\":-0.68,\"width\":125,\"height\":125},\"FX/1/1 (5)\":{\"x\":2.96,\"y\":-0.68,\"width\":125,\"height\":125},\"FX/1/1 (6)\":{\"x\":2.96,\"y\":-0.68,\"width\":125,\"height\":125},\"FX/1/1 (7)\":{\"x\":2.96,\"y\":-0.68,\"width\":125,\"height\":125},\"FX/1/1 (8)\":{\"x\":2.96,\"y\":-0.68,\"width\":125,\"height\":125},\"FX/1/1 (9)\":{\"x\":2.96,\"y\":-0.68,\"width\":125,\"height\":125},\"FX/2/1 (1)\":{\"x\":2.96,\"y\":-0.68,\"width\":125,\"height\":125},\"FX/2/1 (2)\":{\"x\":2.96,\"y\":-0.68,\"width\":125,\"height\":125},\"FX/2/1 (3)\":{\"x\":2.96,\"y\":-0.68,\"width\":125,\"height\":125},\"FX/2/1 (4)\":{\"x\":2.96,\"y\":-0.68,\"width\":125,\"height\":125},\"FX/2/1 (5)\":{\"x\":2.96,\"y\":-0.68,\"width\":125,\"height\":125},\"FX/2/1 (6)\":{\"x\":2.96,\"y\":-0.68,\"width\":125,\"height\":125},\"FX/2/1 (7)\":{\"x\":2.96,\"y\":-0.68,\"width\":125,\"height\":125},\"FX/2/1 (8)\":{\"x\":2.96,\"y\":-0.68,\"width\":125,\"height\":125},\"FX/2/1 (9)\":{\"x\":2.96,\"y\":-0.68,\"width\":125,\"height\":125}}}},\"animations\":{\"animation_blue\":{\"slots\":{\"FX/1shockwave\":{\"color\":[{\"time\":0,\"color\":\"2011ff00\"},{\"time\":0.1667,\"color\":\"2bc6ffb7\"},{\"time\":0.6,\"color\":\"2011ff00\"}]},\"FX/1shockwave2\":{\"attachment\":[{\"time\":0,\"name\":null}]},\"FX/2/1 (1)\":{\"attachment\":[{\"time\":0,\"name\":\"FX/2/1 (1)\"},{\"time\":0.0333,\"name\":\"FX/2/1 (2)\"},{\"time\":0.0667,\"name\":\"FX/2/1 (3)\"},{\"time\":0.1,\"name\":\"FX/2/1 (4)\"},{\"time\":0.1333,\"name\":\"FX/2/1 (5)\"},{\"time\":0.1667,\"name\":\"FX/2/1 (6)\"},{\"time\":0.2,\"name\":\"FX/2/1 (7)\"},{\"time\":0.2333,\"name\":\"FX/2/1 (8)\"},{\"time\":0.2667,\"name\":\"FX/2/1 (9)\"},{\"time\":0.3,\"name\":\"FX/2/1 (1)\"},{\"time\":0.3333,\"name\":\"FX/2/1 (2)\"},{\"time\":0.3667,\"name\":\"FX/2/1 (3)\"},{\"time\":0.4,\"name\":\"FX/2/1 (4)\"},{\"time\":0.4333,\"name\":\"FX/2/1 (5)\"},{\"time\":0.4667,\"name\":\"FX/2/1 (6)\"},{\"time\":0.5,\"name\":\"FX/2/1 (7)\"},{\"time\":0.5333,\"name\":\"FX/2/1 (8)\"},{\"time\":0.5667,\"name\":\"FX/2/1 (9)\"},{\"time\":0.6,\"name\":\"FX/2/1 (1)\"}]}},\"bones\":{\"FX/1shockwave\":{\"rotate\":[{\"time\":0,\"angle\":0,\"curve\":\"stepped\"},{\"time\":0.6,\"angle\":0}],\"scale\":[{\"time\":0,\"x\":1,\"y\":1},{\"time\":0.5667,\"x\":1.926,\"y\":1.926},{\"time\":0.6,\"x\":1,\"y\":1}]}}},\"animation_red\":{\"slots\":{\"FX/1shockwave\":{\"attachment\":[{\"time\":0,\"name\":null}]},\"FX/1shockwave2\":{\"color\":[{\"time\":0,\"color\":\"ffe41a00\"},{\"time\":0.1667,\"color\":\"ffef30b6\"},{\"time\":0.6,\"color\":\"ffb60e00\"}]},\"FX/2/1 (1)\":{\"attachment\":[{\"time\":0,\"name\":\"FX/1/1 (1)\"},{\"time\":0.0333,\"name\":\"FX/1/1 (2)\"},{\"time\":0.0667,\"name\":\"FX/1/1 (3)\"},{\"time\":0.1,\"name\":\"FX/1/1 (4)\"},{\"time\":0.1333,\"name\":\"FX/1/1 (5)\"},{\"time\":0.1667,\"name\":\"FX/1/1 (6)\"},{\"time\":0.2,\"name\":\"FX/1/1 (7)\"},{\"time\":0.2333,\"name\":\"FX/1/1 (8)\"},{\"time\":0.2667,\"name\":\"FX/1/1 (9)\"},{\"time\":0.3,\"name\":\"FX/1/1 (1)\"},{\"time\":0.3333,\"name\":\"FX/1/1 (2)\"},{\"time\":0.3667,\"name\":\"FX/1/1 (3)\"},{\"time\":0.4,\"name\":\"FX/1/1 (4)\"},{\"time\":0.4333,\"name\":\"FX/1/1 (5)\"},{\"time\":0.4667,\"name\":\"FX/1/1 (6)\"},{\"time\":0.5,\"name\":\"FX/1/1 (7)\"},{\"time\":0.5333,\"name\":\"FX/1/1 (8)\"},{\"time\":0.5667,\"name\":\"FX/1/1 (9)\"},{\"time\":0.6,\"name\":\"FX/1/1 (1)\"}]}},\"bones\":{\"FX/1shockwave2\":{\"rotate\":[{\"time\":0,\"angle\":0,\"curve\":\"stepped\"},{\"time\":0.6,\"angle\":0}],\"scale\":[{\"time\":0,\"x\":1,\"y\":1},{\"time\":0.5667,\"x\":1.926,\"y\":1.926},{\"time\":0.6,\"x\":1,\"y\":1}]}}}}}","_skeletonJson":{"skeleton":{"hash":"c0Pur5c0xlnHvQ7Fmfei9+xqWRY","spine":"3.7.94","width":138.66,"height":138.66},"bones":[{"name":"root"},{"name":"All","parent":"root"},{"name":"FX/1shockwave","parent":"All","scaleX":0.998,"scaleY":0.998},{"name":"FX/2/1 (1)","parent":"All","scaleX":1.703,"scaleY":1.703},{"name":"FX/1shockwave2","parent":"All","scaleX":0.998,"scaleY":0.998}],"slots":[{"name":"FX/1shockwave","bone":"FX/1shockwave","attachment":"FX/Scan_Miniboss"},{"name":"FX/1shockwave2","bone":"FX/1shockwave2","attachment":"FX/Scan_Miniboss"},{"name":"FX/2/1 (1)","bone":"FX/2/1 (1)"}],"skins":{"default":{"FX/1shockwave":{"FX/Scan_Miniboss":{"x":2.47,"y":0.19,"width":139,"height":139}},"FX/1shockwave2":{"FX/Scan_Miniboss":{"x":2.47,"y":0.19,"width":139,"height":139}},"FX/2/1 (1)":{"FX/1/1 (1)":{"x":2.96,"y":-0.68,"width":125,"height":125},"FX/1/1 (2)":{"x":2.96,"y":-0.68,"width":125,"height":125},"FX/1/1 (3)":{"x":2.96,"y":-0.68,"width":125,"height":125},"FX/1/1 (4)":{"x":2.96,"y":-0.68,"width":125,"height":125},"FX/1/1 (5)":{"x":2.96,"y":-0.68,"width":125,"height":125},"FX/1/1 (6)":{"x":2.96,"y":-0.68,"width":125,"height":125},"FX/1/1 (7)":{"x":2.96,"y":-0.68,"width":125,"height":125},"FX/1/1 (8)":{"x":2.96,"y":-0.68,"width":125,"height":125},"FX/1/1 (9)":{"x":2.96,"y":-0.68,"width":125,"height":125},"FX/2/1 (1)":{"x":2.96,"y":-0.68,"width":125,"height":125},"FX/2/1 (2)":{"x":2.96,"y":-0.68,"width":125,"height":125},"FX/2/1 (3)":{"x":2.96,"y":-0.68,"width":125,"height":125},"FX/2/1 (4)":{"x":2.96,"y":-0.68,"width":125,"height":125},"FX/2/1 (5)":{"x":2.96,"y":-0.68,"width":125,"height":125},"FX/2/1 (6)":{"x":2.96,"y":-0.68,"width":125,"height":125},"FX/2/1 (7)":{"x":2.96,"y":-0.68,"width":125,"height":125},"FX/2/1 (8)":{"x":2.96,"y":-0.68,"width":125,"height":125},"FX/2/1 (9)":{"x":2.96,"y":-0.68,"width":125,"height":125}}}},"animations":{"animation_blue":{"slots":{"FX/1shockwave":{"color":[{"time":0,"color":"2011ff00"},{"time":0.1667,"color":"2bc6ffb7"},{"time":0.6,"color":"2011ff00"}]},"FX/1shockwave2":{"attachment":[{"time":0,"name":null}]},"FX/2/1 (1)":{"attachment":[{"time":0,"name":"FX/2/1 (1)"},{"time":0.0333,"name":"FX/2/1 (2)"},{"time":0.0667,"name":"FX/2/1 (3)"},{"time":0.1,"name":"FX/2/1 (4)"},{"time":0.1333,"name":"FX/2/1 (5)"},{"time":0.1667,"name":"FX/2/1 (6)"},{"time":0.2,"name":"FX/2/1 (7)"},{"time":0.2333,"name":"FX/2/1 (8)"},{"time":0.2667,"name":"FX/2/1 (9)"},{"time":0.3,"name":"FX/2/1 (1)"},{"time":0.3333,"name":"FX/2/1 (2)"},{"time":0.3667,"name":"FX/2/1 (3)"},{"time":0.4,"name":"FX/2/1 (4)"},{"time":0.4333,"name":"FX/2/1 (5)"},{"time":0.4667,"name":"FX/2/1 (6)"},{"time":0.5,"name":"FX/2/1 (7)"},{"time":0.5333,"name":"FX/2/1 (8)"},{"time":0.5667,"name":"FX/2/1 (9)"},{"time":0.6,"name":"FX/2/1 (1)"}]}},"bones":{"FX/1shockwave":{"rotate":[{"time":0,"angle":0,"curve":"stepped"},{"time":0.6,"angle":0}],"scale":[{"time":0,"x":1,"y":1},{"time":0.5667,"x":1.926,"y":1.926},{"time":0.6,"x":1,"y":1}]}}},"animation_red":{"slots":{"FX/1shockwave":{"attachment":[{"time":0,"name":null}]},"FX/1shockwave2":{"color":[{"time":0,"color":"ffe41a00"},{"time":0.1667,"color":"ffef30b6"},{"time":0.6,"color":"ffb60e00"}]},"FX/2/1 (1)":{"attachment":[{"time":0,"name":"FX/1/1 (1)"},{"time":0.0333,"name":"FX/1/1 (2)"},{"time":0.0667,"name":"FX/1/1 (3)"},{"time":0.1,"name":"FX/1/1 (4)"},{"time":0.1333,"name":"FX/1/1 (5)"},{"time":0.1667,"name":"FX/1/1 (6)"},{"time":0.2,"name":"FX/1/1 (7)"},{"time":0.2333,"name":"FX/1/1 (8)"},{"time":0.2667,"name":"FX/1/1 (9)"},{"time":0.3,"name":"FX/1/1 (1)"},{"time":0.3333,"name":"FX/1/1 (2)"},{"time":0.3667,"name":"FX/1/1 (3)"},{"time":0.4,"name":"FX/1/1 (4)"},{"time":0.4333,"name":"FX/1/1 (5)"},{"time":0.4667,"name":"FX/1/1 (6)"},{"time":0.5,"name":"FX/1/1 (7)"},{"time":0.5333,"name":"FX/1/1 (8)"},{"time":0.5667,"name":"FX/1/1 (9)"},{"time":0.6,"name":"FX/1/1 (1)"}]}},"bones":{"FX/1shockwave2":{"rotate":[{"time":0,"angle":0,"curve":"stepped"},{"time":0.6,"angle":0}],"scale":[{"time":0,"x":1,"y":1},{"time":0.5667,"x":1.926,"y":1.926},{"time":0.6,"x":1,"y":1}]}}}}},"_atlasText":"\nFx_Pulse.png\nsize: 715,330\nformat: RGBA8888\nfilter: Linear,Linear\nrepeat: none\nFX/1/1 (1)\n  rotate: false\n  xy: 478, 111\n  size: 94, 104\n  orig: 125, 125\n  offset: 9, 13\n  index: -1\nFX/1/1 (2)\n  rotate: true\n  xy: 309, 2\n  size: 96, 100\n  orig: 125, 125\n  offset: 3, 13\n  index: -1\nFX/1/1 (3)\n  rotate: true\n  xy: 2, 71\n  size: 117, 95\n  orig: 125, 125\n  offset: 0, 16\n  index: -1\nFX/1/1 (4)\n  rotate: true\n  xy: 142, 212\n  size: 116, 91\n  orig: 125, 125\n  offset: 1, 17\n  index: -1\nFX/1/1 (5)\n  rotate: false\n  xy: 196, 6\n  size: 111, 86\n  orig: 125, 125\n  offset: 6, 19\n  index: -1\nFX/1/1 (6)\n  rotate: true\n  xy: 235, 215\n  size: 113, 91\n  orig: 125, 125\n  offset: 7, 22\n  index: -1\nFX/1/1 (7)\n  rotate: true\n  xy: 328, 216\n  size: 112, 94\n  orig: 125, 125\n  offset: 3, 17\n  index: -1\nFX/1/1 (8)\n  rotate: false\n  xy: 611, 135\n  size: 102, 94\n  orig: 125, 125\n  offset: 6, 17\n  index: -1\nFX/1/1 (9)\n  rotate: true\n  xy: 411, 3\n  size: 97, 102\n  orig: 125, 125\n  offset: 9, 9\n  index: -1\nFX/2/1 (1)\n  rotate: false\n  xy: 515, 5\n  size: 94, 104\n  orig: 125, 125\n  offset: 9, 13\n  index: -1\nFX/2/1 (2)\n  rotate: false\n  xy: 512, 228\n  size: 96, 100\n  orig: 125, 125\n  offset: 3, 13\n  index: -1\nFX/2/1 (3)\n  rotate: true\n  xy: 99, 71\n  size: 117, 95\n  orig: 125, 125\n  offset: 0, 16\n  index: -1\nFX/2/1 (4)\n  rotate: true\n  xy: 196, 94\n  size: 116, 91\n  orig: 125, 125\n  offset: 1, 17\n  index: -1\nFX/2/1 (5)\n  rotate: true\n  xy: 424, 217\n  size: 111, 86\n  orig: 125, 125\n  offset: 6, 19\n  index: -1\nFX/2/1 (6)\n  rotate: true\n  xy: 289, 100\n  size: 113, 91\n  orig: 125, 125\n  offset: 7, 22\n  index: -1\nFX/2/1 (7)\n  rotate: true\n  xy: 382, 102\n  size: 112, 94\n  orig: 125, 125\n  offset: 3, 17\n  index: -1\nFX/2/1 (8)\n  rotate: false\n  xy: 611, 39\n  size: 102, 94\n  orig: 125, 125\n  offset: 6, 17\n  index: -1\nFX/2/1 (9)\n  rotate: true\n  xy: 611, 231\n  size: 97, 102\n  orig: 125, 125\n  offset: 9, 9\n  index: -1\nFX/Scan_Miniboss\n  rotate: false\n  xy: 2, 190\n  size: 138, 138\n  orig: 139, 139\n  offset: 1, 1\n  index: -1\n","textures":[{"__uuid__":"dfVHj/A0lB1Z0K+XjcpOxe"}],"textureNames":["Fx_Pulse.png"]}