{"__type__":"cc.AnimationClip","_name":"BallTraySlot7FX","_duration":1,"wrapMode":2,"curveData":{"paths":{"Slot7Bright":{"props":{"opacity":[{"frame":0,"value":255},{"frame":0.5,"value":150},{"frame":1,"value":255}]}},"Slot7Spin/light1":{"props":{"scale":[{"frame":0,"value":{"__type__":"cc.Vec2","x":1,"y":1}},{"frame":0.5,"value":{"__type__":"cc.Vec2","x":1.2,"y":1.2}},{"frame":1,"value":{"__type__":"cc.Vec2","x":1,"y":1}}]}},"Slot7Spin/light2":{"props":{"scale":[{"frame":0,"value":{"__type__":"cc.Vec2","x":1,"y":1}},{"frame":0.5,"value":{"__type__":"cc.Vec2","x":1.2,"y":1.2}},{"frame":1,"value":{"__type__":"cc.Vec2","x":1,"y":1}}]}},"Slot7Spin":{"props":{"angle":[{"frame":0,"value":360},{"frame":1,"value":0}]}}}}}