{"__type__":"sp.SkeletonData","_name":"Fish_15","skeletonJsonStr":"{\n\"skeleton\": { \"hash\": \"3DBW7UDA6tLWiaHGgnXr6aIkRX8\", \"spine\": \"3.7.94\", \"width\": 134.75, \"height\": 111.44 },\n\"bones\": [\n\t{ \"name\": \"root\" },\n\t{ \"name\": \"All\", \"parent\": \"root\", \"scaleX\": 0.273, \"scaleY\": 0.273 },\n\t{ \"name\": \"bone21\", \"parent\": \"All\", \"x\": 106.22, \"y\": -0.09 },\n\t{ \"name\": \"bone\", \"parent\": \"bone21\", \"rotation\": -90, \"x\": -53.75, \"y\": 1.05 },\n\t{ \"name\": \"bone2\", \"parent\": \"bone\", \"length\": 46.99, \"rotation\": -90.5, \"x\": 0.32, \"y\": -53.43 },\n\t{ \"name\": \"bone3\", \"parent\": \"bone2\", \"length\": 36.79, \"rotation\": -0.08, \"x\": 51.37, \"y\": -0.55 },\n\t{ \"name\": \"bone4\", \"parent\": \"bone3\", \"length\": 23.62, \"rotation\": -2.47, \"x\": 34.61, \"y\": -0.34 },\n\t{ \"name\": \"bone5\", \"parent\": \"bone4\", \"length\": 26.16, \"rotation\": -2.99, \"x\": 23.27, \"y\": -0.72 },\n\t{ \"name\": \"bone6\", \"parent\": \"bone5\", \"length\": 28.32, \"rotation\": 0.53, \"x\": 27.82, \"y\": -1.11 },\n\t{ \"name\": \"bone7\", \"parent\": \"bone6\", \"length\": 28.64, \"rotation\": -3.11, \"x\": 29.39, \"y\": -1.84 },\n\t{ \"name\": \"bone8\", \"parent\": \"bone7\", \"length\": 27.4, \"rotation\": 3.17, \"x\": 30.16, \"y\": -0.5 },\n\t{ \"name\": \"bone9\", \"parent\": \"bone8\", \"length\": 31.66, \"rotation\": -1.51, \"x\": 26.1, \"y\": -0.77 },\n\t{ \"name\": \"bone10\", \"parent\": \"bone9\", \"length\": 33.7, \"rotation\": 13.73, \"x\": 31.7, \"y\": -0.3 },\n\t{ \"name\": \"bone11\", \"parent\": \"bone\", \"length\": 58.86, \"rotation\": 170.47, \"x\": -83.95, \"y\": 20.88 },\n\t{ \"name\": \"bone12\", \"parent\": \"bone11\", \"length\": 42.37, \"rotation\": 2.1, \"x\": 57.65, \"y\": -0.13 },\n\t{ \"name\": \"bone13\", \"parent\": \"bone12\", \"length\": 31.57, \"rotation\": 7.2, \"x\": 44.26, \"y\": 0.57 },\n\t{ \"name\": \"bone14\", \"parent\": \"bone\", \"length\": 57.11, \"rotation\": -0.61, \"x\": 89.55, \"y\": 21.69 },\n\t{ \"name\": \"bone15\", \"parent\": \"bone14\", \"length\": 53.4, \"rotation\": -0.53, \"x\": 56.97, \"y\": 0.14 },\n\t{ \"name\": \"bone16\", \"parent\": \"bone15\", \"length\": 43.33, \"rotation\": -6.27, \"x\": 49.94, \"y\": 0.82 },\n\t{ \"name\": \"bone18\", \"parent\": \"bone\", \"x\": 0.18, \"y\": -33.22 },\n\t{ \"name\": \"bone19\", \"parent\": \"bone\", \"x\": -50.96, \"y\": 91.66 },\n\t{ \"name\": \"bone20\", \"parent\": \"bone\", \"x\": 54.45, \"y\": 91.09 }\n],\n\"slots\": [\n\t{ \"name\": \"bong\", \"bone\": \"All\", \"attachment\": \"15_x20_x60/bong\" },\n\t{ \"name\": \"fish2\", \"bone\": \"bone21\", \"attachment\": \"15_x20_x60/fish2\" },\n\t{ \"name\": \"fish2a2\", \"bone\": \"bone18\", \"attachment\": \"15_x20_x60/fish2a\" }\n],\n\"skins\": {\n\t\"default\": {\n\t\t\"bong\": {\n\t\t\t\"15_x20_x60/bong\": {\n\t\t\t\t\"type\": \"mesh\",\n\t\t\t\t\"color\": \"ffffff84\",\n\t\t\t\t\"uvs\": [ 0.49712, 0, 0.36225, 0, 0.20834, 0, 0.09886, 9.8E-4, 0, 0, 0, 0.08289, 0, 0.274, 0.06236, 0.33031, 0.20675, 0.37638, 0.31941, 0.44122, 0.38129, 0.51801, 0.41779, 0.64257, 0.40827, 0.71594, 0.41461, 0.80979, 0.41461, 0.919, 0.44159, 1, 0.52251, 1, 0.50188, 0.93777, 0.51299, 0.84563, 0.54472, 0.71424, 0.56376, 0.61527, 0.60343, 0.48217, 0.65738, 0.4361, 0.81129, 0.37126, 0.96996, 0.3269, 1, 0.28082, 1, 0.07094, 0.90173, 0.059, 0.76686, 0.03852, 0.67959, 0.0334, 0.63199, 0 ],\n\t\t\t\t\"triangles\": [ 12, 11, 19, 19, 11, 20, 15, 17, 16, 15, 14, 17, 17, 14, 18, 14, 13, 18, 18, 13, 19, 13, 12, 19, 11, 10, 20, 10, 9, 21, 20, 10, 21, 21, 9, 22, 8, 7, 2, 3, 2, 5, 5, 2, 7, 7, 6, 5, 5, 4, 3, 9, 1, 0, 9, 8, 1, 1, 8, 2, 24, 23, 25, 23, 28, 27, 25, 23, 27, 27, 26, 25, 22, 9, 0, 22, 0, 29, 23, 29, 28, 23, 22, 29, 29, 0, 30 ],\n\t\t\t\t\"vertices\": [ 5, 16, -45.88, -41.35, 0.47553, 18, -146.77, -59.65, 0.00116, 13, -132.07, 18.41, 0.49566, 14, -188.92, 25.49, 0.0275, 5, -86.08, 43.04, 1.5E-4, 3, 16, -93.9, -41.64, 0.13348, 13, -84.67, 26.14, 0.66939, 14, -141.27, 31.48, 0.19713, 4, 16, -148.7, -41.96, 0.0057, 13, -30.59, 34.96, 0.247, 14, -86.9, 38.31, 0.60383, 15, -125.38, 53.89, 0.14348, 3, 13, 7.83, 41.56, 0.01815, 14, -48.26, 43.5, 0.29398, 15, -86.4, 54.19, 0.68786, 2, 14, -13.3, 47.57, 0.09296, 15, -51.21, 53.84, 0.90704, 2, 14, -16.72, 74.8, 0.04507, 15, -51.19, 81.28, 0.95493, 4, 13, 28.02, 136.44, 1.8E-4, 15, -51.14, 144.55, 0.99753, 6, -23.25, -134.23, 0.00229, 8, -68.56, -134.02, 0, 5, 17, -255.56, -154.13, 0, 13, 3.1, 151.26, 0.02841, 15, -73.33, 163.21, 0.9562, 6, -5.71, -111.15, 0.0149, 8, -52.02, -110.21, 4.9E-4, 7, 17, -203.93, -168.6, 0, 13, -50.09, 158.04, 0.37655, 14, -101.88, 162.03, 0.00871, 15, -124.73, 178.51, 0.44027, 5, 39.11, -59.66, 0.01213, 6, 7.03, -59.06, 0.15082, 8, -41.52, -57.62, 0.01151, 7, 17, -163.5, -189.45, 1.0E-5, 13, -93.14, 172.77, 0.3176, 15, -164.82, 200, 0.07608, 5, 60.35, -19.43, 0.0767, 6, 26.53, -17.95, 0.46378, 8, -23.8, -15.72, 0.05952, 9, -52.36, -16.76, 0.00631, 7, 17, -141.08, -214.54, 1.0E-5, 13, -118.97, 194.32, 0.06762, 15, -186.83, 225.44, 0.0103, 5, 85.65, 2.74, 0.00588, 6, 50.85, 5.29, 0.66405, 8, -0.5, 8.54, 0.19288, 9, -30.41, 8.73, 0.05926, 7, 17, -127.46, -255.57, 0, 13, -138.44, 232.92, 2.7E-4, 15, -199.8, 266.69, 3.0E-5, 6, 91.4, 20.27, 0.07207, 8, 39.38, 25.25, 0.22936, 10, -20.07, 29.23, 0.0449, 9, 8.5, 27.58, 0.65337, 4, 17, -130.47, -279.91, 0, 6, 115.83, 18.07, 3.3E-4, 10, 4.43, 28.05, 0.62495, 9, 33.03, 27.76, 0.37472, 2, 10, 35.17, 33.11, 0.56427, 12, -14.71, 39, 0.43573, 1, 12, 21.18, 34.57, 1, 1, 12, 48.98, 40.81, 1, 1, 12, 52.51, 69.4, 1, 2, 12, 31.16, 64.64, 0.99992, 9, 100.86, 71.4, 8.0E-5, 5, 7, 130.44, 64.99, 1.7E-4, 8, 103.24, 65.14, 0.02451, 10, 43.83, 69.06, 0.13636, 12, 1.37, 72.31, 0.69225, 9, 70.1, 70.88, 0.14672, 4, 5, 150.3, 61.29, 0.00238, 7, 86.02, 71.85, 0.12752, 8, 58.88, 72.42, 0.5391, 9, 25.41, 75.74, 0.331, 5, 16, -20.94, -244.91, 2.3E-4, 17, -75.62, -245.74, 1.0E-5, 5, 117.49, 67.89, 0.18697, 7, 52.74, 75.3, 0.70843, 8, 25.64, 76.18, 0.10437, 4, 16, -7.08, -200.76, 0.13273, 17, -62.17, -201.46, 0.01782, 5, 73.35, 81.78, 0.79099, 7, 7.47, 84.93, 0.05846, 5, 16, 12.04, -185.39, 0.36484, 17, -43.2, -185.92, 0.08302, 13, -211.63, 151.72, 1.2E-4, 5, 57.99, 100.9, 0.55026, 7, -9.64, 102.5, 0.00176, 4, 16, 66.7, -163.6, 0.28824, 17, 11.26, -163.62, 0.59731, 18, -20.5, -167.71, 0.02683, 5, 36.22, 155.57, 0.08763, 4, 16, 123.11, -148.57, 0.00112, 17, 67.53, -148.06, 0.27788, 18, 33.73, -146.1, 0.72019, 5, 21.21, 211.99, 8.1E-4, 2, 17, 77.99, -132.65, 0.13877, 18, 42.44, -129.63, 0.86123, 1, 18, 33.81, -60.68, 1, 2, 16, 98.29, -60.01, 0.01682, 18, -1.4, -61.11, 0.98318, 4, 16, 50.23, -53.52, 0.47598, 17, -6.23, -53.7, 0.05874, 18, -49.89, -60.35, 0.45399, 13, -228.91, 15.52, 0.01129, 4, 16, 19.15, -52.01, 0.78265, 17, -37.32, -52.48, 0.00603, 18, -80.93, -62.54, 0.11352, 13, -197.97, 18.85, 0.0978, 4, 16, 2.14, -41.06, 0.76772, 18, -99.12, -53.67, 0.04068, 13, -179.46, 10.67, 0.191, 14, -236.56, 19.5, 6.1E-4 ],\n\t\t\t\t\"hull\": 31\n\t\t\t}\n\t\t},\n\t\t\"fish2\": {\n\t\t\t\"15_x20_x60/fish2\": {\n\t\t\t\t\"type\": \"mesh\",\n\t\t\t\t\"uvs\": [ 0.49881, 0.02409, 0.45994, 0.01971, 0.43027, 0, 0.37196, 0, 0.34127, 0.0219, 0.31877, 0.06239, 0.26015, 0.05689, 0.18956, 0.0536, 0.12102, 0.05907, 0.05862, 0.08205, 0.01975, 0.10394, 0, 0.13567, 0, 0.23415, 0.031, 0.26917, 0.08112, 0.29325, 0.13125, 0.30309, 0.16092, 0.30966, 0.22154, 0.32583, 0.29929, 0.3499, 0.35964, 0.38273, 0.39852, 0.41556, 0.43534, 0.45714, 0.42818, 0.49613, 0.44148, 0.52348, 0.44966, 0.55522, 0.43534, 0.59242, 0.4292, 0.65042, 0.43023, 0.7117, 0.42716, 0.76532, 0.42818, 0.8255, 0.43227, 0.89006, 0.43739, 0.94915, 0.45683, 1, 0.48649, 1, 0.48342, 0.959, 0.48138, 0.89444, 0.48547, 0.83316, 0.50172, 0.76258, 0.51604, 0.70896, 0.51911, 0.65862, 0.53752, 0.60282, 0.53957, 0.55686, 0.56245, 0.49936, 0.57678, 0.44903, 0.64067, 0.38491, 0.70307, 0.35864, 0.76854, 0.33567, 0.8267, 0.31816, 0.90649, 0.30065, 0.96071, 0.27986, 1, 0.24922, 1, 0.18247, 1, 0.12557, 0.97196, 0.10459, 0.92286, 0.07286, 0.85739, 0.05754, 0.78783, 0.05425, 0.73463, 0.04878, 0.66609, 0.05316, 0.64665, 0.01705, 0.62926, 0, 0.55049, 0, 0.52799, 0.0258, 0.65138, 0.09491, 0.66431, 0.17416, 0.65923, 0.23152, 0.64729, 0.29041, 0.62572, 0.3479, 0.41078, 0.11149, 0.45647, 0.08659, 0.50146, 0.08349, 0.54991, 0.08854, 0.58235, 0.11189, 0.36453, 0.32932, 0.33938, 0.25685, 0.33635, 0.18964, 0.34262, 0.11781 ],\n\t\t\t\t\"triangles\": [ 25, 24, 40, 41, 24, 23, 40, 24, 41, 32, 31, 34, 32, 34, 33, 35, 30, 36, 31, 30, 35, 31, 35, 34, 30, 29, 36, 36, 29, 28, 37, 36, 28, 39, 27, 26, 37, 27, 38, 28, 27, 37, 38, 27, 39, 26, 25, 39, 39, 25, 40, 23, 22, 21, 42, 23, 21, 42, 41, 23, 43, 20, 67, 43, 67, 44, 21, 20, 43, 42, 21, 43, 53, 52, 51, 54, 51, 48, 50, 49, 51, 49, 48, 51, 51, 54, 53, 48, 55, 54, 47, 55, 48, 47, 56, 55, 57, 64, 63, 72, 63, 64, 65, 72, 64, 66, 72, 65, 56, 64, 57, 47, 64, 56, 72, 66, 73, 65, 64, 47, 47, 46, 65, 46, 66, 65, 45, 66, 46, 67, 66, 45, 44, 67, 45, 67, 20, 66, 9, 12, 11, 10, 9, 11, 13, 12, 9, 15, 14, 9, 13, 9, 14, 15, 8, 7, 15, 9, 8, 7, 16, 15, 19, 18, 73, 19, 73, 20, 72, 73, 68, 76, 6, 5, 68, 74, 75, 6, 75, 7, 76, 75, 6, 75, 16, 7, 17, 16, 75, 74, 17, 75, 76, 68, 75, 73, 74, 68, 18, 17, 74, 73, 18, 74, 73, 66, 20, 71, 62, 61, 63, 59, 58, 60, 71, 61, 59, 71, 60, 72, 59, 63, 59, 72, 71, 57, 63, 58, 69, 2, 1, 68, 3, 2, 68, 2, 69, 4, 3, 68, 5, 4, 68, 69, 1, 0, 76, 5, 68, 70, 0, 62, 69, 0, 70, 70, 62, 71, 68, 69, 70, 70, 72, 68, 72, 70, 71 ],\n\t\t\t\t\"vertices\": [ 3, 2, 51.42, -1.06, 0.43254, 20, 53.07, 13.51, 0.2909, 21, -52.35, 14.08, 0.27656, 3, 2, 53.66, 18.72, 0.29235, 20, 33.29, 15.75, 0.61455, 21, -72.12, 16.32, 0.0931, 3, 2, 63.16, 33.75, 0.1073, 20, 18.26, 25.25, 0.86536, 21, -87.15, 25.82, 0.02734, 2, 20, -11.43, 25.48, 0.99319, 13, -5.32, -98.5, 0.00681, 3, 20, -27.13, 15.17, 0.91086, 13, 8.46, -85.74, 0.08903, 15, -106.37, -71.54, 1.1E-4, 3, 20, -38.74, -4.01, 0.59209, 13, 16.73, -64.9, 0.40127, 15, -94.84, -52.31, 0.00664, 3, 20, -68.56, -1.16, 0.21328, 13, 46.61, -62.77, 0.68396, 15, -65.01, -55.05, 0.10276, 3, 20, -104.49, 0.68, 0.05517, 13, 82.35, -58.63, 0.4861, 15, -29.07, -56.74, 0.45873, 3, 20, -139.4, -1.66, 0.0085, 13, 116.39, -50.55, 0.1352, 15, 5.83, -54.27, 0.85629, 3, 20, -171.26, -12.35, 1.1E-4, 13, 146.04, -34.73, 0.00458, 15, 37.64, -43.45, 0.99532, 1, 15, 57.48, -33.11, 1, 1, 15, 67.59, -18.04, 1, 1, 15, 67.76, 28.84, 1, 2, 13, 145.85, 55.44, 0.01619, 15, 52.04, 45.56, 0.98381, 2, 13, 118.84, 62.72, 0.11729, 15, 26.56, 57.12, 0.88271, 4, 3, -186.05, -26.18, 3.0E-5, 13, 92.89, 63.32, 0.34864, 15, 1.06, 61.9, 0.65081, 5, -76.72, -186.16, 5.2E-4, 4, 3, -170.97, -29.42, 0.00171, 13, 77.49, 64.02, 0.53955, 15, -14.03, 65.08, 0.456, 5, -73.64, -171.05, 0.00274, 4, 3, -140.17, -37.36, 0.02659, 13, 45.79, 66.74, 0.82041, 15, -44.87, 72.89, 0.13245, 5, -66.02, -140.16, 0.02055, 4, 3, -100.67, -49.12, 0.15594, 13, 4.9, 71.8, 0.73406, 15, -84.41, 84.5, 0.00548, 5, -54.66, -100.55, 0.10452, 4, 3, -70.06, -64.98, 0.29219, 13, -27.92, 82.37, 0.43151, 5, -39.11, -69.78, 0.2763, 6, -70.66, -72.56, 0, 4, 3, -50.39, -80.76, 0.27475, 13, -49.93, 94.67, 0.22606, 5, -23.53, -49.95, 0.49427, 6, -55.95, -52.08, 0.00492, 4, 3, -31.8, -100.7, 0.09304, 13, -71.57, 111.25, 0.05765, 5, -3.79, -31.15, 0.7572, 6, -37.04, -32.44, 0.09211, 5, 3, -35.58, -119.22, 0.01018, 13, -70.9, 130.15, 0.01146, 5, 14.78, -34.75, 0.65791, 8, -67.89, -34.9, 0.00235, 6, -18.33, -35.24, 0.31809, 5, 3, -28.91, -132.3, 2.0E-4, 13, -79.65, 141.94, 0.00225, 5, 27.79, -27.95, 0.40246, 8, -55.52, -27.01, 0.0234, 6, -5.63, -27.88, 0.57169, 5, 5, 42.88, -23.75, 0.02102, 7, -12.82, -23.01, 0.0273, 8, -40.84, -21.53, 0.12978, 9, -69.06, -23.48, 8.0E-4, 6, 9.27, -23.03, 0.82109, 4, 7, 5.52, -28.54, 0.1043, 8, -22.56, -27.23, 0.49004, 9, -50.49, -28.18, 0.02552, 6, 27.29, -29.51, 0.38015, 4, 8, 5.22, -27.9, 0.73933, 9, -22.72, -27.34, 0.22256, 10, -54.29, -23.88, 0.00422, 6, 55.01, -31.37, 0.03388, 4, 8, 34.22, -24.81, 0.04164, 9, 6.08, -22.68, 0.80368, 10, -25.28, -20.81, 0.15256, 11, -50.84, -21.39, 0.00212, 3, 9, 31.56, -20.6, 0.14876, 10, 0.28, -20.14, 0.72672, 11, -25.3, -20.05, 0.12452, 1, 11, 3.1, -16.28, 1, 2, 11, 33.4, -10.72, 0.47461, 12, -0.83, -10.53, 0.52539, 1, 12, 27.4, -11.48, 1, 1, 12, 52.65, -4.71, 1, 1, 12, 54.55, 10.28, 1, 1, 12, 34.99, 11.18, 1, 2, 11, 32.63, 14.35, 0.37601, 12, 4.37, 14.01, 0.62399, 3, 9, 59.3, 13.38, 0.02398, 10, 29.86, 12.25, 0.76115, 11, 3.41, 13.11, 0.21487, 2, 8, 55.14, 13.58, 0.17023, 9, 24.87, 16.79, 0.82977, 2, 7, 56.71, 17.75, 0.11386, 8, 29.07, 18.59, 0.88614, 2, 7, 32.72, 16.97, 0.87957, 8, 5.07, 18.03, 0.12043, 3, 5, 65.42, 21.04, 0.10508, 7, 5.37, 23.71, 0.71985, 6, 29.86, 22.68, 0.17507, 4, 16, -66.84, -170.98, 1.5E-4, 5, 43.55, 22.03, 0.69635, 7, -16.51, 22.62, 0.10622, 6, 7.96, 22.73, 0.19728, 3, 3, 32.77, -121.29, 0.01674, 16, -55.26, -143.58, 0.02059, 5, 16.15, 33.61, 0.96267, 3, 3, 40.24, -97.39, 0.14605, 16, -48.04, -119.6, 0.10893, 5, -7.83, 40.85, 0.74502, 4, 3, 73.01, -67.12, 0.27557, 16, -15.6, -88.98, 0.43409, 17, -71.74, -89.79, 0.0044, 5, -38.43, 73.3, 0.28594, 4, 3, 104.87, -54.87, 0.15351, 16, 16.13, -76.39, 0.67474, 17, -40.13, -76.9, 0.06106, 5, -51.01, 105.04, 0.11068, 5, 3, 138.29, -44.19, 0.04425, 16, 49.44, -65.35, 0.60566, 17, -6.93, -65.56, 0.3176, 18, -49.28, -72.19, 5.5E-4, 5, -62.03, 138.35, 0.03193, 5, 3, 167.96, -36.08, 0.00628, 16, 79.02, -56.93, 0.24759, 17, 22.58, -56.87, 0.68368, 18, -20.9, -60.32, 0.05652, 5, -70.43, 167.94, 0.00593, 4, 16, 119.62, -48.48, 0.00699, 17, 63.1, -48.04, 0.41525, 18, 18.41, -47.12, 0.57777, 5, -78.87, 208.54, 0, 2, 17, 90.58, -37.8, 0.06073, 18, 44.61, -33.95, 0.93927, 1, 18, 62.7, -17.05, 1, 1, 18, 58.84, 14.49, 1, 1, 18, 55.56, 41.37, 1, 4, 21, 188.25, -26.09, 5.0E-5, 16, 152.68, 44.94, 3.0E-4, 17, 95.29, 45.68, 2.5E-4, 18, 40.18, 49.55, 0.9994, 4, 21, 163.37, -10.79, 0.00357, 16, 127.64, 59.97, 0.02174, 17, 70.11, 60.48, 0.05673, 18, 13.53, 61.51, 0.91796, 4, 21, 130.09, -3.24, 0.02659, 16, 94.28, 67.16, 0.15045, 17, 36.69, 67.37, 0.25045, 18, -20.44, 64.71, 0.57251, 4, 21, 94.69, -1.41, 0.11235, 16, 58.86, 68.62, 0.45556, 17, 1.25, 68.5, 0.24019, 18, -55.79, 61.96, 0.1919, 4, 21, 67.63, 1.41, 0.25775, 16, 31.77, 71.15, 0.5862, 17, -25.86, 70.77, 0.09819, 18, -82.99, 61.26, 0.05786, 5, 2, 36.93, -86.12, 6.0E-5, 21, 32.71, -0.41, 0.67707, 16, -3.12, 68.96, 0.31071, 17, -60.73, 68.26, 0.00767, 18, -117.37, 54.96, 0.00449, 4, 21, 22.95, 16.86, 0.94121, 16, -13.07, 86.12, 0.05813, 17, -70.83, 85.32, 4.0E-4, 18, -129.28, 70.82, 2.6E-4, 3, 20, 119.57, 24.47, 1.1E-4, 21, 14.16, 25.04, 0.98689, 16, -21.94, 94.21, 0.013, 3, 2, 62.68, -27.46, 0.1668, 20, 79.47, 24.77, 0.04638, 21, -25.94, 25.35, 0.78682, 3, 2, 50.49, -15.9, 0.34052, 20, 67.91, 12.58, 0.12276, 21, -37.5, 13.16, 0.53672, 6, 2, 17.12, -78.47, 0.02324, 21, 25.07, -20.22, 0.56652, 3, 79.52, 70.87, 0.00256, 16, -10.55, 49.07, 0.40338, 17, -67.98, 48.3, 0.00251, 18, -122.4, 34.33, 0.0018, 4, 2, -20.66, -84.77, 0.02211, 21, 31.36, -57.99, 0.09436, 3, 85.82, 33.09, 0.01013, 16, -3.86, 11.36, 0.8734, 5, 2, -47.94, -81.97, 0.01076, 21, 28.57, -85.28, 0.00274, 3, 83.02, 5.81, 0.10178, 16, -6.36, -15.95, 0.85868, 5, -111.46, 82.57, 0.02604, 5, 2, -75.92, -75.67, 0.00419, 3, 76.72, -22.17, 0.23476, 16, -12.36, -43.99, 0.65051, 17, -68.92, -44.77, 0.0053, 5, -83.41, 76.56, 0.10525, 5, 2, -103.2, -64.48, 8.0E-5, 3, 65.53, -49.45, 0.30171, 16, -23.26, -71.39, 0.4516, 17, -79.57, -72.27, 0.003, 5, -56.02, 65.65, 0.24361, 5, 2, 10.17, 44.08, 0.27406, 20, 7.93, -27.74, 0.52235, 21, -97.49, -27.17, 6.5E-4, 3, -43.03, 63.92, 0.03389, 13, -33.23, -49.22, 0.16905, 5, 2, 21.84, 20.73, 0.51352, 20, 31.28, -16.07, 0.41663, 21, -74.13, -15.49, 0.04625, 3, -19.68, 75.59, 0.00342, 13, -54.32, -64.61, 0.02019, 4, 2, 23.14, -2.19, 0.64883, 20, 54.2, -14.77, 0.1643, 21, -51.22, -14.2, 0.18611, 16, -86.9, 54.28, 7.6E-4, 5, 2, 20.54, -26.83, 0.4655, 20, 78.84, -17.37, 0.03197, 21, -26.57, -16.79, 0.46505, 3, 27.89, 74.29, 0.00665, 16, -62.22, 51.95, 0.03083, 5, 2, 9.3, -43.27, 0.30852, 20, 95.28, -28.61, 0.00181, 21, -10.14, -28.04, 0.49155, 3, 44.32, 63.05, 0.03885, 16, -45.67, 40.88, 0.15927, 3, 3, -67.38, -39.58, 0.29288, 13, -26.36, 56.88, 0.52312, 5, -64.53, -67.36, 0.184, 4, 2, -58.74, 80.97, 0.00389, 3, -79.92, -4.99, 0.14179, 13, -8.26, 24.84, 0.80657, 5, -99, -80.25, 0.04776, 4, 2, -26.74, 82.27, 0.01256, 20, -30.26, -64.65, 0.04041, 3, -81.22, 27.01, 0.00254, 13, -1.68, -6.51, 0.94449, 5, 2, 7.42, 78.81, 0.03315, 20, -26.8, -30.48, 0.43412, 3, -77.76, 61.18, 0.00423, 13, 0.57, -40.77, 0.52838, 15, -106.89, -25.89, 1.1E-4 ],\n\t\t\t\t\"hull\": 63\n\t\t\t}\n\t\t},\n\t\t\"fish2a2\": {\n\t\t\t\"15_x20_x60/fish2a\": { \"x\": 0.27, \"y\": -23.18, \"width\": 15, \"height\": 75 }\n\t\t}\n\t}\n},\n\"animations\": {\n\t\"animation\": {\n\t\t\"bones\": {\n\t\t\t\"bone4\": {\n\t\t\t\t\"rotate\": [\n\t\t\t\t\t{\n\t\t\t\t\t\t\"time\": 0,\n\t\t\t\t\t\t\"angle\": 0.81,\n\t\t\t\t\t\t\"curve\": [ 0.375, 0.62, 0.716, 1 ]\n\t\t\t\t\t},\n\t\t\t\t\t{\n\t\t\t\t\t\t\"time\": 0.1,\n\t\t\t\t\t\t\"angle\": 0,\n\t\t\t\t\t\t\"curve\": [ 0.25, 0, 0.75, 1 ]\n\t\t\t\t\t},\n\t\t\t\t\t{\n\t\t\t\t\t\t\"time\": 0.6,\n\t\t\t\t\t\t\"angle\": 6.22,\n\t\t\t\t\t\t\"curve\": [ 0.243, 0, 0.68, 0.71 ]\n\t\t\t\t\t},\n\t\t\t\t\t{ \"time\": 1, \"angle\": 0.81 }\n\t\t\t\t]\n\t\t\t},\n\t\t\t\"bone5\": {\n\t\t\t\t\"rotate\": [\n\t\t\t\t\t{\n\t\t\t\t\t\t\"time\": 0,\n\t\t\t\t\t\t\"angle\": 1.29,\n\t\t\t\t\t\t\"curve\": [ 0.381, 0.55, 0.742, 1 ]\n\t\t\t\t\t},\n\t\t\t\t\t{\n\t\t\t\t\t\t\"time\": 0.2,\n\t\t\t\t\t\t\"angle\": 0,\n\t\t\t\t\t\t\"curve\": [ 0.25, 0, 0.75, 1 ]\n\t\t\t\t\t},\n\t\t\t\t\t{\n\t\t\t\t\t\t\"time\": 0.7,\n\t\t\t\t\t\t\"angle\": 3.52,\n\t\t\t\t\t\t\"curve\": [ 0.245, 0, 0.637, 0.56 ]\n\t\t\t\t\t},\n\t\t\t\t\t{ \"time\": 1, \"angle\": 1.29 }\n\t\t\t\t]\n\t\t\t},\n\t\t\t\"bone6\": {\n\t\t\t\t\"rotate\": [\n\t\t\t\t\t{\n\t\t\t\t\t\t\"time\": 0,\n\t\t\t\t\t\t\"angle\": 2.23,\n\t\t\t\t\t\t\"curve\": [ 0.363, 0.44, 0.755, 1 ]\n\t\t\t\t\t},\n\t\t\t\t\t{\n\t\t\t\t\t\t\"time\": 0.3,\n\t\t\t\t\t\t\"angle\": 0,\n\t\t\t\t\t\t\"curve\": [ 0.25, 0, 0.75, 1 ]\n\t\t\t\t\t},\n\t\t\t\t\t{\n\t\t\t\t\t\t\"time\": 0.8,\n\t\t\t\t\t\t\"angle\": 3.52,\n\t\t\t\t\t\t\"curve\": [ 0.258, 0, 0.619, 0.45 ]\n\t\t\t\t\t},\n\t\t\t\t\t{ \"time\": 1, \"angle\": 2.23 }\n\t\t\t\t]\n\t\t\t},\n\t\t\t\"bone7\": {\n\t\t\t\t\"rotate\": [\n\t\t\t\t\t{\n\t\t\t\t\t\t\"time\": 0,\n\t\t\t\t\t\t\"angle\": 5.62,\n\t\t\t\t\t\t\"curve\": [ 0.32, 0.29, 0.757, 1 ]\n\t\t\t\t\t},\n\t\t\t\t\t{\n\t\t\t\t\t\t\"time\": 0.4,\n\t\t\t\t\t\t\"angle\": 0,\n\t\t\t\t\t\t\"curve\": [ 0.25, 0, 0.75, 1 ]\n\t\t\t\t\t},\n\t\t\t\t\t{\n\t\t\t\t\t\t\"time\": 0.9,\n\t\t\t\t\t\t\"angle\": 6.46,\n\t\t\t\t\t\t\"curve\": [ 0.284, 0, 0.625, 0.38 ]\n\t\t\t\t\t},\n\t\t\t\t\t{ \"time\": 1, \"angle\": 5.62 }\n\t\t\t\t]\n\t\t\t},\n\t\t\t\"bone8\": {\n\t\t\t\t\"rotate\": [\n\t\t\t\t\t{\n\t\t\t\t\t\t\"time\": 0,\n\t\t\t\t\t\t\"angle\": 0.16,\n\t\t\t\t\t\t\"curve\": [ 0.25, 0, 0.75, 1 ]\n\t\t\t\t\t},\n\t\t\t\t\t{\n\t\t\t\t\t\t\"time\": 0.5,\n\t\t\t\t\t\t\"angle\": -13.31,\n\t\t\t\t\t\t\"curve\": [ 0.25, 0, 0.75, 1 ]\n\t\t\t\t\t},\n\t\t\t\t\t{ \"time\": 1, \"angle\": 0.16 }\n\t\t\t\t]\n\t\t\t},\n\t\t\t\"bone9\": {\n\t\t\t\t\"rotate\": [\n\t\t\t\t\t{\n\t\t\t\t\t\t\"time\": 0,\n\t\t\t\t\t\t\"angle\": -1.59,\n\t\t\t\t\t\t\"curve\": [ 0.375, 0.62, 0.716, 1 ]\n\t\t\t\t\t},\n\t\t\t\t\t{\n\t\t\t\t\t\t\"time\": 0.1,\n\t\t\t\t\t\t\"angle\": 0.16,\n\t\t\t\t\t\t\"curve\": [ 0.25, 0, 0.75, 1 ]\n\t\t\t\t\t},\n\t\t\t\t\t{\n\t\t\t\t\t\t\"time\": 0.6,\n\t\t\t\t\t\t\"angle\": -13.31,\n\t\t\t\t\t\t\"curve\": [ 0.25, 0, 0.75, 1 ]\n\t\t\t\t\t},\n\t\t\t\t\t{ \"time\": 1, \"angle\": -1.59 }\n\t\t\t\t]\n\t\t\t},\n\t\t\t\"bone10\": {\n\t\t\t\t\"rotate\": [\n\t\t\t\t\t{\n\t\t\t\t\t\t\"time\": 0,\n\t\t\t\t\t\t\"angle\": -4.79,\n\t\t\t\t\t\t\"curve\": [ 0.381, 0.55, 0.742, 1 ]\n\t\t\t\t\t},\n\t\t\t\t\t{\n\t\t\t\t\t\t\"time\": 0.2,\n\t\t\t\t\t\t\"angle\": 0.16,\n\t\t\t\t\t\t\"curve\": [ 0.25, 0, 0.75, 1 ]\n\t\t\t\t\t},\n\t\t\t\t\t{\n\t\t\t\t\t\t\"time\": 0.7,\n\t\t\t\t\t\t\"angle\": -13.31,\n\t\t\t\t\t\t\"curve\": [ 0.25, 0, 0.75, 1 ]\n\t\t\t\t\t},\n\t\t\t\t\t{ \"time\": 1, \"angle\": -4.79 }\n\t\t\t\t]\n\t\t\t},\n\t\t\t\"bone11\": {\n\t\t\t\t\"rotate\": [\n\t\t\t\t\t{\n\t\t\t\t\t\t\"time\": 0,\n\t\t\t\t\t\t\"angle\": 0.47,\n\t\t\t\t\t\t\"curve\": [ 0.375, 0.62, 0.716, 1 ]\n\t\t\t\t\t},\n\t\t\t\t\t{\n\t\t\t\t\t\t\"time\": 0.1,\n\t\t\t\t\t\t\"angle\": 0,\n\t\t\t\t\t\t\"curve\": [ 0.25, 0, 0.75, 1 ]\n\t\t\t\t\t},\n\t\t\t\t\t{\n\t\t\t\t\t\t\"time\": 0.6,\n\t\t\t\t\t\t\"angle\": -356.35,\n\t\t\t\t\t\t\"curve\": [ 0.243, 0, 0.68, 0.71 ]\n\t\t\t\t\t},\n\t\t\t\t\t{ \"time\": 1, \"angle\": 0.47 }\n\t\t\t\t],\n\t\t\t\t\"scale\": [\n\t\t\t\t\t{\n\t\t\t\t\t\t\"time\": 0,\n\t\t\t\t\t\t\"x\": 1,\n\t\t\t\t\t\t\"y\": 1,\n\t\t\t\t\t\t\"curve\": [ 0.25, 0, 0.75, 1 ]\n\t\t\t\t\t},\n\t\t\t\t\t{\n\t\t\t\t\t\t\"time\": 0.5,\n\t\t\t\t\t\t\"x\": 0.81,\n\t\t\t\t\t\t\"y\": 1,\n\t\t\t\t\t\t\"curve\": [ 0.25, 0, 0.75, 1 ]\n\t\t\t\t\t},\n\t\t\t\t\t{ \"time\": 1, \"x\": 1, \"y\": 1 }\n\t\t\t\t]\n\t\t\t},\n\t\t\t\"bone12\": {\n\t\t\t\t\"rotate\": [\n\t\t\t\t\t{\n\t\t\t\t\t\t\"time\": 0,\n\t\t\t\t\t\t\"angle\": 1.34,\n\t\t\t\t\t\t\"curve\": [ 0.381, 0.55, 0.742, 1 ]\n\t\t\t\t\t},\n\t\t\t\t\t{\n\t\t\t\t\t\t\"time\": 0.2,\n\t\t\t\t\t\t\"angle\": 0,\n\t\t\t\t\t\t\"curve\": [ 0.25, 0, 0.75, 1 ]\n\t\t\t\t\t},\n\t\t\t\t\t{\n\t\t\t\t\t\t\"time\": 0.7,\n\t\t\t\t\t\t\"angle\": 3.65,\n\t\t\t\t\t\t\"curve\": [ 0.245, 0, 0.637, 0.56 ]\n\t\t\t\t\t},\n\t\t\t\t\t{ \"time\": 1, \"angle\": 1.34 }\n\t\t\t\t],\n\t\t\t\t\"scale\": [\n\t\t\t\t\t{\n\t\t\t\t\t\t\"time\": 0,\n\t\t\t\t\t\t\"x\": 1,\n\t\t\t\t\t\t\"y\": 1,\n\t\t\t\t\t\t\"curve\": [ 0.25, 0, 0.75, 1 ]\n\t\t\t\t\t},\n\t\t\t\t\t{\n\t\t\t\t\t\t\"time\": 0.5,\n\t\t\t\t\t\t\"x\": 0.81,\n\t\t\t\t\t\t\"y\": 1,\n\t\t\t\t\t\t\"curve\": [ 0.25, 0, 0.75, 1 ]\n\t\t\t\t\t},\n\t\t\t\t\t{ \"time\": 1, \"x\": 1, \"y\": 1 }\n\t\t\t\t]\n\t\t\t},\n\t\t\t\"bone13\": {\n\t\t\t\t\"rotate\": [\n\t\t\t\t\t{\n\t\t\t\t\t\t\"time\": 0,\n\t\t\t\t\t\t\"angle\": 2.31,\n\t\t\t\t\t\t\"curve\": [ 0.363, 0.44, 0.755, 1 ]\n\t\t\t\t\t},\n\t\t\t\t\t{\n\t\t\t\t\t\t\"time\": 0.3,\n\t\t\t\t\t\t\"angle\": 0,\n\t\t\t\t\t\t\"curve\": [ 0.25, 0, 0.75, 1 ]\n\t\t\t\t\t},\n\t\t\t\t\t{\n\t\t\t\t\t\t\"time\": 0.8,\n\t\t\t\t\t\t\"angle\": 3.65,\n\t\t\t\t\t\t\"curve\": [ 0.258, 0, 0.619, 0.45 ]\n\t\t\t\t\t},\n\t\t\t\t\t{ \"time\": 1, \"angle\": 2.31 }\n\t\t\t\t],\n\t\t\t\t\"scale\": [\n\t\t\t\t\t{\n\t\t\t\t\t\t\"time\": 0,\n\t\t\t\t\t\t\"x\": 1,\n\t\t\t\t\t\t\"y\": 1,\n\t\t\t\t\t\t\"curve\": [ 0.25, 0, 0.75, 1 ]\n\t\t\t\t\t},\n\t\t\t\t\t{\n\t\t\t\t\t\t\"time\": 0.5,\n\t\t\t\t\t\t\"x\": 0.81,\n\t\t\t\t\t\t\"y\": 1,\n\t\t\t\t\t\t\"curve\": [ 0.25, 0, 0.75, 1 ]\n\t\t\t\t\t},\n\t\t\t\t\t{ \"time\": 1, \"x\": 1, \"y\": 1 }\n\t\t\t\t]\n\t\t\t},\n\t\t\t\"bone14\": {\n\t\t\t\t\"rotate\": [\n\t\t\t\t\t{\n\t\t\t\t\t\t\"time\": 0,\n\t\t\t\t\t\t\"angle\": -0.44,\n\t\t\t\t\t\t\"curve\": [ 0.375, 0.62, 0.716, 1 ]\n\t\t\t\t\t},\n\t\t\t\t\t{\n\t\t\t\t\t\t\"time\": 0.1,\n\t\t\t\t\t\t\"angle\": 0,\n\t\t\t\t\t\t\"curve\": [ 0.25, 0, 0.75, 1 ]\n\t\t\t\t\t},\n\t\t\t\t\t{\n\t\t\t\t\t\t\"time\": 0.6,\n\t\t\t\t\t\t\"angle\": -3.37,\n\t\t\t\t\t\t\"curve\": [ 0.243, 0, 0.68, 0.71 ]\n\t\t\t\t\t},\n\t\t\t\t\t{ \"time\": 1, \"angle\": -0.44 }\n\t\t\t\t],\n\t\t\t\t\"scale\": [\n\t\t\t\t\t{\n\t\t\t\t\t\t\"time\": 0,\n\t\t\t\t\t\t\"x\": 1,\n\t\t\t\t\t\t\"y\": 1,\n\t\t\t\t\t\t\"curve\": [ 0.25, 0, 0.75, 1 ]\n\t\t\t\t\t},\n\t\t\t\t\t{\n\t\t\t\t\t\t\"time\": 0.5,\n\t\t\t\t\t\t\"x\": 0.822,\n\t\t\t\t\t\t\"y\": 1,\n\t\t\t\t\t\t\"curve\": [ 0.25, 0, 0.75, 1 ]\n\t\t\t\t\t},\n\t\t\t\t\t{ \"time\": 1, \"x\": 1, \"y\": 1 }\n\t\t\t\t]\n\t\t\t},\n\t\t\t\"bone15\": {\n\t\t\t\t\"rotate\": [\n\t\t\t\t\t{\n\t\t\t\t\t\t\"time\": 0,\n\t\t\t\t\t\t\"angle\": -1.24,\n\t\t\t\t\t\t\"curve\": [ 0.381, 0.55, 0.742, 1 ]\n\t\t\t\t\t},\n\t\t\t\t\t{\n\t\t\t\t\t\t\"time\": 0.2,\n\t\t\t\t\t\t\"angle\": 0,\n\t\t\t\t\t\t\"curve\": [ 0.25, 0, 0.75, 1 ]\n\t\t\t\t\t},\n\t\t\t\t\t{\n\t\t\t\t\t\t\"time\": 0.7,\n\t\t\t\t\t\t\"angle\": -3.37,\n\t\t\t\t\t\t\"curve\": [ 0.245, 0, 0.637, 0.56 ]\n\t\t\t\t\t},\n\t\t\t\t\t{ \"time\": 1, \"angle\": -1.24 }\n\t\t\t\t],\n\t\t\t\t\"scale\": [\n\t\t\t\t\t{\n\t\t\t\t\t\t\"time\": 0,\n\t\t\t\t\t\t\"x\": 1,\n\t\t\t\t\t\t\"y\": 1,\n\t\t\t\t\t\t\"curve\": [ 0.25, 0, 0.75, 1 ]\n\t\t\t\t\t},\n\t\t\t\t\t{\n\t\t\t\t\t\t\"time\": 0.5,\n\t\t\t\t\t\t\"x\": 0.822,\n\t\t\t\t\t\t\"y\": 1,\n\t\t\t\t\t\t\"curve\": [ 0.25, 0, 0.75, 1 ]\n\t\t\t\t\t},\n\t\t\t\t\t{ \"time\": 1, \"x\": 1, \"y\": 1 }\n\t\t\t\t]\n\t\t\t},\n\t\t\t\"bone16\": {\n\t\t\t\t\"rotate\": [\n\t\t\t\t\t{\n\t\t\t\t\t\t\"time\": 0,\n\t\t\t\t\t\t\"angle\": -2.13,\n\t\t\t\t\t\t\"curve\": [ 0.363, 0.44, 0.755, 1 ]\n\t\t\t\t\t},\n\t\t\t\t\t{\n\t\t\t\t\t\t\"time\": 0.3,\n\t\t\t\t\t\t\"angle\": 0,\n\t\t\t\t\t\t\"curve\": [ 0.25, 0, 0.75, 1 ]\n\t\t\t\t\t},\n\t\t\t\t\t{\n\t\t\t\t\t\t\"time\": 0.8,\n\t\t\t\t\t\t\"angle\": -3.37,\n\t\t\t\t\t\t\"curve\": [ 0.258, 0, 0.619, 0.45 ]\n\t\t\t\t\t},\n\t\t\t\t\t{ \"time\": 1, \"angle\": -2.13 }\n\t\t\t\t],\n\t\t\t\t\"scale\": [\n\t\t\t\t\t{\n\t\t\t\t\t\t\"time\": 0,\n\t\t\t\t\t\t\"x\": 1,\n\t\t\t\t\t\t\"y\": 1,\n\t\t\t\t\t\t\"curve\": [ 0.25, 0, 0.75, 1 ]\n\t\t\t\t\t},\n\t\t\t\t\t{\n\t\t\t\t\t\t\"time\": 0.5,\n\t\t\t\t\t\t\"x\": 0.822,\n\t\t\t\t\t\t\"y\": 1,\n\t\t\t\t\t\t\"curve\": [ 0.25, 0, 0.75, 1 ]\n\t\t\t\t\t},\n\t\t\t\t\t{ \"time\": 1, \"x\": 1, \"y\": 1 }\n\t\t\t\t]\n\t\t\t},\n\t\t\t\"bone18\": {\n\t\t\t\t\"rotate\": [\n\t\t\t\t\t{ \"time\": 0, \"angle\": 4.25 },\n\t\t\t\t\t{ \"time\": 0.5, \"angle\": -7.24 },\n\t\t\t\t\t{ \"time\": 1, \"angle\": 4.25 }\n\t\t\t\t]\n\t\t\t},\n\t\t\t\"bone19\": {\n\t\t\t\t\"rotate\": [\n\t\t\t\t\t{ \"time\": 0, \"angle\": 0 },\n\t\t\t\t\t{ \"time\": 0.5, \"angle\": 12.55 },\n\t\t\t\t\t{ \"time\": 1, \"angle\": 0 }\n\t\t\t\t],\n\t\t\t\t\"translate\": [\n\t\t\t\t\t{ \"time\": 0, \"x\": 0, \"y\": 0 },\n\t\t\t\t\t{ \"time\": 0.5, \"x\": -1.5, \"y\": 0 },\n\t\t\t\t\t{ \"time\": 1, \"x\": 0, \"y\": 0 }\n\t\t\t\t]\n\t\t\t},\n\t\t\t\"bone20\": {\n\t\t\t\t\"rotate\": [\n\t\t\t\t\t{ \"time\": 0, \"angle\": 0 },\n\t\t\t\t\t{ \"time\": 0.5, \"angle\": -14.62 },\n\t\t\t\t\t{ \"time\": 1, \"angle\": 0 }\n\t\t\t\t],\n\t\t\t\t\"translate\": [\n\t\t\t\t\t{ \"time\": 0, \"x\": 0, \"y\": 0 },\n\t\t\t\t\t{ \"time\": 0.5, \"x\": 2.71, \"y\": 0 },\n\t\t\t\t\t{ \"time\": 1, \"x\": 0, \"y\": 0 }\n\t\t\t\t]\n\t\t\t}\n\t\t}\n\t}\n}\n}","_skeletonJson":{"skeleton":{"hash":"3DBW7UDA6tLWiaHGgnXr6aIkRX8","spine":"3.7.94","width":134.75,"height":111.44},"bones":[{"name":"root"},{"name":"All","parent":"root","scaleX":0.273,"scaleY":0.273},{"name":"bone21","parent":"All","x":106.22,"y":-0.09},{"name":"bone","parent":"bone21","rotation":-90,"x":-53.75,"y":1.05},{"name":"bone2","parent":"bone","length":46.99,"rotation":-90.5,"x":0.32,"y":-53.43},{"name":"bone3","parent":"bone2","length":36.79,"rotation":-0.08,"x":51.37,"y":-0.55},{"name":"bone4","parent":"bone3","length":23.62,"rotation":-2.47,"x":34.61,"y":-0.34},{"name":"bone5","parent":"bone4","length":26.16,"rotation":-2.99,"x":23.27,"y":-0.72},{"name":"bone6","parent":"bone5","length":28.32,"rotation":0.53,"x":27.82,"y":-1.11},{"name":"bone7","parent":"bone6","length":28.64,"rotation":-3.11,"x":29.39,"y":-1.84},{"name":"bone8","parent":"bone7","length":27.4,"rotation":3.17,"x":30.16,"y":-0.5},{"name":"bone9","parent":"bone8","length":31.66,"rotation":-1.51,"x":26.1,"y":-0.77},{"name":"bone10","parent":"bone9","length":33.7,"rotation":13.73,"x":31.7,"y":-0.3},{"name":"bone11","parent":"bone","length":58.86,"rotation":170.47,"x":-83.95,"y":20.88},{"name":"bone12","parent":"bone11","length":42.37,"rotation":2.1,"x":57.65,"y":-0.13},{"name":"bone13","parent":"bone12","length":31.57,"rotation":7.2,"x":44.26,"y":0.57},{"name":"bone14","parent":"bone","length":57.11,"rotation":-0.61,"x":89.55,"y":21.69},{"name":"bone15","parent":"bone14","length":53.4,"rotation":-0.53,"x":56.97,"y":0.14},{"name":"bone16","parent":"bone15","length":43.33,"rotation":-6.27,"x":49.94,"y":0.82},{"name":"bone18","parent":"bone","x":0.18,"y":-33.22},{"name":"bone19","parent":"bone","x":-50.96,"y":91.66},{"name":"bone20","parent":"bone","x":54.45,"y":91.09}],"slots":[{"name":"bong","bone":"All","attachment":"15_x20_x60/bong"},{"name":"fish2","bone":"bone21","attachment":"15_x20_x60/fish2"},{"name":"fish2a2","bone":"bone18","attachment":"15_x20_x60/fish2a"}],"skins":{"default":{"bong":{"15_x20_x60/bong":{"type":"mesh","color":"ffffff84","uvs":[0.49712,0,0.36225,0,0.20834,0,0.09886,0.00098,0,0,0,0.08289,0,0.274,0.06236,0.33031,0.20675,0.37638,0.31941,0.44122,0.38129,0.51801,0.41779,0.64257,0.40827,0.71594,0.41461,0.80979,0.41461,0.919,0.44159,1,0.52251,1,0.50188,0.93777,0.51299,0.84563,0.54472,0.71424,0.56376,0.61527,0.60343,0.48217,0.65738,0.4361,0.81129,0.37126,0.96996,0.3269,1,0.28082,1,0.07094,0.90173,0.059,0.76686,0.03852,0.67959,0.0334,0.63199,0],"triangles":[12,11,19,19,11,20,15,17,16,15,14,17,17,14,18,14,13,18,18,13,19,13,12,19,11,10,20,10,9,21,20,10,21,21,9,22,8,7,2,3,2,5,5,2,7,7,6,5,5,4,3,9,1,0,9,8,1,1,8,2,24,23,25,23,28,27,25,23,27,27,26,25,22,9,0,22,0,29,23,29,28,23,22,29,29,0,30],"vertices":[5,16,-45.88,-41.35,0.47553,18,-146.77,-59.65,0.00116,13,-132.07,18.41,0.49566,14,-188.92,25.49,0.0275,5,-86.08,43.04,0.00015,3,16,-93.9,-41.64,0.13348,13,-84.67,26.14,0.66939,14,-141.27,31.48,0.19713,4,16,-148.7,-41.96,0.0057,13,-30.59,34.96,0.247,14,-86.9,38.31,0.60383,15,-125.38,53.89,0.14348,3,13,7.83,41.56,0.01815,14,-48.26,43.5,0.29398,15,-86.4,54.19,0.68786,2,14,-13.3,47.57,0.09296,15,-51.21,53.84,0.90704,2,14,-16.72,74.8,0.04507,15,-51.19,81.28,0.95493,4,13,28.02,136.44,0.00018,15,-51.14,144.55,0.99753,6,-23.25,-134.23,0.00229,8,-68.56,-134.02,0,5,17,-255.56,-154.13,0,13,3.1,151.26,0.02841,15,-73.33,163.21,0.9562,6,-5.71,-111.15,0.0149,8,-52.02,-110.21,0.00049,7,17,-203.93,-168.6,0,13,-50.09,158.04,0.37655,14,-101.88,162.03,0.00871,15,-124.73,178.51,0.44027,5,39.11,-59.66,0.01213,6,7.03,-59.06,0.15082,8,-41.52,-57.62,0.01151,7,17,-163.5,-189.45,0.00001,13,-93.14,172.77,0.3176,15,-164.82,200,0.07608,5,60.35,-19.43,0.0767,6,26.53,-17.95,0.46378,8,-23.8,-15.72,0.05952,9,-52.36,-16.76,0.00631,7,17,-141.08,-214.54,0.00001,13,-118.97,194.32,0.06762,15,-186.83,225.44,0.0103,5,85.65,2.74,0.00588,6,50.85,5.29,0.66405,8,-0.5,8.54,0.19288,9,-30.41,8.73,0.05926,7,17,-127.46,-255.57,0,13,-138.44,232.92,0.00027,15,-199.8,266.69,0.00003,6,91.4,20.27,0.07207,8,39.38,25.25,0.22936,10,-20.07,29.23,0.0449,9,8.5,27.58,0.65337,4,17,-130.47,-279.91,0,6,115.83,18.07,0.00033,10,4.43,28.05,0.62495,9,33.03,27.76,0.37472,2,10,35.17,33.11,0.56427,12,-14.71,39,0.43573,1,12,21.18,34.57,1,1,12,48.98,40.81,1,1,12,52.51,69.4,1,2,12,31.16,64.64,0.99992,9,100.86,71.4,0.00008,5,7,130.44,64.99,0.00017,8,103.24,65.14,0.02451,10,43.83,69.06,0.13636,12,1.37,72.31,0.69225,9,70.1,70.88,0.14672,4,5,150.3,61.29,0.00238,7,86.02,71.85,0.12752,8,58.88,72.42,0.5391,9,25.41,75.74,0.331,5,16,-20.94,-244.91,0.00023,17,-75.62,-245.74,0.00001,5,117.49,67.89,0.18697,7,52.74,75.3,0.70843,8,25.64,76.18,0.10437,4,16,-7.08,-200.76,0.13273,17,-62.17,-201.46,0.01782,5,73.35,81.78,0.79099,7,7.47,84.93,0.05846,5,16,12.04,-185.39,0.36484,17,-43.2,-185.92,0.08302,13,-211.63,151.72,0.00012,5,57.99,100.9,0.55026,7,-9.64,102.5,0.00176,4,16,66.7,-163.6,0.28824,17,11.26,-163.62,0.59731,18,-20.5,-167.71,0.02683,5,36.22,155.57,0.08763,4,16,123.11,-148.57,0.00112,17,67.53,-148.06,0.27788,18,33.73,-146.1,0.72019,5,21.21,211.99,0.00081,2,17,77.99,-132.65,0.13877,18,42.44,-129.63,0.86123,1,18,33.81,-60.68,1,2,16,98.29,-60.01,0.01682,18,-1.4,-61.11,0.98318,4,16,50.23,-53.52,0.47598,17,-6.23,-53.7,0.05874,18,-49.89,-60.35,0.45399,13,-228.91,15.52,0.01129,4,16,19.15,-52.01,0.78265,17,-37.32,-52.48,0.00603,18,-80.93,-62.54,0.11352,13,-197.97,18.85,0.0978,4,16,2.14,-41.06,0.76772,18,-99.12,-53.67,0.04068,13,-179.46,10.67,0.191,14,-236.56,19.5,0.00061],"hull":31}},"fish2":{"15_x20_x60/fish2":{"type":"mesh","uvs":[0.49881,0.02409,0.45994,0.01971,0.43027,0,0.37196,0,0.34127,0.0219,0.31877,0.06239,0.26015,0.05689,0.18956,0.0536,0.12102,0.05907,0.05862,0.08205,0.01975,0.10394,0,0.13567,0,0.23415,0.031,0.26917,0.08112,0.29325,0.13125,0.30309,0.16092,0.30966,0.22154,0.32583,0.29929,0.3499,0.35964,0.38273,0.39852,0.41556,0.43534,0.45714,0.42818,0.49613,0.44148,0.52348,0.44966,0.55522,0.43534,0.59242,0.4292,0.65042,0.43023,0.7117,0.42716,0.76532,0.42818,0.8255,0.43227,0.89006,0.43739,0.94915,0.45683,1,0.48649,1,0.48342,0.959,0.48138,0.89444,0.48547,0.83316,0.50172,0.76258,0.51604,0.70896,0.51911,0.65862,0.53752,0.60282,0.53957,0.55686,0.56245,0.49936,0.57678,0.44903,0.64067,0.38491,0.70307,0.35864,0.76854,0.33567,0.8267,0.31816,0.90649,0.30065,0.96071,0.27986,1,0.24922,1,0.18247,1,0.12557,0.97196,0.10459,0.92286,0.07286,0.85739,0.05754,0.78783,0.05425,0.73463,0.04878,0.66609,0.05316,0.64665,0.01705,0.62926,0,0.55049,0,0.52799,0.0258,0.65138,0.09491,0.66431,0.17416,0.65923,0.23152,0.64729,0.29041,0.62572,0.3479,0.41078,0.11149,0.45647,0.08659,0.50146,0.08349,0.54991,0.08854,0.58235,0.11189,0.36453,0.32932,0.33938,0.25685,0.33635,0.18964,0.34262,0.11781],"triangles":[25,24,40,41,24,23,40,24,41,32,31,34,32,34,33,35,30,36,31,30,35,31,35,34,30,29,36,36,29,28,37,36,28,39,27,26,37,27,38,28,27,37,38,27,39,26,25,39,39,25,40,23,22,21,42,23,21,42,41,23,43,20,67,43,67,44,21,20,43,42,21,43,53,52,51,54,51,48,50,49,51,49,48,51,51,54,53,48,55,54,47,55,48,47,56,55,57,64,63,72,63,64,65,72,64,66,72,65,56,64,57,47,64,56,72,66,73,65,64,47,47,46,65,46,66,65,45,66,46,67,66,45,44,67,45,67,20,66,9,12,11,10,9,11,13,12,9,15,14,9,13,9,14,15,8,7,15,9,8,7,16,15,19,18,73,19,73,20,72,73,68,76,6,5,68,74,75,6,75,7,76,75,6,75,16,7,17,16,75,74,17,75,76,68,75,73,74,68,18,17,74,73,18,74,73,66,20,71,62,61,63,59,58,60,71,61,59,71,60,72,59,63,59,72,71,57,63,58,69,2,1,68,3,2,68,2,69,4,3,68,5,4,68,69,1,0,76,5,68,70,0,62,69,0,70,70,62,71,68,69,70,70,72,68,72,70,71],"vertices":[3,2,51.42,-1.06,0.43254,20,53.07,13.51,0.2909,21,-52.35,14.08,0.27656,3,2,53.66,18.72,0.29235,20,33.29,15.75,0.61455,21,-72.12,16.32,0.0931,3,2,63.16,33.75,0.1073,20,18.26,25.25,0.86536,21,-87.15,25.82,0.02734,2,20,-11.43,25.48,0.99319,13,-5.32,-98.5,0.00681,3,20,-27.13,15.17,0.91086,13,8.46,-85.74,0.08903,15,-106.37,-71.54,0.00011,3,20,-38.74,-4.01,0.59209,13,16.73,-64.9,0.40127,15,-94.84,-52.31,0.00664,3,20,-68.56,-1.16,0.21328,13,46.61,-62.77,0.68396,15,-65.01,-55.05,0.10276,3,20,-104.49,0.68,0.05517,13,82.35,-58.63,0.4861,15,-29.07,-56.74,0.45873,3,20,-139.4,-1.66,0.0085,13,116.39,-50.55,0.1352,15,5.83,-54.27,0.85629,3,20,-171.26,-12.35,0.00011,13,146.04,-34.73,0.00458,15,37.64,-43.45,0.99532,1,15,57.48,-33.11,1,1,15,67.59,-18.04,1,1,15,67.76,28.84,1,2,13,145.85,55.44,0.01619,15,52.04,45.56,0.98381,2,13,118.84,62.72,0.11729,15,26.56,57.12,0.88271,4,3,-186.05,-26.18,0.00003,13,92.89,63.32,0.34864,15,1.06,61.9,0.65081,5,-76.72,-186.16,0.00052,4,3,-170.97,-29.42,0.00171,13,77.49,64.02,0.53955,15,-14.03,65.08,0.456,5,-73.64,-171.05,0.00274,4,3,-140.17,-37.36,0.02659,13,45.79,66.74,0.82041,15,-44.87,72.89,0.13245,5,-66.02,-140.16,0.02055,4,3,-100.67,-49.12,0.15594,13,4.9,71.8,0.73406,15,-84.41,84.5,0.00548,5,-54.66,-100.55,0.10452,4,3,-70.06,-64.98,0.29219,13,-27.92,82.37,0.43151,5,-39.11,-69.78,0.2763,6,-70.66,-72.56,0,4,3,-50.39,-80.76,0.27475,13,-49.93,94.67,0.22606,5,-23.53,-49.95,0.49427,6,-55.95,-52.08,0.00492,4,3,-31.8,-100.7,0.09304,13,-71.57,111.25,0.05765,5,-3.79,-31.15,0.7572,6,-37.04,-32.44,0.09211,5,3,-35.58,-119.22,0.01018,13,-70.9,130.15,0.01146,5,14.78,-34.75,0.65791,8,-67.89,-34.9,0.00235,6,-18.33,-35.24,0.31809,5,3,-28.91,-132.3,0.0002,13,-79.65,141.94,0.00225,5,27.79,-27.95,0.40246,8,-55.52,-27.01,0.0234,6,-5.63,-27.88,0.57169,5,5,42.88,-23.75,0.02102,7,-12.82,-23.01,0.0273,8,-40.84,-21.53,0.12978,9,-69.06,-23.48,0.0008,6,9.27,-23.03,0.82109,4,7,5.52,-28.54,0.1043,8,-22.56,-27.23,0.49004,9,-50.49,-28.18,0.02552,6,27.29,-29.51,0.38015,4,8,5.22,-27.9,0.73933,9,-22.72,-27.34,0.22256,10,-54.29,-23.88,0.00422,6,55.01,-31.37,0.03388,4,8,34.22,-24.81,0.04164,9,6.08,-22.68,0.80368,10,-25.28,-20.81,0.15256,11,-50.84,-21.39,0.00212,3,9,31.56,-20.6,0.14876,10,0.28,-20.14,0.72672,11,-25.3,-20.05,0.12452,1,11,3.1,-16.28,1,2,11,33.4,-10.72,0.47461,12,-0.83,-10.53,0.52539,1,12,27.4,-11.48,1,1,12,52.65,-4.71,1,1,12,54.55,10.28,1,1,12,34.99,11.18,1,2,11,32.63,14.35,0.37601,12,4.37,14.01,0.62399,3,9,59.3,13.38,0.02398,10,29.86,12.25,0.76115,11,3.41,13.11,0.21487,2,8,55.14,13.58,0.17023,9,24.87,16.79,0.82977,2,7,56.71,17.75,0.11386,8,29.07,18.59,0.88614,2,7,32.72,16.97,0.87957,8,5.07,18.03,0.12043,3,5,65.42,21.04,0.10508,7,5.37,23.71,0.71985,6,29.86,22.68,0.17507,4,16,-66.84,-170.98,0.00015,5,43.55,22.03,0.69635,7,-16.51,22.62,0.10622,6,7.96,22.73,0.19728,3,3,32.77,-121.29,0.01674,16,-55.26,-143.58,0.02059,5,16.15,33.61,0.96267,3,3,40.24,-97.39,0.14605,16,-48.04,-119.6,0.10893,5,-7.83,40.85,0.74502,4,3,73.01,-67.12,0.27557,16,-15.6,-88.98,0.43409,17,-71.74,-89.79,0.0044,5,-38.43,73.3,0.28594,4,3,104.87,-54.87,0.15351,16,16.13,-76.39,0.67474,17,-40.13,-76.9,0.06106,5,-51.01,105.04,0.11068,5,3,138.29,-44.19,0.04425,16,49.44,-65.35,0.60566,17,-6.93,-65.56,0.3176,18,-49.28,-72.19,0.00055,5,-62.03,138.35,0.03193,5,3,167.96,-36.08,0.00628,16,79.02,-56.93,0.24759,17,22.58,-56.87,0.68368,18,-20.9,-60.32,0.05652,5,-70.43,167.94,0.00593,4,16,119.62,-48.48,0.00699,17,63.1,-48.04,0.41525,18,18.41,-47.12,0.57777,5,-78.87,208.54,0,2,17,90.58,-37.8,0.06073,18,44.61,-33.95,0.93927,1,18,62.7,-17.05,1,1,18,58.84,14.49,1,1,18,55.56,41.37,1,4,21,188.25,-26.09,0.00005,16,152.68,44.94,0.0003,17,95.29,45.68,0.00025,18,40.18,49.55,0.9994,4,21,163.37,-10.79,0.00357,16,127.64,59.97,0.02174,17,70.11,60.48,0.05673,18,13.53,61.51,0.91796,4,21,130.09,-3.24,0.02659,16,94.28,67.16,0.15045,17,36.69,67.37,0.25045,18,-20.44,64.71,0.57251,4,21,94.69,-1.41,0.11235,16,58.86,68.62,0.45556,17,1.25,68.5,0.24019,18,-55.79,61.96,0.1919,4,21,67.63,1.41,0.25775,16,31.77,71.15,0.5862,17,-25.86,70.77,0.09819,18,-82.99,61.26,0.05786,5,2,36.93,-86.12,0.00006,21,32.71,-0.41,0.67707,16,-3.12,68.96,0.31071,17,-60.73,68.26,0.00767,18,-117.37,54.96,0.00449,4,21,22.95,16.86,0.94121,16,-13.07,86.12,0.05813,17,-70.83,85.32,0.0004,18,-129.28,70.82,0.00026,3,20,119.57,24.47,0.00011,21,14.16,25.04,0.98689,16,-21.94,94.21,0.013,3,2,62.68,-27.46,0.1668,20,79.47,24.77,0.04638,21,-25.94,25.35,0.78682,3,2,50.49,-15.9,0.34052,20,67.91,12.58,0.12276,21,-37.5,13.16,0.53672,6,2,17.12,-78.47,0.02324,21,25.07,-20.22,0.56652,3,79.52,70.87,0.00256,16,-10.55,49.07,0.40338,17,-67.98,48.3,0.00251,18,-122.4,34.33,0.0018,4,2,-20.66,-84.77,0.02211,21,31.36,-57.99,0.09436,3,85.82,33.09,0.01013,16,-3.86,11.36,0.8734,5,2,-47.94,-81.97,0.01076,21,28.57,-85.28,0.00274,3,83.02,5.81,0.10178,16,-6.36,-15.95,0.85868,5,-111.46,82.57,0.02604,5,2,-75.92,-75.67,0.00419,3,76.72,-22.17,0.23476,16,-12.36,-43.99,0.65051,17,-68.92,-44.77,0.0053,5,-83.41,76.56,0.10525,5,2,-103.2,-64.48,0.00008,3,65.53,-49.45,0.30171,16,-23.26,-71.39,0.4516,17,-79.57,-72.27,0.003,5,-56.02,65.65,0.24361,5,2,10.17,44.08,0.27406,20,7.93,-27.74,0.52235,21,-97.49,-27.17,0.00065,3,-43.03,63.92,0.03389,13,-33.23,-49.22,0.16905,5,2,21.84,20.73,0.51352,20,31.28,-16.07,0.41663,21,-74.13,-15.49,0.04625,3,-19.68,75.59,0.00342,13,-54.32,-64.61,0.02019,4,2,23.14,-2.19,0.64883,20,54.2,-14.77,0.1643,21,-51.22,-14.2,0.18611,16,-86.9,54.28,0.00076,5,2,20.54,-26.83,0.4655,20,78.84,-17.37,0.03197,21,-26.57,-16.79,0.46505,3,27.89,74.29,0.00665,16,-62.22,51.95,0.03083,5,2,9.3,-43.27,0.30852,20,95.28,-28.61,0.00181,21,-10.14,-28.04,0.49155,3,44.32,63.05,0.03885,16,-45.67,40.88,0.15927,3,3,-67.38,-39.58,0.29288,13,-26.36,56.88,0.52312,5,-64.53,-67.36,0.184,4,2,-58.74,80.97,0.00389,3,-79.92,-4.99,0.14179,13,-8.26,24.84,0.80657,5,-99,-80.25,0.04776,4,2,-26.74,82.27,0.01256,20,-30.26,-64.65,0.04041,3,-81.22,27.01,0.00254,13,-1.68,-6.51,0.94449,5,2,7.42,78.81,0.03315,20,-26.8,-30.48,0.43412,3,-77.76,61.18,0.00423,13,0.57,-40.77,0.52838,15,-106.89,-25.89,0.00011],"hull":63}},"fish2a2":{"15_x20_x60/fish2a":{"x":0.27,"y":-23.18,"width":15,"height":75}}}},"animations":{"animation":{"bones":{"bone4":{"rotate":[{"time":0,"angle":0.81,"curve":[0.375,0.62,0.716,1]},{"time":0.1,"angle":0,"curve":[0.25,0,0.75,1]},{"time":0.6,"angle":6.22,"curve":[0.243,0,0.68,0.71]},{"time":1,"angle":0.81}]},"bone5":{"rotate":[{"time":0,"angle":1.29,"curve":[0.381,0.55,0.742,1]},{"time":0.2,"angle":0,"curve":[0.25,0,0.75,1]},{"time":0.7,"angle":3.52,"curve":[0.245,0,0.637,0.56]},{"time":1,"angle":1.29}]},"bone6":{"rotate":[{"time":0,"angle":2.23,"curve":[0.363,0.44,0.755,1]},{"time":0.3,"angle":0,"curve":[0.25,0,0.75,1]},{"time":0.8,"angle":3.52,"curve":[0.258,0,0.619,0.45]},{"time":1,"angle":2.23}]},"bone7":{"rotate":[{"time":0,"angle":5.62,"curve":[0.32,0.29,0.757,1]},{"time":0.4,"angle":0,"curve":[0.25,0,0.75,1]},{"time":0.9,"angle":6.46,"curve":[0.284,0,0.625,0.38]},{"time":1,"angle":5.62}]},"bone8":{"rotate":[{"time":0,"angle":0.16,"curve":[0.25,0,0.75,1]},{"time":0.5,"angle":-13.31,"curve":[0.25,0,0.75,1]},{"time":1,"angle":0.16}]},"bone9":{"rotate":[{"time":0,"angle":-1.59,"curve":[0.375,0.62,0.716,1]},{"time":0.1,"angle":0.16,"curve":[0.25,0,0.75,1]},{"time":0.6,"angle":-13.31,"curve":[0.25,0,0.75,1]},{"time":1,"angle":-1.59}]},"bone10":{"rotate":[{"time":0,"angle":-4.79,"curve":[0.381,0.55,0.742,1]},{"time":0.2,"angle":0.16,"curve":[0.25,0,0.75,1]},{"time":0.7,"angle":-13.31,"curve":[0.25,0,0.75,1]},{"time":1,"angle":-4.79}]},"bone11":{"rotate":[{"time":0,"angle":0.47,"curve":[0.375,0.62,0.716,1]},{"time":0.1,"angle":0,"curve":[0.25,0,0.75,1]},{"time":0.6,"angle":-356.35,"curve":[0.243,0,0.68,0.71]},{"time":1,"angle":0.47}],"scale":[{"time":0,"x":1,"y":1,"curve":[0.25,0,0.75,1]},{"time":0.5,"x":0.81,"y":1,"curve":[0.25,0,0.75,1]},{"time":1,"x":1,"y":1}]},"bone12":{"rotate":[{"time":0,"angle":1.34,"curve":[0.381,0.55,0.742,1]},{"time":0.2,"angle":0,"curve":[0.25,0,0.75,1]},{"time":0.7,"angle":3.65,"curve":[0.245,0,0.637,0.56]},{"time":1,"angle":1.34}],"scale":[{"time":0,"x":1,"y":1,"curve":[0.25,0,0.75,1]},{"time":0.5,"x":0.81,"y":1,"curve":[0.25,0,0.75,1]},{"time":1,"x":1,"y":1}]},"bone13":{"rotate":[{"time":0,"angle":2.31,"curve":[0.363,0.44,0.755,1]},{"time":0.3,"angle":0,"curve":[0.25,0,0.75,1]},{"time":0.8,"angle":3.65,"curve":[0.258,0,0.619,0.45]},{"time":1,"angle":2.31}],"scale":[{"time":0,"x":1,"y":1,"curve":[0.25,0,0.75,1]},{"time":0.5,"x":0.81,"y":1,"curve":[0.25,0,0.75,1]},{"time":1,"x":1,"y":1}]},"bone14":{"rotate":[{"time":0,"angle":-0.44,"curve":[0.375,0.62,0.716,1]},{"time":0.1,"angle":0,"curve":[0.25,0,0.75,1]},{"time":0.6,"angle":-3.37,"curve":[0.243,0,0.68,0.71]},{"time":1,"angle":-0.44}],"scale":[{"time":0,"x":1,"y":1,"curve":[0.25,0,0.75,1]},{"time":0.5,"x":0.822,"y":1,"curve":[0.25,0,0.75,1]},{"time":1,"x":1,"y":1}]},"bone15":{"rotate":[{"time":0,"angle":-1.24,"curve":[0.381,0.55,0.742,1]},{"time":0.2,"angle":0,"curve":[0.25,0,0.75,1]},{"time":0.7,"angle":-3.37,"curve":[0.245,0,0.637,0.56]},{"time":1,"angle":-1.24}],"scale":[{"time":0,"x":1,"y":1,"curve":[0.25,0,0.75,1]},{"time":0.5,"x":0.822,"y":1,"curve":[0.25,0,0.75,1]},{"time":1,"x":1,"y":1}]},"bone16":{"rotate":[{"time":0,"angle":-2.13,"curve":[0.363,0.44,0.755,1]},{"time":0.3,"angle":0,"curve":[0.25,0,0.75,1]},{"time":0.8,"angle":-3.37,"curve":[0.258,0,0.619,0.45]},{"time":1,"angle":-2.13}],"scale":[{"time":0,"x":1,"y":1,"curve":[0.25,0,0.75,1]},{"time":0.5,"x":0.822,"y":1,"curve":[0.25,0,0.75,1]},{"time":1,"x":1,"y":1}]},"bone18":{"rotate":[{"time":0,"angle":4.25},{"time":0.5,"angle":-7.24},{"time":1,"angle":4.25}]},"bone19":{"rotate":[{"time":0,"angle":0},{"time":0.5,"angle":12.55},{"time":1,"angle":0}],"translate":[{"time":0,"x":0,"y":0},{"time":0.5,"x":-1.5,"y":0},{"time":1,"x":0,"y":0}]},"bone20":{"rotate":[{"time":0,"angle":0},{"time":0.5,"angle":-14.62},{"time":1,"angle":0}],"translate":[{"time":0,"x":0,"y":0},{"time":0.5,"x":2.71,"y":0},{"time":1,"x":0,"y":0}]}}}}},"_atlasText":"\n1999_Fish.png\nsize: 1825,1286\nformat: RGBA8888\nfilter: Linear,Linear\nrepeat: none\n15_x20_x60/bong\n  rotate: false\n  xy: 743, 276\n  size: 170, 158\n  orig: 171, 159\n  offset: 0, 1\n  index: -1\n15_x20_x60/fish2\n  rotate: false\n  xy: 748, 121\n  size: 164, 153\n  orig: 164, 154\n  offset: 0, 1\n  index: -1\n15_x20_x60/fish2a\n  rotate: false\n  xy: 1596, 328\n  size: 9, 47\n  orig: 9, 47\n  offset: 0, 0\n  index: -1\n\n","textures":[{"__uuid__":"02vAt9yrJC47ypLRdNAdpF"}],"textureNames":["1999_Fish.png"]}