[{"__type__":"cc.Prefab","_name":"50","data":{"__id__":1}},{"__type__":"cc.Node","_name":"50","_children":[{"__id__":2},{"__id__":3},{"__id__":5},{"__id__":8}],"_level":1,"_components":[{"__type__":"cc.BoxCollider","node":{"__id__":1},"_offset":{"__type__":"cc.Vec2","x":14,"y":6},"_size":{"__type__":"cc.Size","width":364,"height":216}},{"__type__":"7e411raLGlP3KafAp1rK5dK","node":{"__id__":1},"_HIT_COLOR":null,"fishAnim":{"__id__":4},"txtMultiplier":{"__id__":9},"effectFalling":{"__id__":2},"boardNode":{"__id__":7}}],"_prefab":{"__type__":"cc.PrefabInfo","root":{"__id__":1},"asset":{"__uuid__":"3bXzasmgFMTqfQvCs26YUM"},"fileId":"098Q3fJl1OaJCktYNzHsX6"},"_position":{"__type__":"cc.Vec3","x":-140},"groupIndex":4},{"__type__":"cc.Node","_name":"EffectFalling","_parent":{"__id__":1},"_level":2,"_components":[{"__type__":"sp.Skeleton","node":{"__id__":2},"_materials":[{"__uuid__":"7a/QZLET9IDreTiBfRn2PD"}],"defaultAnimation":"animation","_preCacheMode":0,"premultipliedAlpha":false,"_animationName":"animation","_N$skeletonData":{"__uuid__":"f8X/Ww/lpLMrLCIU3e5d9Q"}}],"_prefab":{"__type__":"cc.PrefabInfo","root":{"__id__":1},"asset":{"__uuid__":"3bXzasmgFMTqfQvCs26YUM"},"fileId":"1dFGpAEwBImJwmW9tmNM5F"},"_contentSize":{"__type__":"cc.Size","width":185.59,"height":29.52},"_position":{"__type__":"cc.Vec3","x":12.198,"y":-115.752}},{"__type__":"cc.Node","_name":"MainFish","_parent":{"__id__":1},"_level":2,"_components":[{"__id__":4}],"_prefab":{"__type__":"cc.PrefabInfo","root":{"__id__":1},"asset":{"__uuid__":"3bXzasmgFMTqfQvCs26YUM"},"fileId":"79cz/h8k9AdKN7SVOIPLQk"},"_contentSize":{"__type__":"cc.Size","width":524,"height":477.57}},{"__type__":"sp.Skeleton","node":{"__id__":3},"_materials":[{"__uuid__":"f1GbQzkdRP3pf8mdZyPlY9"}],"defaultAnimation":"lv1","_preCacheMode":0,"premultipliedAlpha":false,"_animationName":"lv1","_N$skeletonData":{"__uuid__":"20foflEeNNX6PADeCoT8Wb"},"_N$useTint":true},{"__type__":"cc.Node","_name":"Board","_parent":{"__id__":1},"_children":[{"__id__":6}],"_level":2,"_components":[{"__id__":7}],"_prefab":{"__type__":"cc.PrefabInfo","root":{"__id__":1},"asset":{"__uuid__":"3bXzasmgFMTqfQvCs26YUM"},"fileId":"97lyPut/1DC4oZe10QVUoM"},"_position":{"__type__":"cc.Vec3","y":-112.037}},{"__type__":"cc.PrivateNode","_name":"DEBUG_DRAW_NODE","_objFlags":1024,"_parent":{"__id__":5},"_level":3,"_components":[{"__type__":"cc.Graphics","node":{"__id__":6},"_materials":[{"__uuid__":"6fgBCSDDdPMInvyNlggls2"}],"_lineWidth":5,"_strokeColor":{"__type__":"cc.Color","r":255},"_fillColor":{"__type__":"cc.Color","g":255}}],"_prefab":{"__type__":"cc.PrefabInfo","root":{"__id__":1},"asset":{"__uuid__":"3bXzasmgFMTqfQvCs26YUM"},"fileId":"c6LwanHglA16A6qVf7zukM"}},{"__type__":"sp.Skeleton","node":{"__id__":5},"_materials":[{"__uuid__":"4bWNXBMS9MrI80HvJZZB8e"}],"defaultAnimation":"lv1","_preCacheMode":0,"premultipliedAlpha":false,"_animationName":"lv1","_N$skeletonData":{"__uuid__":"28pvXRAZ1IYqBzfLCMK6Sz"},"_N$useTint":true},{"__type__":"cc.Node","_name":"Txt","_parent":{"__id__":1},"_level":2,"_components":[{"__id__":9}],"_prefab":{"__type__":"cc.PrefabInfo","root":{"__id__":1},"asset":{"__uuid__":"3bXzasmgFMTqfQvCs26YUM"},"fileId":"5aoLD0x7tAs5Lbsmh27DTF"},"_contentSize":{"__type__":"cc.Size","width":123,"height":93.75},"_position":{"__type__":"cc.Vec3","x":-0.386,"y":-121.417}},{"__type__":"cc.Label","node":{"__id__":8},"_materials":[{"__uuid__":"ecpdLyjvZBwrvm+cedCcQy"}],"_string":"X","_N$string":"X","_fontSize":60,"_lineHeight":50,"_enableWrapText":false,"_N$file":{"__uuid__":"18lVQbfY5FQqKMFrrEJs5u"},"_isSystemFontUsed":false,"_N$horizontalAlign":1,"_N$verticalAlign":1,"_N$overflow":2}]