{"__type__":"cc.AnimationClip","_name":"DTFXCoin","_duration":0.5,"sample":20,"wrapMode":2,"curveData":{"comps":{"cc.Sprite":{"spriteFrame":[{"frame":0,"value":{"__uuid__":"1c9wG0l8hMsaC/nGO6JUbb"}},{"frame":0.05,"value":{"__uuid__":"17HjVm1WNI05X/sd4WZRn5"}},{"frame":0.1,"value":{"__uuid__":"abgwfNcZFOJrkw3ok4O0Hz"}},{"frame":0.15,"value":{"__uuid__":"e4B59Ecj5MsbYk140VqLUD"}},{"frame":0.2,"value":{"__uuid__":"5650xLVFxNHaL/Y/dFXGxB"}},{"frame":0.25,"value":{"__uuid__":"8c/T+R3T5NN4/LYb7ZVjTy"}},{"frame":0.3,"value":{"__uuid__":"13SBGgdMFKGa5yDn5EcvVO"}},{"frame":0.35,"value":{"__uuid__":"83gTI68h9PqaWRd1zHqxf/"}},{"frame":0.4,"value":{"__uuid__":"6ddgP9j8xE7JmgZPchVo/s"}},{"frame":0.45,"value":{"__uuid__":"03p4OeWtVIkLW4bNyWZmhJ"}}]}}}}