[{"__type__":"cc.Prefab","_name":"3DParticle","data":{"__id__":1}},{"__type__":"cc.Node","_name":"3DParticle","_level":1,"_components":[{"__type__":"ca17eG8SwFJqKJ2GktWNUp2","node":{"__id__":1},"particlePerSpawn":80,"spawnInterval":2,"speed":{"__type__":"configParticle","start":300,"end":500},"gravity":-250,"angle":{"__type__":"configParticle","end":360},"size":{"__type__":"configParticle","start":0.25,"end":0.4},"coinAnimSpeed":1.25}],"_prefab":{"__type__":"cc.PrefabInfo","root":{"__id__":1},"asset":{"__uuid__":"0cyUbFLypADoyCwE2Zod0H"},"fileId":"9byfixtypPMawnd160pDaN"},"_position":{"__type__":"cc.Vec3","x":942,"y":791}}]