{"__type__":"cc.BitmapFont","_name":"ArialB_YO-export","spriteFrame":{"__uuid__":"a3k4DkQ0xMK6ZBM5Ndgjoq"},"fontSize":32,"_fntConfig":{"commonHeight":45,"fontSize":32,"atlasName":"ArialB_YO-export.png","fontDefDictionary":{"9":{"rect":{"x":0,"y":0,"width":0,"height":0},"xOffset":0,"yOffset":0,"xAdvance":450},"32":{"rect":{"x":0,"y":0,"width":0,"height":0},"xOffset":0,"yOffset":0,"xAdvance":15},"33":{"rect":{"x":359,"y":379,"width":14,"height":42},"xOffset":0,"yOffset":3,"xAdvance":14},"34":{"rect":{"x":272,"y":336,"width":25,"height":22},"xOffset":0,"yOffset":3,"xAdvance":25},"35":{"rect":{"x":238,"y":88,"width":32,"height":42},"xOffset":0,"yOffset":3,"xAdvance":32},"36":{"rect":{"x":303,"y":949,"width":30,"height":48},"xOffset":0,"yOffset":1,"xAdvance":30},"37":{"rect":{"x":0,"y":99,"width":45,"height":43},"xOffset":0,"yOffset":3,"xAdvance":45},"38":{"rect":{"x":130,"y":97,"width":37,"height":42},"xOffset":0,"yOffset":3,"xAdvance":37},"39":{"rect":{"x":204,"y":205,"width":14,"height":22},"xOffset":0,"yOffset":3,"xAdvance":14},"40":{"rect":{"x":335,"y":880,"width":19,"height":51},"xOffset":0,"yOffset":3,"xAdvance":19},"41":{"rect":{"x":336,"y":0,"width":19,"height":51},"xOffset":0,"yOffset":3,"xAdvance":19},"42":{"rect":{"x":271,"y":996,"width":24,"height":25},"xOffset":0,"yOffset":3,"xAdvance":24},"43":{"rect":{"x":238,"y":590,"width":31,"height":31},"xOffset":0,"yOffset":9,"xAdvance":31},"44":{"rect":{"x":297,"y":999,"width":15,"height":23},"xOffset":0,"yOffset":29,"xAdvance":15},"45":{"rect":{"x":45,"y":562,"width":20,"height":15},"xOffset":0,"yOffset":21,"xAdvance":20},"46":{"rect":{"x":88,"y":1005,"width":14,"height":16},"xOffset":0,"yOffset":29,"xAdvance":14},"47":{"rect":{"x":335,"y":467,"width":21,"height":42},"xOffset":0,"yOffset":3,"xAdvance":21},"48":{"rect":{"x":203,"y":893,"width":32,"height":42},"xOffset":0,"yOffset":3,"xAdvance":32},"49":{"rect":{"x":203,"y":760,"width":32,"height":42},"xOffset":0,"yOffset":3,"xAdvance":32},"50":{"rect":{"x":204,"y":424,"width":32,"height":42},"xOffset":0,"yOffset":3,"xAdvance":32},"51":{"rect":{"x":204,"y":521,"width":32,"height":42},"xOffset":0,"yOffset":3,"xAdvance":32},"52":{"rect":{"x":204,"y":327,"width":32,"height":42},"xOffset":0,"yOffset":3,"xAdvance":32},"53":{"rect":{"x":238,"y":220,"width":32,"height":42},"xOffset":0,"yOffset":3,"xAdvance":32},"54":{"rect":{"x":204,"y":610,"width":32,"height":42},"xOffset":0,"yOffset":3,"xAdvance":32},"55":{"rect":{"x":205,"y":44,"width":32,"height":42},"xOffset":0,"yOffset":3,"xAdvance":32},"56":{"rect":{"x":237,"y":716,"width":32,"height":42},"xOffset":0,"yOffset":3,"xAdvance":32},"57":{"rect":{"x":237,"y":868,"width":32,"height":42},"xOffset":0,"yOffset":3,"xAdvance":32},"58":{"rect":{"x":335,"y":986,"width":14,"height":33},"xOffset":0,"yOffset":12,"xAdvance":14},"59":{"rect":{"x":356,"y":979,"width":15,"height":40},"xOffset":0,"yOffset":12,"xAdvance":15},"60":{"rect":{"x":303,"y":381,"width":30,"height":34},"xOffset":0,"yOffset":7,"xAdvance":30},"61":{"rect":{"x":129,"y":489,"width":31,"height":24},"xOffset":0,"yOffset":12,"xAdvance":31},"62":{"rect":{"x":303,"y":462,"width":30,"height":34},"xOffset":0,"yOffset":7,"xAdvance":30},"63":{"rect":{"x":239,"y":44,"width":31,"height":42},"xOffset":0,"yOffset":3,"xAdvance":31},"64":{"rect":{"x":0,"y":0,"width":51,"height":53},"xOffset":0,"yOffset":3,"xAdvance":51},"65":{"rect":{"x":44,"y":792,"width":40,"height":42},"xOffset":0,"yOffset":3,"xAdvance":40},"66":{"rect":{"x":135,"y":0,"width":35,"height":42},"xOffset":0,"yOffset":3,"xAdvance":35},"67":{"rect":{"x":130,"y":185,"width":36,"height":42},"xOffset":0,"yOffset":3,"xAdvance":36},"68":{"rect":{"x":133,"y":53,"width":35,"height":42},"xOffset":0,"yOffset":3,"xAdvance":35},"69":{"rect":{"x":203,"y":716,"width":32,"height":42},"xOffset":0,"yOffset":3,"xAdvance":32},"70":{"rect":{"x":303,"y":779,"width":30,"height":42},"xOffset":0,"yOffset":3,"xAdvance":30},"71":{"rect":{"x":128,"y":802,"width":38,"height":42},"xOffset":0,"yOffset":3,"xAdvance":38},"72":{"rect":{"x":168,"y":326,"width":34,"height":42},"xOffset":0,"yOffset":3,"xAdvance":34},"73":{"rect":{"x":358,"y":423,"width":14,"height":42},"xOffset":0,"yOffset":3,"xAdvance":14},"74":{"rect":{"x":304,"y":258,"width":29,"height":42},"xOffset":0,"yOffset":3,"xAdvance":29},"75":{"rect":{"x":129,"y":338,"width":37,"height":42},"xOffset":0,"yOffset":3,"xAdvance":37},"76":{"rect":{"x":238,"y":449,"width":31,"height":42},"xOffset":0,"yOffset":3,"xAdvance":31},"77":{"rect":{"x":89,"y":197,"width":39,"height":42},"xOffset":0,"yOffset":3,"xAdvance":39},"78":{"rect":{"x":168,"y":414,"width":34,"height":42},"xOffset":0,"yOffset":3,"xAdvance":34},"79":{"rect":{"x":87,"y":660,"width":39,"height":42},"xOffset":0,"yOffset":3,"xAdvance":39},"80":{"rect":{"x":203,"y":229,"width":33,"height":42},"xOffset":0,"yOffset":3,"xAdvance":33},"81":{"rect":{"x":86,"y":905,"width":40,"height":45},"xOffset":0,"yOffset":3,"xAdvance":40},"82":{"rect":{"x":129,"y":294,"width":37,"height":42},"xOffset":0,"yOffset":3,"xAdvance":37},"83":{"rect":{"x":168,"y":185,"width":34,"height":42},"xOffset":0,"yOffset":3,"xAdvance":34},"84":{"rect":{"x":172,"y":0,"width":33,"height":42},"xOffset":0,"yOffset":3,"xAdvance":33},"85":{"rect":{"x":168,"y":565,"width":34,"height":42},"xOffset":0,"yOffset":3,"xAdvance":34},"86":{"rect":{"x":128,"y":891,"width":38,"height":42},"xOffset":0,"yOffset":3,"xAdvance":38},"87":{"rect":{"x":0,"y":55,"width":50,"height":42},"xOffset":0,"yOffset":3,"xAdvance":50},"88":{"rect":{"x":128,"y":572,"width":38,"height":42},"xOffset":0,"yOffset":3,"xAdvance":38},"89":{"rect":{"x":128,"y":758,"width":38,"height":42},"xOffset":0,"yOffset":3,"xAdvance":38},"90":{"rect":{"x":167,"y":229,"width":34,"height":42},"xOffset":0,"yOffset":3,"xAdvance":34},"91":{"rect":{"x":335,"y":933,"width":19,"height":51},"xOffset":0,"yOffset":3,"xAdvance":19},"92":{"rect":{"x":335,"y":423,"width":21,"height":42},"xOffset":0,"yOffset":3,"xAdvance":21},"93":{"rect":{"x":335,"y":511,"width":19,"height":51},"xOffset":0,"yOffset":3,"xAdvance":19},"94":{"rect":{"x":304,"y":229,"width":29,"height":27},"xOffset":0,"yOffset":2,"xAdvance":29},"95":{"rect":{"x":0,"y":1005,"width":34,"height":15},"xOffset":0,"yOffset":39,"xAdvance":34},"96":{"rect":{"x":69,"y":1005,"width":17,"height":17},"xOffset":0,"yOffset":3,"xAdvance":17},"97":{"rect":{"x":303,"y":690,"width":30,"height":34},"xOffset":0,"yOffset":11,"xAdvance":30},"98":{"rect":{"x":238,"y":493,"width":31,"height":42},"xOffset":0,"yOffset":3,"xAdvance":31},"99":{"rect":{"x":202,"y":987,"width":31,"height":34},"xOffset":0,"yOffset":11,"xAdvance":31},"100":{"rect":{"x":238,"y":360,"width":31,"height":42},"xOffset":0,"yOffset":3,"xAdvance":31},"101":{"rect":{"x":238,"y":676,"width":30,"height":34},"xOffset":0,"yOffset":11,"xAdvance":30},"102":{"rect":{"x":335,"y":132,"width":24,"height":42},"xOffset":0,"yOffset":3,"xAdvance":24},"103":{"rect":{"x":238,"y":404,"width":31,"height":43},"xOffset":0,"yOffset":11,"xAdvance":31},"104":{"rect":{"x":334,"y":587,"width":29,"height":42},"xOffset":0,"yOffset":3,"xAdvance":29},"105":{"rect":{"x":358,"y":467,"width":14,"height":42},"xOffset":0,"yOffset":3,"xAdvance":14},"106":{"rect":{"x":335,"y":827,"width":19,"height":51},"xOffset":0,"yOffset":3,"xAdvance":19},"107":{"rect":{"x":335,"y":667,"width":29,"height":42},"xOffset":0,"yOffset":3,"xAdvance":29},"108":{"rect":{"x":357,"y":0,"width":14,"height":42},"xOffset":0,"yOffset":3,"xAdvance":14},"109":{"rect":{"x":0,"y":490,"width":43,"height":34},"xOffset":0,"yOffset":11,"xAdvance":43},"110":{"rect":{"x":335,"y":631,"width":29,"height":34},"xOffset":0,"yOffset":11,"xAdvance":29},"111":{"rect":{"x":88,"y":370,"width":33,"height":34},"xOffset":0,"yOffset":11,"xAdvance":33},"112":{"rect":{"x":303,"y":823,"width":30,"height":43},"xOffset":0,"yOffset":11,"xAdvance":30},"113":{"rect":{"x":303,"y":868,"width":30,"height":43},"xOffset":0,"yOffset":11,"xAdvance":30},"114":{"rect":{"x":335,"y":791,"width":24,"height":34},"xOffset":0,"yOffset":11,"xAdvance":24},"115":{"rect":{"x":303,"y":913,"width":30,"height":34},"xOffset":0,"yOffset":11,"xAdvance":30},"116":{"rect":{"x":335,"y":379,"width":22,"height":42},"xOffset":0,"yOffset":3,"xAdvance":22},"117":{"rect":{"x":335,"y":711,"width":29,"height":33},"xOffset":0,"yOffset":12,"xAdvance":29},"118":{"rect":{"x":168,"y":987,"width":32,"height":33},"xOffset":0,"yOffset":12,"xAdvance":32},"119":{"rect":{"x":0,"y":455,"width":43,"height":33},"xOffset":0,"yOffset":12,"xAdvance":43},"120":{"rect":{"x":169,"y":150,"width":32,"height":33},"xOffset":0,"yOffset":12,"xAdvance":32},"121":{"rect":{"x":207,"y":0,"width":32,"height":42},"xOffset":0,"yOffset":12,"xAdvance":32},"122":{"rect":{"x":305,"y":0,"width":29,"height":33},"xOffset":0,"yOffset":12,"xAdvance":29},"123":{"rect":{"x":335,"y":273,"width":23,"height":51},"xOffset":0,"yOffset":3,"xAdvance":23},"124":{"rect":{"x":360,"y":282,"width":13,"height":52},"xOffset":0,"yOffset":3,"xAdvance":13},"125":{"rect":{"x":335,"y":176,"width":23,"height":51},"xOffset":0,"yOffset":3,"xAdvance":23},"126":{"rect":{"x":36,"y":1002,"width":31,"height":18},"xOffset":0,"yOffset":16,"xAdvance":31},"192":{"rect":{"x":44,"y":579,"width":41,"height":52},"xOffset":0,"yOffset":-7,"xAdvance":41},"193":{"rect":{"x":86,"y":851,"width":40,"height":52},"xOffset":0,"yOffset":-7,"xAdvance":40},"194":{"rect":{"x":43,"y":837,"width":41,"height":51},"xOffset":0,"yOffset":-6,"xAdvance":41},"195":{"rect":{"x":86,"y":952,"width":40,"height":51},"xOffset":0,"yOffset":-6,"xAdvance":40},"200":{"rect":{"x":204,"y":97,"width":32,"height":52},"xOffset":0,"yOffset":-7,"xAdvance":32},"201":{"rect":{"x":204,"y":151,"width":32,"height":52},"xOffset":0,"yOffset":-7,"xAdvance":32},"202":{"rect":{"x":168,"y":828,"width":33,"height":51},"xOffset":0,"yOffset":-6,"xAdvance":33},"204":{"rect":{"x":356,"y":511,"width":18,"height":52},"xOffset":0,"yOffset":-7,"xAdvance":18},"205":{"rect":{"x":356,"y":872,"width":18,"height":52},"xOffset":0,"yOffset":-7,"xAdvance":18},"210":{"rect":{"x":87,"y":464,"width":40,"height":52},"xOffset":0,"yOffset":-7,"xAdvance":40},"211":{"rect":{"x":45,"y":455,"width":40,"height":52},"xOffset":0,"yOffset":-7,"xAdvance":40},"212":{"rect":{"x":46,"y":358,"width":40,"height":51},"xOffset":0,"yOffset":-6,"xAdvance":40},"213":{"rect":{"x":87,"y":518,"width":39,"height":51},"xOffset":0,"yOffset":-6,"xAdvance":39},"217":{"rect":{"x":168,"y":458,"width":34,"height":52},"xOffset":0,"yOffset":-7,"xAdvance":34},"218":{"rect":{"x":168,"y":609,"width":34,"height":52},"xOffset":0,"yOffset":-7,"xAdvance":34},"221":{"rect":{"x":129,"y":382,"width":37,"height":52},"xOffset":0,"yOffset":-7,"xAdvance":37},"224":{"rect":{"x":302,"y":601,"width":30,"height":43},"xOffset":0,"yOffset":2,"xAdvance":30},"225":{"rect":{"x":271,"y":449,"width":30,"height":43},"xOffset":0,"yOffset":2,"xAdvance":30},"226":{"rect":{"x":241,"y":0,"width":30,"height":42},"xOffset":0,"yOffset":3,"xAdvance":30},"227":{"rect":{"x":303,"y":646,"width":30,"height":42},"xOffset":0,"yOffset":3,"xAdvance":30},"232":{"rect":{"x":303,"y":336,"width":30,"height":43},"xOffset":0,"yOffset":2,"xAdvance":30},"233":{"rect":{"x":303,"y":417,"width":30,"height":43},"xOffset":0,"yOffset":2,"xAdvance":30},"234":{"rect":{"x":304,"y":44,"width":30,"height":42},"xOffset":0,"yOffset":3,"xAdvance":30},"236":{"rect":{"x":336,"y":53,"width":18,"height":43},"xOffset":0,"yOffset":2,"xAdvance":18},"237":{"rect":{"x":356,"y":827,"width":18,"height":43},"xOffset":0,"yOffset":2,"xAdvance":18},"242":{"rect":{"x":203,"y":804,"width":32,"height":43},"xOffset":0,"yOffset":2,"xAdvance":32},"243":{"rect":{"x":204,"y":565,"width":32,"height":43},"xOffset":0,"yOffset":2,"xAdvance":32},"244":{"rect":{"x":238,"y":264,"width":32,"height":42},"xOffset":0,"yOffset":3,"xAdvance":32},"245":{"rect":{"x":203,"y":849,"width":32,"height":42},"xOffset":0,"yOffset":3,"xAdvance":32},"249":{"rect":{"x":272,"y":203,"width":30,"height":43},"xOffset":0,"yOffset":2,"xAdvance":30},"250":{"rect":{"x":335,"y":746,"width":29,"height":43},"xOffset":0,"yOffset":2,"xAdvance":29},"253":{"rect":{"x":237,"y":965,"width":32,"height":52},"xOffset":0,"yOffset":2,"xAdvance":32},"258":{"rect":{"x":86,"y":739,"width":40,"height":51},"xOffset":0,"yOffset":-6,"xAdvance":40},"259":{"rect":{"x":271,"y":360,"width":30,"height":42},"xOffset":0,"yOffset":3,"xAdvance":30},"272":{"rect":{"x":128,"y":980,"width":38,"height":42},"xOffset":0,"yOffset":3,"xAdvance":38},"273":{"rect":{"x":168,"y":370,"width":34,"height":42},"xOffset":0,"yOffset":3,"xAdvance":34},"296":{"rect":{"x":335,"y":326,"width":23,"height":51},"xOffset":0,"yOffset":-6,"xAdvance":23},"297":{"rect":{"x":335,"y":229,"width":23,"height":42},"xOffset":0,"yOffset":3,"xAdvance":23},"360":{"rect":{"x":130,"y":229,"width":35,"height":51},"xOffset":0,"yOffset":-6,"xAdvance":35},"361":{"rect":{"x":272,"y":292,"width":30,"height":42},"xOffset":0,"yOffset":3,"xAdvance":30},"416":{"rect":{"x":0,"y":411,"width":44,"height":42},"xOffset":0,"yOffset":3,"xAdvance":44},"417":{"rect":{"x":46,"y":411,"width":39,"height":34},"xOffset":0,"yOffset":11,"xAdvance":39},"431":{"rect":{"x":0,"y":686,"width":42,"height":42},"xOffset":0,"yOffset":3,"xAdvance":42},"432":{"rect":{"x":47,"y":317,"width":37,"height":33},"xOffset":0,"yOffset":12,"xAdvance":37},"7840":{"rect":{"x":53,"y":0,"width":40,"height":51},"xOffset":0,"yOffset":3,"xAdvance":40},"7841":{"rect":{"x":271,"y":404,"width":30,"height":43},"xOffset":0,"yOffset":11,"xAdvance":30},"7842":{"rect":{"x":47,"y":205,"width":40,"height":51},"xOffset":0,"yOffset":-6,"xAdvance":40},"7843":{"rect":{"x":303,"y":543,"width":30,"height":42},"xOffset":0,"yOffset":3,"xAdvance":30},"7844":{"rect":{"x":44,"y":686,"width":41,"height":51},"xOffset":0,"yOffset":-6,"xAdvance":41},"7845":{"rect":{"x":271,"y":836,"width":30,"height":52},"xOffset":0,"yOffset":-7,"xAdvance":30},"7846":{"rect":{"x":44,"y":633,"width":41,"height":51},"xOffset":0,"yOffset":-6,"xAdvance":41},"7847":{"rect":{"x":271,"y":942,"width":30,"height":52},"xOffset":0,"yOffset":-7,"xAdvance":30},"7848":{"rect":{"x":47,"y":99,"width":40,"height":51},"xOffset":0,"yOffset":-6,"xAdvance":40},"7849":{"rect":{"x":271,"y":494,"width":30,"height":51},"xOffset":0,"yOffset":-6,"xAdvance":30},"7850":{"rect":{"x":0,"y":943,"width":41,"height":51},"xOffset":0,"yOffset":-6,"xAdvance":41},"7851":{"rect":{"x":271,"y":784,"width":30,"height":50},"xOffset":0,"yOffset":-5,"xAdvance":30},"7852":{"rect":{"x":47,"y":258,"width":40,"height":57},"xOffset":0,"yOffset":-3,"xAdvance":40},"7853":{"rect":{"x":303,"y":726,"width":30,"height":51},"xOffset":0,"yOffset":3,"xAdvance":30},"7854":{"rect":{"x":87,"y":411,"width":40,"height":51},"xOffset":0,"yOffset":-6,"xAdvance":40},"7855":{"rect":{"x":271,"y":676,"width":30,"height":52},"xOffset":0,"yOffset":-7,"xAdvance":30},"7856":{"rect":{"x":0,"y":837,"width":41,"height":51},"xOffset":0,"yOffset":-6,"xAdvance":41},"7857":{"rect":{"x":271,"y":730,"width":30,"height":52},"xOffset":0,"yOffset":-7,"xAdvance":30},"7858":{"rect":{"x":43,"y":890,"width":41,"height":51},"xOffset":0,"yOffset":-6,"xAdvance":41},"7859":{"rect":{"x":270,"y":623,"width":30,"height":51},"xOffset":0,"yOffset":-6,"xAdvance":30},"7860":{"rect":{"x":0,"y":890,"width":41,"height":51},"xOffset":0,"yOffset":-6,"xAdvance":41},"7861":{"rect":{"x":271,"y":890,"width":30,"height":50},"xOffset":0,"yOffset":-5,"xAdvance":30},"7862":{"rect":{"x":43,"y":943,"width":41,"height":57},"xOffset":0,"yOffset":-3,"xAdvance":41},"7863":{"rect":{"x":238,"y":623,"width":30,"height":51},"xOffset":0,"yOffset":3,"xAdvance":30},"7864":{"rect":{"x":168,"y":775,"width":33,"height":51},"xOffset":0,"yOffset":3,"xAdvance":33},"7865":{"rect":{"x":303,"y":498,"width":30,"height":43},"xOffset":0,"yOffset":11,"xAdvance":30},"7866":{"rect":{"x":168,"y":663,"width":33,"height":51},"xOffset":0,"yOffset":-6,"xAdvance":33},"7867":{"rect":{"x":304,"y":132,"width":29,"height":42},"xOffset":0,"yOffset":3,"xAdvance":29},"7868":{"rect":{"x":170,"y":44,"width":33,"height":51},"xOffset":0,"yOffset":-6,"xAdvance":33},"7869":{"rect":{"x":304,"y":88,"width":30,"height":42},"xOffset":0,"yOffset":3,"xAdvance":30},"7870":{"rect":{"x":168,"y":881,"width":33,"height":51},"xOffset":0,"yOffset":-6,"xAdvance":33},"7871":{"rect":{"x":272,"y":96,"width":30,"height":52},"xOffset":0,"yOffset":-7,"xAdvance":30},"7872":{"rect":{"x":203,"y":663,"width":33,"height":51},"xOffset":0,"yOffset":-6,"xAdvance":33},"7873":{"rect":{"x":271,"y":547,"width":30,"height":52},"xOffset":0,"yOffset":-7,"xAdvance":30},"7874":{"rect":{"x":169,"y":97,"width":33,"height":51},"xOffset":0,"yOffset":-6,"xAdvance":33},"7875":{"rect":{"x":304,"y":176,"width":29,"height":51},"xOffset":0,"yOffset":-6,"xAdvance":29},"7876":{"rect":{"x":168,"y":934,"width":33,"height":51},"xOffset":0,"yOffset":-6,"xAdvance":33},"7877":{"rect":{"x":272,"y":44,"width":30,"height":50},"xOffset":0,"yOffset":-5,"xAdvance":30},"7878":{"rect":{"x":168,"y":716,"width":33,"height":57},"xOffset":0,"yOffset":-3,"xAdvance":33},"7879":{"rect":{"x":272,"y":150,"width":30,"height":51},"xOffset":0,"yOffset":3,"xAdvance":30},"7880":{"rect":{"x":356,"y":926,"width":17,"height":51},"xOffset":0,"yOffset":-6,"xAdvance":17},"7881":{"rect":{"x":356,"y":53,"width":18,"height":42},"xOffset":0,"yOffset":3,"xAdvance":18},"7882":{"rect":{"x":360,"y":229,"width":14,"height":51},"xOffset":0,"yOffset":3,"xAdvance":14},"7883":{"rect":{"x":360,"y":176,"width":14,"height":51},"xOffset":0,"yOffset":3,"xAdvance":14},"7884":{"rect":{"x":47,"y":152,"width":40,"height":51},"xOffset":0,"yOffset":3,"xAdvance":40},"7885":{"rect":{"x":203,"y":937,"width":32,"height":43},"xOffset":0,"yOffset":11,"xAdvance":32},"7886":{"rect":{"x":89,"y":241,"width":39,"height":51},"xOffset":0,"yOffset":-6,"xAdvance":39},"7887":{"rect":{"x":238,"y":176,"width":32,"height":42},"xOffset":0,"yOffset":3,"xAdvance":32},"7888":{"rect":{"x":44,"y":739,"width":40,"height":51},"xOffset":0,"yOffset":-6,"xAdvance":40},"7889":{"rect":{"x":237,"y":814,"width":32,"height":52},"xOffset":0,"yOffset":-7,"xAdvance":32},"7890":{"rect":{"x":45,"y":509,"width":40,"height":51},"xOffset":0,"yOffset":-6,"xAdvance":40},"7891":{"rect":{"x":204,"y":273,"width":32,"height":52},"xOffset":0,"yOffset":-7,"xAdvance":32},"7892":{"rect":{"x":88,"y":317,"width":39,"height":51},"xOffset":0,"yOffset":-6,"xAdvance":39},"7893":{"rect":{"x":204,"y":371,"width":32,"height":51},"xOffset":0,"yOffset":-6,"xAdvance":32},"7894":{"rect":{"x":89,"y":99,"width":39,"height":51},"xOffset":0,"yOffset":-6,"xAdvance":39},"7895":{"rect":{"x":238,"y":308,"width":32,"height":50},"xOffset":0,"yOffset":-5,"xAdvance":32},"7896":{"rect":{"x":86,"y":792,"width":40,"height":57},"xOffset":0,"yOffset":-3,"xAdvance":40},"7897":{"rect":{"x":204,"y":468,"width":32,"height":51},"xOffset":0,"yOffset":3,"xAdvance":32},"7898":{"rect":{"x":0,"y":144,"width":45,"height":52},"xOffset":0,"yOffset":-7,"xAdvance":45},"7899":{"rect":{"x":128,"y":669,"width":38,"height":43},"xOffset":0,"yOffset":2,"xAdvance":38},"7900":{"rect":{"x":0,"y":251,"width":45,"height":52},"xOffset":0,"yOffset":-7,"xAdvance":45},"7901":{"rect":{"x":87,"y":571,"width":39,"height":43},"xOffset":0,"yOffset":2,"xAdvance":39},"7902":{"rect":{"x":0,"y":358,"width":44,"height":51},"xOffset":0,"yOffset":-6,"xAdvance":44},"7903":{"rect":{"x":87,"y":616,"width":39,"height":42},"xOffset":0,"yOffset":3,"xAdvance":39},"7904":{"rect":{"x":0,"y":305,"width":45,"height":51},"xOffset":0,"yOffset":-6,"xAdvance":45},"7905":{"rect":{"x":52,"y":55,"width":39,"height":42},"xOffset":0,"yOffset":3,"xAdvance":39},"7906":{"rect":{"x":0,"y":198,"width":45,"height":51},"xOffset":0,"yOffset":3,"xAdvance":45},"7907":{"rect":{"x":89,"y":152,"width":39,"height":43},"xOffset":0,"yOffset":11,"xAdvance":39},"7908":{"rect":{"x":168,"y":512,"width":34,"height":51},"xOffset":0,"yOffset":3,"xAdvance":34},"7909":{"rect":{"x":273,"y":0,"width":30,"height":42},"xOffset":0,"yOffset":12,"xAdvance":30},"7910":{"rect":{"x":168,"y":273,"width":34,"height":51},"xOffset":0,"yOffset":-6,"xAdvance":34},"7911":{"rect":{"x":272,"y":248,"width":30,"height":42},"xOffset":0,"yOffset":3,"xAdvance":30},"7912":{"rect":{"x":0,"y":730,"width":42,"height":52},"xOffset":0,"yOffset":-7,"xAdvance":42},"7913":{"rect":{"x":128,"y":935,"width":38,"height":43},"xOffset":0,"yOffset":2,"xAdvance":38},"7914":{"rect":{"x":0,"y":632,"width":42,"height":52},"xOffset":0,"yOffset":-7,"xAdvance":42},"7915":{"rect":{"x":128,"y":846,"width":38,"height":43},"xOffset":0,"yOffset":2,"xAdvance":38},"7916":{"rect":{"x":0,"y":579,"width":42,"height":51},"xOffset":0,"yOffset":-6,"xAdvance":42},"7917":{"rect":{"x":130,"y":141,"width":37,"height":42},"xOffset":0,"yOffset":3,"xAdvance":37},"7918":{"rect":{"x":0,"y":526,"width":43,"height":51},"xOffset":0,"yOffset":-6,"xAdvance":43},"7919":{"rect":{"x":93,"y":53,"width":38,"height":42},"xOffset":0,"yOffset":3,"xAdvance":38},"7920":{"rect":{"x":0,"y":784,"width":42,"height":51},"xOffset":0,"yOffset":3,"xAdvance":42},"7921":{"rect":{"x":128,"y":714,"width":38,"height":42},"xOffset":0,"yOffset":12,"xAdvance":38},"7922":{"rect":{"x":128,"y":518,"width":38,"height":52},"xOffset":0,"yOffset":-7,"xAdvance":38},"7923":{"rect":{"x":237,"y":760,"width":32,"height":52},"xOffset":0,"yOffset":2,"xAdvance":32},"7924":{"rect":{"x":128,"y":616,"width":38,"height":51},"xOffset":0,"yOffset":3,"xAdvance":38},"7925":{"rect":{"x":238,"y":132,"width":32,"height":42},"xOffset":0,"yOffset":12,"xAdvance":32},"7926":{"rect":{"x":95,"y":0,"width":38,"height":51},"xOffset":0,"yOffset":-6,"xAdvance":38},"7927":{"rect":{"x":237,"y":912,"width":32,"height":51},"xOffset":0,"yOffset":3,"xAdvance":32},"7928":{"rect":{"x":129,"y":436,"width":37,"height":51},"xOffset":0,"yOffset":-6,"xAdvance":37},"7929":{"rect":{"x":238,"y":537,"width":31,"height":51},"xOffset":0,"yOffset":3,"xAdvance":31},"8734":{"rect":{"x":87,"y":704,"width":33,"height":25},"xOffset":0,"yOffset":12,"xAdvance":33}},"kerningDict":{"5505248":-4,"5636213":-3,"6357113":-2,"6488308":-1,"7020223":-3,"7733365":-1,"7733472":-2,"14680175":-2,"14745721":-2,"17891425":-4,"17891555":-3,"17891587":-3,"17899175":-3,"17899203":-3,"17899221":-4,"17899239":-1,"514130041":-3,"514261113":-3,"515833972":-1,"517537908":-1}}}