{"__type__":"sp.SkeletonData","_name":"Fish_0","skeletonJsonStr":"{\"skeleton\":{\"hash\":\"+MEpb9soo7QynCwC66IMyHnn/cY\",\"spine\":\"3.7.94\",\"width\":47.15,\"height\":25.84},\"bones\":[{\"name\":\"root\"},{\"name\":\"Scale\",\"parent\":\"root\",\"scaleX\":0.8,\"scaleY\":0.8},{\"name\":\"All\",\"parent\":\"Scale\",\"scaleX\":0.5,\"scaleY\":0.5},{\"name\":\"BODY\",\"parent\":\"All\",\"length\":35.5,\"rotation\":180,\"x\":54.23,\"y\":-0.1},{\"name\":\"All3\",\"parent\":\"BODY\",\"length\":18.7,\"rotation\":-0.61,\"x\":35.5},{\"name\":\"All4\",\"parent\":\"All3\",\"length\":21.1,\"rotation\":0.34,\"x\":18.7},{\"name\":\"All5\",\"parent\":\"All4\",\"length\":21.4,\"rotation\":0.54,\"x\":21.1},{\"name\":\"Fin3\",\"parent\":\"All5\",\"length\":21.32,\"rotation\":0.38,\"x\":14.47,\"y\":-0.05},{\"name\":\"Fin1\",\"parent\":\"All5\",\"x\":9.38,\"y\":0.65},{\"name\":\"Fin2\",\"parent\":\"BODY\",\"x\":35.9,\"y\":-0.79},{\"name\":\"L_Fin\",\"parent\":\"BODY\",\"x\":29.47,\"y\":-21.05},{\"name\":\"Fin\",\"parent\":\"L_Fin\",\"length\":12.87,\"rotation\":-46.26,\"x\":0.05,\"y\":-0.69},{\"name\":\"FinUpper\",\"parent\":\"All5\",\"length\":5.2,\"rotation\":-34.94,\"x\":-2.02,\"y\":0.76,\"scaleX\":1.071,\"scaleY\":0.916},{\"name\":\"FinUpper2\",\"parent\":\"FinUpper\",\"length\":5.08,\"rotation\":13.4,\"x\":5.16},{\"name\":\"FinUpper3\",\"parent\":\"FinUpper2\",\"length\":4.96,\"rotation\":13.38,\"x\":5.08},{\"name\":\"FinUpper4\",\"parent\":\"FinUpper3\",\"length\":4.8,\"rotation\":15.26,\"x\":4.96},{\"name\":\"FinUpper5\",\"parent\":\"FinUpper4\",\"length\":4.24,\"rotation\":14.02,\"x\":4.8},{\"name\":\"FinUpper6\",\"parent\":\"BODY\",\"length\":5.2,\"rotation\":-33.46,\"x\":25.24,\"y\":-0.86,\"scaleX\":1.071,\"scaleY\":0.916},{\"name\":\"FinUpper7\",\"parent\":\"FinUpper6\",\"length\":5.08,\"rotation\":13.4,\"x\":5.16},{\"name\":\"FinUpper8\",\"parent\":\"FinUpper7\",\"length\":4.96,\"rotation\":13.38,\"x\":5.08},{\"name\":\"FinUpper9\",\"parent\":\"FinUpper8\",\"length\":4.8,\"rotation\":15.26,\"x\":4.96},{\"name\":\"FinUpper10\",\"parent\":\"FinUpper9\",\"length\":4.24,\"rotation\":14.02,\"x\":4.8},{\"name\":\"3D\",\"parent\":\"All\",\"x\":36},{\"name\":\"Position\",\"parent\":\"All\",\"x\":36,\"y\":100},{\"name\":\"Negative\",\"parent\":\"All\",\"x\":36,\"y\":100},{\"name\":\"FinUpper11\",\"parent\":\"Fin3\",\"length\":5.2,\"rotation\":-33.63,\"x\":1.79,\"y\":0.72,\"scaleX\":1.169,\"scaleY\":0.999},{\"name\":\"FinUpper12\",\"parent\":\"FinUpper11\",\"length\":5.08,\"rotation\":13.4,\"x\":5.16},{\"name\":\"FinUpper13\",\"parent\":\"FinUpper12\",\"length\":4.96,\"rotation\":13.38,\"x\":5.08},{\"name\":\"FinUpper14\",\"parent\":\"FinUpper13\",\"length\":4.8,\"rotation\":15.26,\"x\":4.96},{\"name\":\"FinUpper15\",\"parent\":\"FinUpper14\",\"length\":4.24,\"rotation\":14.02,\"x\":4.8},{\"name\":\"Fin5\",\"parent\":\"Fin3\",\"x\":8.49,\"y\":0.97},{\"name\":\"L_Fin2\",\"parent\":\"BODY\",\"x\":29.47,\"y\":19.24,\"scaleY\":-1},{\"name\":\"Fin4\",\"parent\":\"L_Fin2\",\"length\":12.87,\"rotation\":-46.26,\"x\":0.05,\"y\":-0.69},{\"name\":\"Shadow\",\"parent\":\"All\",\"length\":35.5,\"rotation\":180,\"x\":6.67,\"y\":-15.32,\"scaleX\":0.303,\"scaleY\":0.303},{\"name\":\"All6\",\"parent\":\"Shadow\",\"length\":18.7,\"rotation\":-0.61,\"x\":35.5},{\"name\":\"All7\",\"parent\":\"All6\",\"length\":21.1,\"rotation\":0.34,\"x\":18.7},{\"name\":\"All8\",\"parent\":\"All7\",\"length\":21.4,\"rotation\":0.54,\"x\":21.1},{\"name\":\"Fin6\",\"parent\":\"All8\",\"length\":21.32,\"rotation\":0.38,\"x\":14.47,\"y\":-0.05},{\"name\":\"L_Fin3\",\"parent\":\"Shadow\",\"x\":29.47,\"y\":-21.05},{\"name\":\"Fin10\",\"parent\":\"L_Fin3\",\"length\":12.87,\"rotation\":-46.26,\"x\":0.05,\"y\":-0.69},{\"name\":\"L_Fin4\",\"parent\":\"Shadow\",\"x\":29.47,\"y\":19.24,\"scaleY\":-1},{\"name\":\"Fin11\",\"parent\":\"L_Fin4\",\"length\":12.87,\"rotation\":-46.26,\"x\":0.05,\"y\":-0.69}],\"slots\":[{\"name\":\"0_x2/Shadow\",\"bone\":\"Shadow\",\"attachment\":\"0_x2/Shadow\"},{\"name\":\"Fin\",\"bone\":\"Fin\",\"attachment\":\"0_x2/Fin\"},{\"name\":\"Fin4\",\"bone\":\"Fin4\",\"attachment\":\"0_x2/Fin\"},{\"name\":\"Body\",\"bone\":\"BODY\",\"attachment\":\"0_x2/Body\"},{\"name\":\"Fin3\",\"bone\":\"Fin5\",\"attachment\":\"0_x2/Fin3\"},{\"name\":\"Fin1\",\"bone\":\"Fin1\",\"attachment\":\"0_x2/Fin1\"},{\"name\":\"Fin2\",\"bone\":\"Fin2\",\"attachment\":\"0_x2/Fin2\"},{\"name\":\"FinUpper\",\"bone\":\"FinUpper\",\"attachment\":\"0_x2/FinUpper\"},{\"name\":\"FinUpper3\",\"bone\":\"FinUpper11\",\"attachment\":\"0_x2/FinUpper\"},{\"name\":\"FinUpper2\",\"bone\":\"FinUpper6\",\"attachment\":\"0_x2/FinUpper\"}],\"transform\":[{\"name\":\"Negative\",\"order\":0,\"bones\":[\"Negative\"],\"target\":\"3D\",\"y\":100,\"rotateMix\":0,\"translateMix\":-0.25,\"scaleMix\":0,\"shearMix\":0},{\"name\":\"Position\",\"order\":1,\"bones\":[\"Position\"],\"target\":\"3D\",\"y\":100,\"rotateMix\":0,\"translateMix\":0.25,\"scaleMix\":0,\"shearMix\":0}],\"skins\":{\"default\":{\"0_x2/Shadow\":{\"0_x2/Shadow\":{\"type\":\"mesh\",\"color\":\"ffffff4b\",\"uvs\":[0,0.35278,0.18167,0.37836,0.25241,0.33816,0.31608,0.37287,0.4131,0.24682,0.52124,0.14816,0.61725,0.12259,0.63948,0,0.73044,0,0.8315,0.1372,1,0.31259,1,0.65056,0.82847,0.87162,0.72741,1,0.62938,1,0.61624,0.87893,0.5172,0.80768,0.40805,0.69076,0.30193,0.5921,0.20188,0.61585,0.08566,0.67066,0.01188,0.52999],\"triangles\":[20,21,19,19,21,1,21,0,1,18,3,17,18,19,1,18,1,3,3,1,2,5,17,4,16,17,5,17,3,4,13,14,15,5,6,16,6,15,16,6,7,8,12,13,15,12,15,11,6,10,11,11,15,6,9,6,8,10,6,9],\"vertices\":[1,37,27.21,-8.93,1,1,37,5.88,-7.03,1,2,36,12.08,-9.61,0.63965,37,-2.46,-9.55,0.36035,3,35,25.78,-7.28,0.17408,36,4.61,-7.32,0.82002,37,-9.91,-7.21,0.00591,4,33,68.54,-15.79,6.9E-4,34,33.21,-15.44,0.08718,35,14.41,-15.53,0.87514,36,-6.83,-15.46,0.03699,3,33,55.83,-22.21,0.06135,34,20.57,-21.99,0.49012,35,1.74,-22,0.44853,3,33,44.55,-23.87,0.30624,34,9.31,-23.77,0.60266,35,-9.53,-23.72,0.09109,3,33,41.94,-31.84,0.44404,34,6.78,-31.77,0.53778,35,-12.11,-31.7,0.01819,3,33,31.25,-31.84,0.54974,34,-3.91,-31.88,0.44863,35,-22.8,-31.75,0.00163,2,33,19.38,-22.92,0.81308,34,-15.88,-23.09,0.18692,2,33,-0.42,-11.52,0.99977,34,-35.79,-11.9,2.3E-4,1,33,-0.42,10.45,1,2,33,19.73,24.82,0.81764,34,-16.03,24.65,0.18236,3,33,31.61,33.16,0.57089,34,-4.25,33.12,0.42727,35,-22.75,33.25,0.00184,3,33,43.13,33.16,0.45687,34,7.27,33.24,0.52574,35,-11.23,33.31,0.01739,3,33,44.67,25.29,0.34128,34,8.9,25.39,0.58836,35,-9.65,25.45,0.07036,3,33,56.31,20.66,0.05979,34,20.59,20.88,0.51483,35,2.01,20.87,0.42537,4,33,69.13,13.06,6.0E-5,34,33.49,13.42,0.07165,35,14.87,13.33,0.88642,36,-6.1,13.39,0.04187,2,35,27.37,6.98,0.06799,36,6.34,6.92,0.93201,2,36,18.1,8.41,0.78305,37,3.68,8.44,0.21695,1,37,17.38,11.84,1,1,37,25.94,2.6,1],\"hull\":22}},\"Body\":{\"0_x2/Body\":{\"type\":\"mesh\",\"uvs\":[0,0.57604,0,0.50803,0,0.42516,0.22008,0.30656,0.33311,0.19906,0.43358,0.10352,0.52632,0.05451,0.62945,0,0.8459,0.06068,1,0.33077,1,0.51168,1,0.67165,0.84506,0.93732,0.62598,0.99999,0.5227,0.94695,0.43361,0.9012,0.3249,0.79597,0.21629,0.69083,0.21899,0.50883,0.43566,0.50962,0.6303,0.51033,0.84602,0.51112,0.33002,0.50924,0.5262,0.50995],\"triangles\":[23,6,20,23,20,14,0,1,18,18,1,2,16,17,22,22,3,4,22,17,18,18,3,22,17,0,18,3,18,2,23,19,5,12,20,21,22,4,19,12,21,11,21,10,11,21,9,10,9,21,8,23,14,15,6,23,5,13,14,20,7,20,6,12,13,20,8,20,7,4,5,19,15,16,19,19,16,22,23,15,19,21,20,8],\"vertices\":[5,3,96.55,3.17,0.03116,4,61.01,3.82,0.05632,5,42.33,3.57,0.12808,6,21.27,3.37,0.21231,30,-1.67,2.41,0.57212,5,3,96.55,-0.3,0.03066,4,61.05,0.35,0.05701,5,42.35,0.1,0.13109,6,21.25,-0.1,0.21979,30,-1.71,-1.06,0.56145,5,3,96.55,-4.52,0.03497,4,61.1,-3.87,0.06347,5,42.37,-4.12,0.1427,6,21.23,-4.32,0.23656,30,-1.76,-5.29,0.5223,7,3,75.2,-10.57,0.12899,4,39.81,-10.15,0.11822,5,21.05,-10.27,0.22216,6,-0.14,-10.27,0.31905,30,-23.17,-11.09,0.13057,24,-56.98,-89.52,0.0464,23,-56.98,-89.52,0.03461,6,3,64.24,-16.06,0.21542,4,28.91,-15.75,0.13521,5,10.11,-15.81,0.21284,6,-11.13,-15.7,0.25792,24,-46.01,-84.04,0.09207,23,-46.01,-84.04,0.08653,6,3,54.49,-20.93,0.29599,4,19.22,-20.72,0.12299,5,0.39,-20.73,0.1565,6,-20.9,-20.53,0.14856,24,-36.27,-79.17,0.12527,23,-36.27,-79.17,0.1507,6,3,45.5,-23.43,0.30851,4,10.25,-23.32,0.07823,5,-8.59,-23.27,0.08116,6,-29.91,-22.99,0.05952,24,-27.27,-76.67,0.2817,23,-27.27,-76.67,0.19087,6,3,35.49,-26.21,0.36086,4,0.27,-26.21,0.04804,5,-18.58,-26.1,0.04174,6,-39.93,-25.72,0.02433,24,-17.27,-73.89,0.31267,23,-17.27,-73.89,0.21237,6,3,14.5,-23.11,0.46524,4,-20.75,-23.34,0.02877,5,-39.59,-23.1,0.0202,6,-60.91,-22.53,0.00904,24,3.73,-76.98,0.27299,23,3.73,-76.98,0.20376,6,3,-0.45,-9.34,0.63409,4,-35.85,-9.72,0.02226,5,-54.61,-9.4,0.01241,6,-75.79,-8.68,0.004,24,18.68,-90.76,0.13423,23,18.68,-90.76,0.19301,6,3,-0.45,-0.11,0.58041,4,-35.95,-0.5,0.0199,5,-54.65,-0.17,0.01069,6,-75.75,0.54,0.00321,24,18.68,-99.98,0.08872,23,18.68,-99.98,0.29706,6,3,-0.45,8.05,0.65871,4,-36.03,7.66,0.0249,5,-54.69,7.99,0.01407,6,-75.71,8.7,0.00455,24,18.68,-108.14,0.12526,23,18.68,-108.14,0.17251,6,3,14.58,21.6,0.48213,4,-21.15,21.37,0.02979,5,-39.72,21.61,0.02089,6,-60.62,22.18,0.00919,24,3.65,-121.69,0.2487,23,3.65,-121.69,0.2093,6,3,35.83,24.79,0.39926,4,0.07,24.79,0.05214,5,-18.49,24.9,0.04592,6,-39.35,25.28,0.02687,24,-17.6,-124.89,0.2727,23,-17.6,-124.89,0.2031,6,3,45.85,22.09,0.34253,4,10.11,22.2,0.08604,5,-8.46,22.25,0.09085,6,-29.35,22.52,0.06724,24,-27.62,-122.18,0.24436,23,-27.62,-122.18,0.16898,6,3,54.49,19.75,0.2986,4,18.78,19.96,0.12227,5,0.2,19.95,0.1564,6,-20.72,20.15,0.14782,24,-36.26,-119.85,0.15328,23,-36.26,-119.85,0.12163,6,3,65.03,14.39,0.22314,4,29.38,14.7,0.14131,5,10.77,14.64,0.22388,6,-10.2,14.73,0.27084,24,-46.81,-114.48,0.06135,23,-46.81,-114.48,0.07948,7,3,75.57,9.02,0.12596,4,39.97,9.45,0.11896,5,21.33,9.33,0.22462,6,0.31,9.32,0.32151,30,-22.59,8.5,0.14303,24,-57.34,-109.12,0.0245,23,-57.34,-109.12,0.04142,7,3,75.31,-0.26,0.13196,4,39.81,0.17,0.12399,5,21.11,0.04,0.23466,6,0.01,0.04,0.33726,30,-22.95,-0.78,0.11229,24,-57.08,-99.84,0.02055,23,-57.08,-99.84,0.0393,6,3,54.29,-0.22,0.28123,4,18.79,-0.02,0.12253,5,0.09,-0.02,0.15868,6,-21.01,0.18,0.15169,24,-36.07,-99.88,0.06602,23,-36.07,-99.88,0.21985,6,3,35.41,-0.18,0.33063,4,-0.09,-0.18,0.04393,5,-18.79,-0.07,0.0372,6,-39.89,0.31,0.02055,24,-17.19,-99.91,0.0849,23,-17.19,-99.91,0.4828,6,3,14.49,-0.14,0.44824,4,-21.01,-0.37,0.02138,5,-39.71,-0.13,0.01389,6,-60.81,0.44,0.00554,24,3.74,-99.96,0.0979,23,3.74,-99.96,0.41305,6,3,64.54,-0.24,0.21898,4,29.04,0.07,0.1408,5,10.34,0.01,0.22337,6,-10.76,0.11,0.27091,24,-46.31,-99.86,0.03618,23,-46.31,-99.86,0.10976,6,3,45.51,-0.2,0.30469,4,10.01,-0.09,0.08498,5,-8.69,-0.04,0.08985,6,-29.79,0.24,0.06594,24,-27.28,-99.9,0.08127,23,-27.28,-99.9,0.37327],\"hull\":18}},\"Fin\":{\"0_x2/Fin\":{\"x\":5.69,\"y\":-1.24,\"rotation\":-133.74,\"width\":22,\"height\":13}},\"Fin1\":{\"0_x2/Fin1\":{\"x\":-0.14,\"y\":-4.1,\"rotation\":179.73,\"width\":24,\"height\":11}},\"Fin2\":{\"0_x2/Fin2\":{\"x\":0.65,\"y\":-3.73,\"rotation\":180,\"width\":24,\"height\":10}},\"Fin3\":{\"0_x2/Fin3\":{\"x\":2.79,\"y\":-1.02,\"rotation\":179.36,\"width\":31,\"height\":16}},\"Fin4\":{\"0_x2/Fin\":{\"x\":5.69,\"y\":-1.24,\"rotation\":-133.74,\"width\":22,\"height\":13}},\"FinUpper\":{\"0_x2/FinUpper\":{\"type\":\"mesh\",\"uvs\":[0,0.70894,0,0.35464,0.16813,0.04152,0.36584,0,0.57751,0.03143,0.78825,0.12592,1,0.3545,1,0.6945,0.78825,0.86879,0.57575,0.95714,0.36115,1,0.16781,0.94022],\"triangles\":[11,0,1,1,2,11,11,2,3,11,3,10,9,3,4,9,10,3,5,9,4,5,8,9,8,5,6,7,8,6],\"vertices\":[1,16,3.94,0.96,1,2,15,8.82,-0.98,0.00315,16,4.02,-0.99,0.99685,3,14,9.66,-2.65,5.0E-5,15,4.81,-2.77,0.74958,16,0.18,-2.82,0.25036,3,13,9.74,-2.89,0.00154,14,4.89,-2.79,0.43311,15,0.08,-2.79,0.56534,4,12,9.65,-3.11,0.00124,13,4.67,-2.99,0.55152,14,-0.21,-2.95,0.44633,15,-5.06,-2.82,9.2E-4,2,12,4.96,-2.6,0.63842,13,-0.14,-2.58,0.36158,1,12,0.35,-1.58,1,1,12,0.59,0.51,1,2,12,5.62,1.87,0.55299,13,0.33,1.8,0.44701,3,13,5.31,2.88,0.56446,14,0.1,2.85,0.43398,15,-4.9,2.97,0.00156,3,13,10.18,2.93,0.00522,14,5,2.95,0.42344,15,0.03,2.95,0.57133,2,15,4.81,2.52,0.67243,16,-0.07,2.54,0.32757],\"hull\":12}},\"FinUpper2\":{\"0_x2/FinUpper\":{\"type\":\"mesh\",\"uvs\":[0,0.70894,0,0.35464,0.16813,0.04152,0.36584,0,0.57751,0.03143,0.78825,0.12592,1,0.3545,1,0.6945,0.78825,0.86879,0.57575,0.95714,0.36115,1,0.16781,0.94022],\"triangles\":[11,0,1,1,2,11,11,2,3,11,3,10,9,10,3,9,3,4,5,9,4,8,5,6,7,8,6,5,8,9],\"vertices\":[2,20,8.87,1.3,0.22519,21,4.07,1.29,0.77481,3,19,13.8,-0.8,2.0E-5,20,8.81,-1.02,0.25091,21,4.01,-1.03,0.74907,4,18,14.81,-3.49,3.9E-4,19,9.76,-3.41,0.10829,20,4.71,-3.53,0.49762,21,-0.1,-3.53,0.3937,5,17,15.2,-3.81,3.1E-4,18,10.07,-3.74,0.13957,19,5.02,-3.7,0.32573,20,-0.04,-3.7,0.47179,21,-4.85,-3.68,0.06259,4,17,10.08,-3.73,0.15991,18,4.95,-3.7,0.36978,19,-0.1,-3.7,0.32836,20,-5.15,-3.57,0.14195,4,17,5.08,-2.78,0.54816,18,-0.06,-2.78,0.34003,19,-5.12,-2.82,0.11158,20,-10.15,-2.56,2.3E-4,2,17,0.02,-1.1,0.87947,18,-5.13,-1.14,0.12053,2,17,0.06,1.28,0.851,18,-5.11,1.24,0.149,4,17,5.3,2.34,0.54785,18,0.12,2.34,0.34326,19,-4.98,2.3,0.1085,20,-9.88,2.55,3.9E-4,4,17,10.53,2.84,0.13856,18,5.24,2.84,0.39205,19,0.02,2.83,0.32594,20,-4.98,2.98,0.14345,4,18,10.1,3.1,0.14281,19,4.96,3.13,0.32264,20,0.04,3.14,0.45266,21,-4.79,3.17,0.08189,4,18,14.85,2.95,0.00131,19,9.75,3.02,0.10587,20,4.86,2.9,0.49834,21,0.07,2.9,0.39448],\"hull\":12}},\"FinUpper3\":{\"0_x2/FinUpper\":{\"type\":\"mesh\",\"uvs\":[0,0.70894,0,0.35464,0.16813,0.04152,0.36584,0,0.57751,0.03143,0.78825,0.12592,1,0.3545,1,0.6945,0.78825,0.86879,0.57575,0.95714,0.36115,1,0.16781,0.94022],\"triangles\":[11,0,1,1,2,11,11,2,3,11,3,10,9,3,4,9,10,3,5,9,4,5,8,9,8,5,6,7,8,6],\"vertices\":[1,29,3.94,0.96,1,2,28,8.82,-0.98,0.00315,29,4.02,-0.99,0.99685,3,27,9.66,-2.65,5.0E-5,28,4.81,-2.77,0.74958,29,0.18,-2.82,0.25036,3,26,9.74,-2.89,0.00154,27,4.89,-2.79,0.43311,28,0.08,-2.79,0.56534,4,25,9.65,-3.11,0.00124,26,4.67,-2.99,0.55152,27,-0.21,-2.95,0.44633,28,-5.06,-2.82,9.2E-4,2,25,4.96,-2.6,0.63842,26,-0.14,-2.58,0.36158,1,25,0.35,-1.58,1,1,25,0.59,0.51,1,2,25,5.62,1.87,0.55299,26,0.33,1.8,0.44701,3,26,5.31,2.88,0.56446,27,0.1,2.85,0.43398,28,-4.9,2.97,0.00156,3,26,10.18,2.93,0.00522,27,5,2.95,0.42344,28,0.03,2.95,0.57133,2,28,4.81,2.52,0.67243,29,-0.07,2.54,0.32757],\"hull\":12}}}},\"animations\":{\"animation\":{\"bones\":{\"BODY\":{\"rotate\":[{\"time\":0,\"angle\":-3.26,\"curve\":[0.25,0,0.75,1]},{\"time\":0.3333,\"angle\":4.25,\"curve\":[0.25,0,0.75,1]},{\"time\":0.6667,\"angle\":-3.26}]},\"All3\":{\"rotate\":[{\"time\":0,\"angle\":-2.37,\"curve\":[0.382,0.58,0.731,1]},{\"time\":0.1,\"angle\":-5.79,\"curve\":[0.25,0,0.75,1]},{\"time\":0.4333,\"angle\":8.35,\"curve\":[0.243,0,0.655,0.63]},{\"time\":0.6667,\"angle\":-2.37}]},\"All4\":{\"rotate\":[{\"time\":0,\"angle\":1.18,\"curve\":[0.333,0.33,0.68,0.71]},{\"time\":0.1,\"angle\":-6.27,\"curve\":[0.382,0.58,0.731,1]},{\"time\":0.2,\"angle\":-10.93,\"curve\":[0.25,0,0.75,1]},{\"time\":0.5333,\"angle\":8.31,\"curve\":[0.258,0,0.619,0.45]},{\"time\":0.6667,\"angle\":1.18}]},\"All5\":{\"rotate\":[{\"time\":0,\"angle\":17.7,\"curve\":[0.289,0.17,0.637,0.56]},{\"time\":0.1,\"angle\":6.44,\"curve\":[0.333,0.33,0.68,0.71]},{\"time\":0.2,\"angle\":-6.75,\"curve\":[0.382,0.58,0.731,1]},{\"time\":0.3,\"angle\":-15,\"curve\":[0.25,0,0.75,1]},{\"time\":0.6333,\"angle\":19.06,\"curve\":[0.305,0,0.64,0.36]},{\"time\":0.6667,\"angle\":17.7}]},\"Fin3\":{\"rotate\":[{\"time\":0,\"angle\":14.63,\"curve\":[0.375,0.62,0.716,1]},{\"time\":0.0667,\"angle\":19.06,\"curve\":[0.305,0,0.64,0.36]},{\"time\":0.1,\"angle\":17.7,\"curve\":[0.289,0.17,0.637,0.56]},{\"time\":0.2,\"angle\":6.44,\"curve\":[0.333,0.33,0.68,0.71]},{\"time\":0.3,\"angle\":-6.75,\"curve\":[0.382,0.58,0.731,1]},{\"time\":0.4,\"angle\":-15,\"curve\":[0.243,0,0.68,0.71]},{\"time\":0.6667,\"angle\":14.63}]},\"Fin1\":{\"scale\":[{\"time\":0,\"x\":1,\"y\":1,\"curve\":[0.25,0,0.75,1]},{\"time\":0.3333,\"x\":1,\"y\":-1,\"curve\":[0.25,0,0.75,1]},{\"time\":0.6667,\"x\":1,\"y\":1}]},\"FinUpper\":{\"rotate\":[{\"time\":0,\"angle\":0,\"curve\":[0.25,0,0.75,1]},{\"time\":0.3333,\"angle\":70.12,\"curve\":[0.25,0,0.75,1]},{\"time\":0.6667,\"angle\":0}]},\"FinUpper2\":{\"rotate\":[{\"time\":0,\"angle\":0,\"curve\":[0.25,0,0.75,1]},{\"time\":0.3333,\"angle\":-25.54,\"curve\":[0.25,0,0.75,1]},{\"time\":0.6667,\"angle\":0}]},\"FinUpper3\":{\"rotate\":[{\"time\":0,\"angle\":0,\"curve\":[0.25,0,0.75,1]},{\"time\":0.3333,\"angle\":-29.35,\"curve\":[0.25,0,0.75,1]},{\"time\":0.6667,\"angle\":0}]},\"FinUpper4\":{\"rotate\":[{\"time\":0,\"angle\":0,\"curve\":[0.25,0,0.75,1]},{\"time\":0.3333,\"angle\":-29.35,\"curve\":[0.25,0,0.75,1]},{\"time\":0.6667,\"angle\":0}]},\"FinUpper5\":{\"rotate\":[{\"time\":0,\"angle\":0,\"curve\":[0.25,0,0.75,1]},{\"time\":0.3333,\"angle\":-29.35,\"curve\":[0.25,0,0.75,1]},{\"time\":0.6667,\"angle\":0}]},\"Fin2\":{\"translate\":[{\"time\":0,\"x\":-1.26,\"y\":2.32},{\"time\":0.3333,\"x\":-0.76,\"y\":-3.55},{\"time\":0.6667,\"x\":-1.26,\"y\":2.32}],\"scale\":[{\"time\":0,\"x\":1,\"y\":-0.552,\"curve\":[0.25,0,0.75,1]},{\"time\":0.3333,\"x\":1,\"y\":0.558,\"curve\":[0.25,0,0.75,1]},{\"time\":0.6667,\"x\":1,\"y\":-0.552}]},\"FinUpper10\":{\"rotate\":[{\"time\":0,\"angle\":-28.21,\"curve\":[0.25,0,0.75,1]},{\"time\":0.3333,\"angle\":-2.27,\"curve\":[0.25,0,0.75,1]},{\"time\":0.6667,\"angle\":-28.21}]},\"FinUpper9\":{\"rotate\":[{\"time\":0,\"angle\":-37.72,\"curve\":[0.25,0,0.75,1]},{\"time\":0.3333,\"angle\":-2.27,\"curve\":[0.25,0,0.75,1]},{\"time\":0.6667,\"angle\":-37.72}]},\"FinUpper8\":{\"rotate\":[{\"time\":0,\"angle\":-20.88,\"curve\":[0.25,0,0.75,1]},{\"time\":0.3333,\"angle\":0.72,\"curve\":[0.25,0,0.75,1]},{\"time\":0.6667,\"angle\":-20.88}],\"scale\":[{\"time\":0,\"x\":1,\"y\":0.822,\"curve\":\"stepped\"},{\"time\":0.3333,\"x\":1,\"y\":0.822,\"curve\":\"stepped\"},{\"time\":0.6667,\"x\":1,\"y\":0.822}]},\"FinUpper7\":{\"rotate\":[{\"time\":0,\"angle\":-28.03,\"curve\":[0.25,0,0.75,1]},{\"time\":0.3333,\"angle\":0.72,\"curve\":[0.25,0,0.75,1]},{\"time\":0.6667,\"angle\":-28.03}],\"scale\":[{\"time\":0,\"x\":1,\"y\":0.822,\"curve\":\"stepped\"},{\"time\":0.3333,\"x\":1,\"y\":0.822,\"curve\":\"stepped\"},{\"time\":0.6667,\"x\":1,\"y\":0.822}]},\"FinUpper6\":{\"rotate\":[{\"time\":0,\"angle\":57.66,\"curve\":[0.25,0,0.75,1]},{\"time\":0.3333,\"angle\":9.41,\"curve\":[0.25,0,0.75,1]},{\"time\":0.6667,\"angle\":57.66}],\"translate\":[{\"time\":0,\"x\":-1.26,\"y\":2.32},{\"time\":0.3333,\"x\":-0.76,\"y\":-3.55},{\"time\":0.6667,\"x\":-1.26,\"y\":2.32}]},\"Fin\":{\"rotate\":[{\"time\":0,\"angle\":-26.77,\"curve\":[0.25,0,0.75,1]},{\"time\":0.1667,\"angle\":16.15,\"curve\":[0.25,0,0.75,1]},{\"time\":0.3333,\"angle\":-26.77,\"curve\":[0.25,0,0.75,1]},{\"time\":0.5,\"angle\":16.15,\"curve\":[0.25,0,0.75,1]},{\"time\":0.6667,\"angle\":-26.77}],\"translate\":[{\"time\":0,\"x\":0,\"y\":0,\"curve\":[0.25,0,0.75,1]},{\"time\":0.1667,\"x\":0.13,\"y\":2.81,\"curve\":[0.25,0,0.75,1]},{\"time\":0.3333,\"x\":0.12,\"y\":1.6,\"curve\":[0.25,0,0.75,1]},{\"time\":0.5,\"x\":0.12,\"y\":1.55,\"curve\":[0.25,0,0.75,1]},{\"time\":0.6667,\"x\":0,\"y\":0}]},\"Fin5\":{\"scale\":[{\"time\":0,\"x\":1,\"y\":1,\"curve\":[0.25,0,0.75,1]},{\"time\":0.3333,\"x\":1,\"y\":-1,\"curve\":[0.25,0,0.75,1]},{\"time\":0.6667,\"x\":1,\"y\":1}]},\"FinUpper11\":{\"rotate\":[{\"time\":0,\"angle\":0,\"curve\":[0.25,0,0.75,1]},{\"time\":0.3333,\"angle\":83.01,\"curve\":[0.25,0,0.75,1]},{\"time\":0.6667,\"angle\":0}],\"scale\":[{\"time\":0,\"x\":1,\"y\":1,\"curve\":[0.25,0,0.75,1]},{\"time\":0.3333,\"x\":1.023,\"y\":1,\"curve\":[0.25,0,0.75,1]},{\"time\":0.6667,\"x\":1,\"y\":1}]},\"FinUpper15\":{\"rotate\":[{\"time\":0,\"angle\":0,\"curve\":[0.25,0,0.75,1]},{\"time\":0.3333,\"angle\":-15.49,\"curve\":[0.25,0,0.75,1]},{\"time\":0.6667,\"angle\":0}],\"scale\":[{\"time\":0,\"x\":1,\"y\":1,\"curve\":[0.25,0,0.75,1]},{\"time\":0.3333,\"x\":1.023,\"y\":1,\"curve\":[0.25,0,0.75,1]},{\"time\":0.6667,\"x\":1,\"y\":1}]},\"FinUpper14\":{\"rotate\":[{\"time\":0,\"angle\":0,\"curve\":[0.25,0,0.75,1]},{\"time\":0.3333,\"angle\":-24.85,\"curve\":[0.25,0,0.75,1]},{\"time\":0.6667,\"angle\":0}],\"scale\":[{\"time\":0,\"x\":1,\"y\":1,\"curve\":[0.25,0,0.75,1]},{\"time\":0.3333,\"x\":1.023,\"y\":1,\"curve\":[0.25,0,0.75,1]},{\"time\":0.6667,\"x\":1,\"y\":1}]},\"FinUpper13\":{\"rotate\":[{\"time\":0,\"angle\":0,\"curve\":[0.25,0,0.75,1]},{\"time\":0.3333,\"angle\":-35.13,\"curve\":[0.25,0,0.75,1]},{\"time\":0.6667,\"angle\":0}],\"scale\":[{\"time\":0,\"x\":1,\"y\":1,\"curve\":[0.25,0,0.75,1]},{\"time\":0.3333,\"x\":1.023,\"y\":1,\"curve\":[0.25,0,0.75,1]},{\"time\":0.6667,\"x\":1,\"y\":1}]},\"FinUpper12\":{\"rotate\":[{\"time\":0,\"angle\":0,\"curve\":[0.25,0,0.75,1]},{\"time\":0.3333,\"angle\":-45.01,\"curve\":[0.25,0,0.75,1]},{\"time\":0.6667,\"angle\":0}],\"scale\":[{\"time\":0,\"x\":1,\"y\":1,\"curve\":[0.25,0,0.75,1]},{\"time\":0.3333,\"x\":1.023,\"y\":1,\"curve\":[0.25,0,0.75,1]},{\"time\":0.6667,\"x\":1,\"y\":1}]},\"3D\":{\"translate\":[{\"time\":0,\"x\":0,\"y\":-37.11,\"curve\":[0.25,0,0.75,1]},{\"time\":0.3333,\"x\":0,\"y\":46.71,\"curve\":[0.25,0,0.75,1]},{\"time\":0.6667,\"x\":0,\"y\":-37.11}]},\"Fin4\":{\"rotate\":[{\"time\":0,\"angle\":-26.77,\"curve\":[0.25,0,0.75,1]},{\"time\":0.1667,\"angle\":16.15,\"curve\":[0.25,0,0.75,1]},{\"time\":0.3333,\"angle\":-26.77,\"curve\":[0.25,0,0.75,1]},{\"time\":0.5,\"angle\":16.15,\"curve\":[0.25,0,0.75,1]},{\"time\":0.6667,\"angle\":-26.77}],\"translate\":[{\"time\":0,\"x\":0,\"y\":0,\"curve\":[0.25,0,0.75,1]},{\"time\":0.1667,\"x\":0.13,\"y\":2.81,\"curve\":[0.25,0,0.75,1]},{\"time\":0.3333,\"x\":0.12,\"y\":1.6,\"curve\":[0.25,0,0.75,1]},{\"time\":0.5,\"x\":0.12,\"y\":1.55,\"curve\":[0.25,0,0.75,1]},{\"time\":0.6667,\"x\":0,\"y\":0}]},\"Fin6\":{\"rotate\":[{\"time\":0,\"angle\":14.63,\"curve\":[0.375,0.62,0.716,1]},{\"time\":0.0667,\"angle\":19.06,\"curve\":[0.305,0,0.64,0.36]},{\"time\":0.1,\"angle\":17.7,\"curve\":[0.289,0.17,0.637,0.56]},{\"time\":0.2,\"angle\":6.44,\"curve\":[0.333,0.33,0.68,0.71]},{\"time\":0.3,\"angle\":-6.75,\"curve\":[0.382,0.58,0.731,1]},{\"time\":0.4,\"angle\":-15,\"curve\":[0.243,0,0.68,0.71]},{\"time\":0.6667,\"angle\":14.63}],\"scale\":[{\"time\":0,\"x\":1,\"y\":1,\"curve\":[0.25,0,0.75,1]},{\"time\":0.3333,\"x\":1,\"y\":0.488,\"curve\":[0.25,0,0.75,1]},{\"time\":0.6667,\"x\":1,\"y\":1}]},\"All8\":{\"rotate\":[{\"time\":0,\"angle\":17.7,\"curve\":[0.289,0.17,0.637,0.56]},{\"time\":0.1,\"angle\":6.44,\"curve\":[0.333,0.33,0.68,0.71]},{\"time\":0.2,\"angle\":-6.75,\"curve\":[0.382,0.58,0.731,1]},{\"time\":0.3,\"angle\":-15,\"curve\":[0.25,0,0.75,1]},{\"time\":0.6333,\"angle\":19.06,\"curve\":[0.305,0,0.64,0.36]},{\"time\":0.6667,\"angle\":17.7}],\"scale\":[{\"time\":0,\"x\":1,\"y\":1,\"curve\":[0.25,0,0.75,1]},{\"time\":0.3333,\"x\":1,\"y\":0.501,\"curve\":[0.25,0,0.75,1]},{\"time\":0.6667,\"x\":1,\"y\":1}]},\"All7\":{\"rotate\":[{\"time\":0,\"angle\":1.18,\"curve\":[0.333,0.33,0.68,0.71]},{\"time\":0.1,\"angle\":-6.27,\"curve\":[0.382,0.58,0.731,1]},{\"time\":0.2,\"angle\":-10.93,\"curve\":[0.25,0,0.75,1]},{\"time\":0.5333,\"angle\":8.31,\"curve\":[0.258,0,0.619,0.45]},{\"time\":0.6667,\"angle\":1.18}]},\"All6\":{\"rotate\":[{\"time\":0,\"angle\":-2.37,\"curve\":[0.382,0.58,0.731,1]},{\"time\":0.1,\"angle\":-5.79,\"curve\":[0.25,0,0.75,1]},{\"time\":0.4333,\"angle\":8.35,\"curve\":[0.243,0,0.655,0.63]},{\"time\":0.6667,\"angle\":-2.37}]},\"Fin10\":{\"rotate\":[{\"time\":0,\"angle\":-26.77,\"curve\":[0.25,0,0.75,1]},{\"time\":0.1667,\"angle\":16.15,\"curve\":[0.25,0,0.75,1]},{\"time\":0.3333,\"angle\":-26.77,\"curve\":[0.25,0,0.75,1]},{\"time\":0.5,\"angle\":16.15,\"curve\":[0.25,0,0.75,1]},{\"time\":0.6667,\"angle\":-26.77}],\"translate\":[{\"time\":0,\"x\":0,\"y\":0,\"curve\":[0.25,0,0.75,1]},{\"time\":0.1667,\"x\":0.13,\"y\":2.81,\"curve\":[0.25,0,0.75,1]},{\"time\":0.3333,\"x\":0.12,\"y\":1.6,\"curve\":[0.25,0,0.75,1]},{\"time\":0.5,\"x\":0.12,\"y\":1.55,\"curve\":[0.25,0,0.75,1]},{\"time\":0.6667,\"x\":0,\"y\":0}]},\"Fin11\":{\"rotate\":[{\"time\":0,\"angle\":-26.77,\"curve\":[0.25,0,0.75,1]},{\"time\":0.1667,\"angle\":16.15,\"curve\":[0.25,0,0.75,1]},{\"time\":0.3333,\"angle\":-26.77,\"curve\":[0.25,0,0.75,1]},{\"time\":0.5,\"angle\":16.15,\"curve\":[0.25,0,0.75,1]},{\"time\":0.6667,\"angle\":-26.77}],\"translate\":[{\"time\":0,\"x\":0,\"y\":0,\"curve\":[0.25,0,0.75,1]},{\"time\":0.1667,\"x\":0.13,\"y\":2.81,\"curve\":[0.25,0,0.75,1]},{\"time\":0.3333,\"x\":0.12,\"y\":1.6,\"curve\":[0.25,0,0.75,1]},{\"time\":0.5,\"x\":0.12,\"y\":1.55,\"curve\":[0.25,0,0.75,1]},{\"time\":0.6667,\"x\":0,\"y\":0}]},\"Shadow\":{\"rotate\":[{\"time\":0,\"angle\":-3.26,\"curve\":[0.25,0,0.75,1]},{\"time\":0.3333,\"angle\":4.25,\"curve\":[0.25,0,0.75,1]},{\"time\":0.6667,\"angle\":-3.26}]}}}}}","_skeletonJson":{"skeleton":{"hash":"+MEpb9soo7QynCwC66IMyHnn/cY","spine":"3.7.94","width":47.15,"height":25.84},"bones":[{"name":"root"},{"name":"Scale","parent":"root","scaleX":0.8,"scaleY":0.8},{"name":"All","parent":"Scale","scaleX":0.5,"scaleY":0.5},{"name":"BODY","parent":"All","length":35.5,"rotation":180,"x":54.23,"y":-0.1},{"name":"All3","parent":"BODY","length":18.7,"rotation":-0.61,"x":35.5},{"name":"All4","parent":"All3","length":21.1,"rotation":0.34,"x":18.7},{"name":"All5","parent":"All4","length":21.4,"rotation":0.54,"x":21.1},{"name":"Fin3","parent":"All5","length":21.32,"rotation":0.38,"x":14.47,"y":-0.05},{"name":"Fin1","parent":"All5","x":9.38,"y":0.65},{"name":"Fin2","parent":"BODY","x":35.9,"y":-0.79},{"name":"L_Fin","parent":"BODY","x":29.47,"y":-21.05},{"name":"Fin","parent":"L_Fin","length":12.87,"rotation":-46.26,"x":0.05,"y":-0.69},{"name":"FinUpper","parent":"All5","length":5.2,"rotation":-34.94,"x":-2.02,"y":0.76,"scaleX":1.071,"scaleY":0.916},{"name":"FinUpper2","parent":"FinUpper","length":5.08,"rotation":13.4,"x":5.16},{"name":"FinUpper3","parent":"FinUpper2","length":4.96,"rotation":13.38,"x":5.08},{"name":"FinUpper4","parent":"FinUpper3","length":4.8,"rotation":15.26,"x":4.96},{"name":"FinUpper5","parent":"FinUpper4","length":4.24,"rotation":14.02,"x":4.8},{"name":"FinUpper6","parent":"BODY","length":5.2,"rotation":-33.46,"x":25.24,"y":-0.86,"scaleX":1.071,"scaleY":0.916},{"name":"FinUpper7","parent":"FinUpper6","length":5.08,"rotation":13.4,"x":5.16},{"name":"FinUpper8","parent":"FinUpper7","length":4.96,"rotation":13.38,"x":5.08},{"name":"FinUpper9","parent":"FinUpper8","length":4.8,"rotation":15.26,"x":4.96},{"name":"FinUpper10","parent":"FinUpper9","length":4.24,"rotation":14.02,"x":4.8},{"name":"3D","parent":"All","x":36},{"name":"Position","parent":"All","x":36,"y":100},{"name":"Negative","parent":"All","x":36,"y":100},{"name":"FinUpper11","parent":"Fin3","length":5.2,"rotation":-33.63,"x":1.79,"y":0.72,"scaleX":1.169,"scaleY":0.999},{"name":"FinUpper12","parent":"FinUpper11","length":5.08,"rotation":13.4,"x":5.16},{"name":"FinUpper13","parent":"FinUpper12","length":4.96,"rotation":13.38,"x":5.08},{"name":"FinUpper14","parent":"FinUpper13","length":4.8,"rotation":15.26,"x":4.96},{"name":"FinUpper15","parent":"FinUpper14","length":4.24,"rotation":14.02,"x":4.8},{"name":"Fin5","parent":"Fin3","x":8.49,"y":0.97},{"name":"L_Fin2","parent":"BODY","x":29.47,"y":19.24,"scaleY":-1},{"name":"Fin4","parent":"L_Fin2","length":12.87,"rotation":-46.26,"x":0.05,"y":-0.69},{"name":"Shadow","parent":"All","length":35.5,"rotation":180,"x":6.67,"y":-15.32,"scaleX":0.303,"scaleY":0.303},{"name":"All6","parent":"Shadow","length":18.7,"rotation":-0.61,"x":35.5},{"name":"All7","parent":"All6","length":21.1,"rotation":0.34,"x":18.7},{"name":"All8","parent":"All7","length":21.4,"rotation":0.54,"x":21.1},{"name":"Fin6","parent":"All8","length":21.32,"rotation":0.38,"x":14.47,"y":-0.05},{"name":"L_Fin3","parent":"Shadow","x":29.47,"y":-21.05},{"name":"Fin10","parent":"L_Fin3","length":12.87,"rotation":-46.26,"x":0.05,"y":-0.69},{"name":"L_Fin4","parent":"Shadow","x":29.47,"y":19.24,"scaleY":-1},{"name":"Fin11","parent":"L_Fin4","length":12.87,"rotation":-46.26,"x":0.05,"y":-0.69}],"slots":[{"name":"0_x2/Shadow","bone":"Shadow","attachment":"0_x2/Shadow"},{"name":"Fin","bone":"Fin","attachment":"0_x2/Fin"},{"name":"Fin4","bone":"Fin4","attachment":"0_x2/Fin"},{"name":"Body","bone":"BODY","attachment":"0_x2/Body"},{"name":"Fin3","bone":"Fin5","attachment":"0_x2/Fin3"},{"name":"Fin1","bone":"Fin1","attachment":"0_x2/Fin1"},{"name":"Fin2","bone":"Fin2","attachment":"0_x2/Fin2"},{"name":"FinUpper","bone":"FinUpper","attachment":"0_x2/FinUpper"},{"name":"FinUpper3","bone":"FinUpper11","attachment":"0_x2/FinUpper"},{"name":"FinUpper2","bone":"FinUpper6","attachment":"0_x2/FinUpper"}],"transform":[{"name":"Negative","order":0,"bones":["Negative"],"target":"3D","y":100,"rotateMix":0,"translateMix":-0.25,"scaleMix":0,"shearMix":0},{"name":"Position","order":1,"bones":["Position"],"target":"3D","y":100,"rotateMix":0,"translateMix":0.25,"scaleMix":0,"shearMix":0}],"skins":{"default":{"0_x2/Shadow":{"0_x2/Shadow":{"type":"mesh","color":"ffffff4b","uvs":[0,0.35278,0.18167,0.37836,0.25241,0.33816,0.31608,0.37287,0.4131,0.24682,0.52124,0.14816,0.61725,0.12259,0.63948,0,0.73044,0,0.8315,0.1372,1,0.31259,1,0.65056,0.82847,0.87162,0.72741,1,0.62938,1,0.61624,0.87893,0.5172,0.80768,0.40805,0.69076,0.30193,0.5921,0.20188,0.61585,0.08566,0.67066,0.01188,0.52999],"triangles":[20,21,19,19,21,1,21,0,1,18,3,17,18,19,1,18,1,3,3,1,2,5,17,4,16,17,5,17,3,4,13,14,15,5,6,16,6,15,16,6,7,8,12,13,15,12,15,11,6,10,11,11,15,6,9,6,8,10,6,9],"vertices":[1,37,27.21,-8.93,1,1,37,5.88,-7.03,1,2,36,12.08,-9.61,0.63965,37,-2.46,-9.55,0.36035,3,35,25.78,-7.28,0.17408,36,4.61,-7.32,0.82002,37,-9.91,-7.21,0.00591,4,33,68.54,-15.79,0.00069,34,33.21,-15.44,0.08718,35,14.41,-15.53,0.87514,36,-6.83,-15.46,0.03699,3,33,55.83,-22.21,0.06135,34,20.57,-21.99,0.49012,35,1.74,-22,0.44853,3,33,44.55,-23.87,0.30624,34,9.31,-23.77,0.60266,35,-9.53,-23.72,0.09109,3,33,41.94,-31.84,0.44404,34,6.78,-31.77,0.53778,35,-12.11,-31.7,0.01819,3,33,31.25,-31.84,0.54974,34,-3.91,-31.88,0.44863,35,-22.8,-31.75,0.00163,2,33,19.38,-22.92,0.81308,34,-15.88,-23.09,0.18692,2,33,-0.42,-11.52,0.99977,34,-35.79,-11.9,0.00023,1,33,-0.42,10.45,1,2,33,19.73,24.82,0.81764,34,-16.03,24.65,0.18236,3,33,31.61,33.16,0.57089,34,-4.25,33.12,0.42727,35,-22.75,33.25,0.00184,3,33,43.13,33.16,0.45687,34,7.27,33.24,0.52574,35,-11.23,33.31,0.01739,3,33,44.67,25.29,0.34128,34,8.9,25.39,0.58836,35,-9.65,25.45,0.07036,3,33,56.31,20.66,0.05979,34,20.59,20.88,0.51483,35,2.01,20.87,0.42537,4,33,69.13,13.06,0.00006,34,33.49,13.42,0.07165,35,14.87,13.33,0.88642,36,-6.1,13.39,0.04187,2,35,27.37,6.98,0.06799,36,6.34,6.92,0.93201,2,36,18.1,8.41,0.78305,37,3.68,8.44,0.21695,1,37,17.38,11.84,1,1,37,25.94,2.6,1],"hull":22}},"Body":{"0_x2/Body":{"type":"mesh","uvs":[0,0.57604,0,0.50803,0,0.42516,0.22008,0.30656,0.33311,0.19906,0.43358,0.10352,0.52632,0.05451,0.62945,0,0.8459,0.06068,1,0.33077,1,0.51168,1,0.67165,0.84506,0.93732,0.62598,0.99999,0.5227,0.94695,0.43361,0.9012,0.3249,0.79597,0.21629,0.69083,0.21899,0.50883,0.43566,0.50962,0.6303,0.51033,0.84602,0.51112,0.33002,0.50924,0.5262,0.50995],"triangles":[23,6,20,23,20,14,0,1,18,18,1,2,16,17,22,22,3,4,22,17,18,18,3,22,17,0,18,3,18,2,23,19,5,12,20,21,22,4,19,12,21,11,21,10,11,21,9,10,9,21,8,23,14,15,6,23,5,13,14,20,7,20,6,12,13,20,8,20,7,4,5,19,15,16,19,19,16,22,23,15,19,21,20,8],"vertices":[5,3,96.55,3.17,0.03116,4,61.01,3.82,0.05632,5,42.33,3.57,0.12808,6,21.27,3.37,0.21231,30,-1.67,2.41,0.57212,5,3,96.55,-0.3,0.03066,4,61.05,0.35,0.05701,5,42.35,0.1,0.13109,6,21.25,-0.1,0.21979,30,-1.71,-1.06,0.56145,5,3,96.55,-4.52,0.03497,4,61.1,-3.87,0.06347,5,42.37,-4.12,0.1427,6,21.23,-4.32,0.23656,30,-1.76,-5.29,0.5223,7,3,75.2,-10.57,0.12899,4,39.81,-10.15,0.11822,5,21.05,-10.27,0.22216,6,-0.14,-10.27,0.31905,30,-23.17,-11.09,0.13057,24,-56.98,-89.52,0.0464,23,-56.98,-89.52,0.03461,6,3,64.24,-16.06,0.21542,4,28.91,-15.75,0.13521,5,10.11,-15.81,0.21284,6,-11.13,-15.7,0.25792,24,-46.01,-84.04,0.09207,23,-46.01,-84.04,0.08653,6,3,54.49,-20.93,0.29599,4,19.22,-20.72,0.12299,5,0.39,-20.73,0.1565,6,-20.9,-20.53,0.14856,24,-36.27,-79.17,0.12527,23,-36.27,-79.17,0.1507,6,3,45.5,-23.43,0.30851,4,10.25,-23.32,0.07823,5,-8.59,-23.27,0.08116,6,-29.91,-22.99,0.05952,24,-27.27,-76.67,0.2817,23,-27.27,-76.67,0.19087,6,3,35.49,-26.21,0.36086,4,0.27,-26.21,0.04804,5,-18.58,-26.1,0.04174,6,-39.93,-25.72,0.02433,24,-17.27,-73.89,0.31267,23,-17.27,-73.89,0.21237,6,3,14.5,-23.11,0.46524,4,-20.75,-23.34,0.02877,5,-39.59,-23.1,0.0202,6,-60.91,-22.53,0.00904,24,3.73,-76.98,0.27299,23,3.73,-76.98,0.20376,6,3,-0.45,-9.34,0.63409,4,-35.85,-9.72,0.02226,5,-54.61,-9.4,0.01241,6,-75.79,-8.68,0.004,24,18.68,-90.76,0.13423,23,18.68,-90.76,0.19301,6,3,-0.45,-0.11,0.58041,4,-35.95,-0.5,0.0199,5,-54.65,-0.17,0.01069,6,-75.75,0.54,0.00321,24,18.68,-99.98,0.08872,23,18.68,-99.98,0.29706,6,3,-0.45,8.05,0.65871,4,-36.03,7.66,0.0249,5,-54.69,7.99,0.01407,6,-75.71,8.7,0.00455,24,18.68,-108.14,0.12526,23,18.68,-108.14,0.17251,6,3,14.58,21.6,0.48213,4,-21.15,21.37,0.02979,5,-39.72,21.61,0.02089,6,-60.62,22.18,0.00919,24,3.65,-121.69,0.2487,23,3.65,-121.69,0.2093,6,3,35.83,24.79,0.39926,4,0.07,24.79,0.05214,5,-18.49,24.9,0.04592,6,-39.35,25.28,0.02687,24,-17.6,-124.89,0.2727,23,-17.6,-124.89,0.2031,6,3,45.85,22.09,0.34253,4,10.11,22.2,0.08604,5,-8.46,22.25,0.09085,6,-29.35,22.52,0.06724,24,-27.62,-122.18,0.24436,23,-27.62,-122.18,0.16898,6,3,54.49,19.75,0.2986,4,18.78,19.96,0.12227,5,0.2,19.95,0.1564,6,-20.72,20.15,0.14782,24,-36.26,-119.85,0.15328,23,-36.26,-119.85,0.12163,6,3,65.03,14.39,0.22314,4,29.38,14.7,0.14131,5,10.77,14.64,0.22388,6,-10.2,14.73,0.27084,24,-46.81,-114.48,0.06135,23,-46.81,-114.48,0.07948,7,3,75.57,9.02,0.12596,4,39.97,9.45,0.11896,5,21.33,9.33,0.22462,6,0.31,9.32,0.32151,30,-22.59,8.5,0.14303,24,-57.34,-109.12,0.0245,23,-57.34,-109.12,0.04142,7,3,75.31,-0.26,0.13196,4,39.81,0.17,0.12399,5,21.11,0.04,0.23466,6,0.01,0.04,0.33726,30,-22.95,-0.78,0.11229,24,-57.08,-99.84,0.02055,23,-57.08,-99.84,0.0393,6,3,54.29,-0.22,0.28123,4,18.79,-0.02,0.12253,5,0.09,-0.02,0.15868,6,-21.01,0.18,0.15169,24,-36.07,-99.88,0.06602,23,-36.07,-99.88,0.21985,6,3,35.41,-0.18,0.33063,4,-0.09,-0.18,0.04393,5,-18.79,-0.07,0.0372,6,-39.89,0.31,0.02055,24,-17.19,-99.91,0.0849,23,-17.19,-99.91,0.4828,6,3,14.49,-0.14,0.44824,4,-21.01,-0.37,0.02138,5,-39.71,-0.13,0.01389,6,-60.81,0.44,0.00554,24,3.74,-99.96,0.0979,23,3.74,-99.96,0.41305,6,3,64.54,-0.24,0.21898,4,29.04,0.07,0.1408,5,10.34,0.01,0.22337,6,-10.76,0.11,0.27091,24,-46.31,-99.86,0.03618,23,-46.31,-99.86,0.10976,6,3,45.51,-0.2,0.30469,4,10.01,-0.09,0.08498,5,-8.69,-0.04,0.08985,6,-29.79,0.24,0.06594,24,-27.28,-99.9,0.08127,23,-27.28,-99.9,0.37327],"hull":18}},"Fin":{"0_x2/Fin":{"x":5.69,"y":-1.24,"rotation":-133.74,"width":22,"height":13}},"Fin1":{"0_x2/Fin1":{"x":-0.14,"y":-4.1,"rotation":179.73,"width":24,"height":11}},"Fin2":{"0_x2/Fin2":{"x":0.65,"y":-3.73,"rotation":180,"width":24,"height":10}},"Fin3":{"0_x2/Fin3":{"x":2.79,"y":-1.02,"rotation":179.36,"width":31,"height":16}},"Fin4":{"0_x2/Fin":{"x":5.69,"y":-1.24,"rotation":-133.74,"width":22,"height":13}},"FinUpper":{"0_x2/FinUpper":{"type":"mesh","uvs":[0,0.70894,0,0.35464,0.16813,0.04152,0.36584,0,0.57751,0.03143,0.78825,0.12592,1,0.3545,1,0.6945,0.78825,0.86879,0.57575,0.95714,0.36115,1,0.16781,0.94022],"triangles":[11,0,1,1,2,11,11,2,3,11,3,10,9,3,4,9,10,3,5,9,4,5,8,9,8,5,6,7,8,6],"vertices":[1,16,3.94,0.96,1,2,15,8.82,-0.98,0.00315,16,4.02,-0.99,0.99685,3,14,9.66,-2.65,0.00005,15,4.81,-2.77,0.74958,16,0.18,-2.82,0.25036,3,13,9.74,-2.89,0.00154,14,4.89,-2.79,0.43311,15,0.08,-2.79,0.56534,4,12,9.65,-3.11,0.00124,13,4.67,-2.99,0.55152,14,-0.21,-2.95,0.44633,15,-5.06,-2.82,0.00092,2,12,4.96,-2.6,0.63842,13,-0.14,-2.58,0.36158,1,12,0.35,-1.58,1,1,12,0.59,0.51,1,2,12,5.62,1.87,0.55299,13,0.33,1.8,0.44701,3,13,5.31,2.88,0.56446,14,0.1,2.85,0.43398,15,-4.9,2.97,0.00156,3,13,10.18,2.93,0.00522,14,5,2.95,0.42344,15,0.03,2.95,0.57133,2,15,4.81,2.52,0.67243,16,-0.07,2.54,0.32757],"hull":12}},"FinUpper2":{"0_x2/FinUpper":{"type":"mesh","uvs":[0,0.70894,0,0.35464,0.16813,0.04152,0.36584,0,0.57751,0.03143,0.78825,0.12592,1,0.3545,1,0.6945,0.78825,0.86879,0.57575,0.95714,0.36115,1,0.16781,0.94022],"triangles":[11,0,1,1,2,11,11,2,3,11,3,10,9,10,3,9,3,4,5,9,4,8,5,6,7,8,6,5,8,9],"vertices":[2,20,8.87,1.3,0.22519,21,4.07,1.29,0.77481,3,19,13.8,-0.8,0.00002,20,8.81,-1.02,0.25091,21,4.01,-1.03,0.74907,4,18,14.81,-3.49,0.00039,19,9.76,-3.41,0.10829,20,4.71,-3.53,0.49762,21,-0.1,-3.53,0.3937,5,17,15.2,-3.81,0.00031,18,10.07,-3.74,0.13957,19,5.02,-3.7,0.32573,20,-0.04,-3.7,0.47179,21,-4.85,-3.68,0.06259,4,17,10.08,-3.73,0.15991,18,4.95,-3.7,0.36978,19,-0.1,-3.7,0.32836,20,-5.15,-3.57,0.14195,4,17,5.08,-2.78,0.54816,18,-0.06,-2.78,0.34003,19,-5.12,-2.82,0.11158,20,-10.15,-2.56,0.00023,2,17,0.02,-1.1,0.87947,18,-5.13,-1.14,0.12053,2,17,0.06,1.28,0.851,18,-5.11,1.24,0.149,4,17,5.3,2.34,0.54785,18,0.12,2.34,0.34326,19,-4.98,2.3,0.1085,20,-9.88,2.55,0.00039,4,17,10.53,2.84,0.13856,18,5.24,2.84,0.39205,19,0.02,2.83,0.32594,20,-4.98,2.98,0.14345,4,18,10.1,3.1,0.14281,19,4.96,3.13,0.32264,20,0.04,3.14,0.45266,21,-4.79,3.17,0.08189,4,18,14.85,2.95,0.00131,19,9.75,3.02,0.10587,20,4.86,2.9,0.49834,21,0.07,2.9,0.39448],"hull":12}},"FinUpper3":{"0_x2/FinUpper":{"type":"mesh","uvs":[0,0.70894,0,0.35464,0.16813,0.04152,0.36584,0,0.57751,0.03143,0.78825,0.12592,1,0.3545,1,0.6945,0.78825,0.86879,0.57575,0.95714,0.36115,1,0.16781,0.94022],"triangles":[11,0,1,1,2,11,11,2,3,11,3,10,9,3,4,9,10,3,5,9,4,5,8,9,8,5,6,7,8,6],"vertices":[1,29,3.94,0.96,1,2,28,8.82,-0.98,0.00315,29,4.02,-0.99,0.99685,3,27,9.66,-2.65,0.00005,28,4.81,-2.77,0.74958,29,0.18,-2.82,0.25036,3,26,9.74,-2.89,0.00154,27,4.89,-2.79,0.43311,28,0.08,-2.79,0.56534,4,25,9.65,-3.11,0.00124,26,4.67,-2.99,0.55152,27,-0.21,-2.95,0.44633,28,-5.06,-2.82,0.00092,2,25,4.96,-2.6,0.63842,26,-0.14,-2.58,0.36158,1,25,0.35,-1.58,1,1,25,0.59,0.51,1,2,25,5.62,1.87,0.55299,26,0.33,1.8,0.44701,3,26,5.31,2.88,0.56446,27,0.1,2.85,0.43398,28,-4.9,2.97,0.00156,3,26,10.18,2.93,0.00522,27,5,2.95,0.42344,28,0.03,2.95,0.57133,2,28,4.81,2.52,0.67243,29,-0.07,2.54,0.32757],"hull":12}}}},"animations":{"animation":{"bones":{"BODY":{"rotate":[{"time":0,"angle":-3.26,"curve":[0.25,0,0.75,1]},{"time":0.3333,"angle":4.25,"curve":[0.25,0,0.75,1]},{"time":0.6667,"angle":-3.26}]},"All3":{"rotate":[{"time":0,"angle":-2.37,"curve":[0.382,0.58,0.731,1]},{"time":0.1,"angle":-5.79,"curve":[0.25,0,0.75,1]},{"time":0.4333,"angle":8.35,"curve":[0.243,0,0.655,0.63]},{"time":0.6667,"angle":-2.37}]},"All4":{"rotate":[{"time":0,"angle":1.18,"curve":[0.333,0.33,0.68,0.71]},{"time":0.1,"angle":-6.27,"curve":[0.382,0.58,0.731,1]},{"time":0.2,"angle":-10.93,"curve":[0.25,0,0.75,1]},{"time":0.5333,"angle":8.31,"curve":[0.258,0,0.619,0.45]},{"time":0.6667,"angle":1.18}]},"All5":{"rotate":[{"time":0,"angle":17.7,"curve":[0.289,0.17,0.637,0.56]},{"time":0.1,"angle":6.44,"curve":[0.333,0.33,0.68,0.71]},{"time":0.2,"angle":-6.75,"curve":[0.382,0.58,0.731,1]},{"time":0.3,"angle":-15,"curve":[0.25,0,0.75,1]},{"time":0.6333,"angle":19.06,"curve":[0.305,0,0.64,0.36]},{"time":0.6667,"angle":17.7}]},"Fin3":{"rotate":[{"time":0,"angle":14.63,"curve":[0.375,0.62,0.716,1]},{"time":0.0667,"angle":19.06,"curve":[0.305,0,0.64,0.36]},{"time":0.1,"angle":17.7,"curve":[0.289,0.17,0.637,0.56]},{"time":0.2,"angle":6.44,"curve":[0.333,0.33,0.68,0.71]},{"time":0.3,"angle":-6.75,"curve":[0.382,0.58,0.731,1]},{"time":0.4,"angle":-15,"curve":[0.243,0,0.68,0.71]},{"time":0.6667,"angle":14.63}]},"Fin1":{"scale":[{"time":0,"x":1,"y":1,"curve":[0.25,0,0.75,1]},{"time":0.3333,"x":1,"y":-1,"curve":[0.25,0,0.75,1]},{"time":0.6667,"x":1,"y":1}]},"FinUpper":{"rotate":[{"time":0,"angle":0,"curve":[0.25,0,0.75,1]},{"time":0.3333,"angle":70.12,"curve":[0.25,0,0.75,1]},{"time":0.6667,"angle":0}]},"FinUpper2":{"rotate":[{"time":0,"angle":0,"curve":[0.25,0,0.75,1]},{"time":0.3333,"angle":-25.54,"curve":[0.25,0,0.75,1]},{"time":0.6667,"angle":0}]},"FinUpper3":{"rotate":[{"time":0,"angle":0,"curve":[0.25,0,0.75,1]},{"time":0.3333,"angle":-29.35,"curve":[0.25,0,0.75,1]},{"time":0.6667,"angle":0}]},"FinUpper4":{"rotate":[{"time":0,"angle":0,"curve":[0.25,0,0.75,1]},{"time":0.3333,"angle":-29.35,"curve":[0.25,0,0.75,1]},{"time":0.6667,"angle":0}]},"FinUpper5":{"rotate":[{"time":0,"angle":0,"curve":[0.25,0,0.75,1]},{"time":0.3333,"angle":-29.35,"curve":[0.25,0,0.75,1]},{"time":0.6667,"angle":0}]},"Fin2":{"translate":[{"time":0,"x":-1.26,"y":2.32},{"time":0.3333,"x":-0.76,"y":-3.55},{"time":0.6667,"x":-1.26,"y":2.32}],"scale":[{"time":0,"x":1,"y":-0.552,"curve":[0.25,0,0.75,1]},{"time":0.3333,"x":1,"y":0.558,"curve":[0.25,0,0.75,1]},{"time":0.6667,"x":1,"y":-0.552}]},"FinUpper10":{"rotate":[{"time":0,"angle":-28.21,"curve":[0.25,0,0.75,1]},{"time":0.3333,"angle":-2.27,"curve":[0.25,0,0.75,1]},{"time":0.6667,"angle":-28.21}]},"FinUpper9":{"rotate":[{"time":0,"angle":-37.72,"curve":[0.25,0,0.75,1]},{"time":0.3333,"angle":-2.27,"curve":[0.25,0,0.75,1]},{"time":0.6667,"angle":-37.72}]},"FinUpper8":{"rotate":[{"time":0,"angle":-20.88,"curve":[0.25,0,0.75,1]},{"time":0.3333,"angle":0.72,"curve":[0.25,0,0.75,1]},{"time":0.6667,"angle":-20.88}],"scale":[{"time":0,"x":1,"y":0.822,"curve":"stepped"},{"time":0.3333,"x":1,"y":0.822,"curve":"stepped"},{"time":0.6667,"x":1,"y":0.822}]},"FinUpper7":{"rotate":[{"time":0,"angle":-28.03,"curve":[0.25,0,0.75,1]},{"time":0.3333,"angle":0.72,"curve":[0.25,0,0.75,1]},{"time":0.6667,"angle":-28.03}],"scale":[{"time":0,"x":1,"y":0.822,"curve":"stepped"},{"time":0.3333,"x":1,"y":0.822,"curve":"stepped"},{"time":0.6667,"x":1,"y":0.822}]},"FinUpper6":{"rotate":[{"time":0,"angle":57.66,"curve":[0.25,0,0.75,1]},{"time":0.3333,"angle":9.41,"curve":[0.25,0,0.75,1]},{"time":0.6667,"angle":57.66}],"translate":[{"time":0,"x":-1.26,"y":2.32},{"time":0.3333,"x":-0.76,"y":-3.55},{"time":0.6667,"x":-1.26,"y":2.32}]},"Fin":{"rotate":[{"time":0,"angle":-26.77,"curve":[0.25,0,0.75,1]},{"time":0.1667,"angle":16.15,"curve":[0.25,0,0.75,1]},{"time":0.3333,"angle":-26.77,"curve":[0.25,0,0.75,1]},{"time":0.5,"angle":16.15,"curve":[0.25,0,0.75,1]},{"time":0.6667,"angle":-26.77}],"translate":[{"time":0,"x":0,"y":0,"curve":[0.25,0,0.75,1]},{"time":0.1667,"x":0.13,"y":2.81,"curve":[0.25,0,0.75,1]},{"time":0.3333,"x":0.12,"y":1.6,"curve":[0.25,0,0.75,1]},{"time":0.5,"x":0.12,"y":1.55,"curve":[0.25,0,0.75,1]},{"time":0.6667,"x":0,"y":0}]},"Fin5":{"scale":[{"time":0,"x":1,"y":1,"curve":[0.25,0,0.75,1]},{"time":0.3333,"x":1,"y":-1,"curve":[0.25,0,0.75,1]},{"time":0.6667,"x":1,"y":1}]},"FinUpper11":{"rotate":[{"time":0,"angle":0,"curve":[0.25,0,0.75,1]},{"time":0.3333,"angle":83.01,"curve":[0.25,0,0.75,1]},{"time":0.6667,"angle":0}],"scale":[{"time":0,"x":1,"y":1,"curve":[0.25,0,0.75,1]},{"time":0.3333,"x":1.023,"y":1,"curve":[0.25,0,0.75,1]},{"time":0.6667,"x":1,"y":1}]},"FinUpper15":{"rotate":[{"time":0,"angle":0,"curve":[0.25,0,0.75,1]},{"time":0.3333,"angle":-15.49,"curve":[0.25,0,0.75,1]},{"time":0.6667,"angle":0}],"scale":[{"time":0,"x":1,"y":1,"curve":[0.25,0,0.75,1]},{"time":0.3333,"x":1.023,"y":1,"curve":[0.25,0,0.75,1]},{"time":0.6667,"x":1,"y":1}]},"FinUpper14":{"rotate":[{"time":0,"angle":0,"curve":[0.25,0,0.75,1]},{"time":0.3333,"angle":-24.85,"curve":[0.25,0,0.75,1]},{"time":0.6667,"angle":0}],"scale":[{"time":0,"x":1,"y":1,"curve":[0.25,0,0.75,1]},{"time":0.3333,"x":1.023,"y":1,"curve":[0.25,0,0.75,1]},{"time":0.6667,"x":1,"y":1}]},"FinUpper13":{"rotate":[{"time":0,"angle":0,"curve":[0.25,0,0.75,1]},{"time":0.3333,"angle":-35.13,"curve":[0.25,0,0.75,1]},{"time":0.6667,"angle":0}],"scale":[{"time":0,"x":1,"y":1,"curve":[0.25,0,0.75,1]},{"time":0.3333,"x":1.023,"y":1,"curve":[0.25,0,0.75,1]},{"time":0.6667,"x":1,"y":1}]},"FinUpper12":{"rotate":[{"time":0,"angle":0,"curve":[0.25,0,0.75,1]},{"time":0.3333,"angle":-45.01,"curve":[0.25,0,0.75,1]},{"time":0.6667,"angle":0}],"scale":[{"time":0,"x":1,"y":1,"curve":[0.25,0,0.75,1]},{"time":0.3333,"x":1.023,"y":1,"curve":[0.25,0,0.75,1]},{"time":0.6667,"x":1,"y":1}]},"3D":{"translate":[{"time":0,"x":0,"y":-37.11,"curve":[0.25,0,0.75,1]},{"time":0.3333,"x":0,"y":46.71,"curve":[0.25,0,0.75,1]},{"time":0.6667,"x":0,"y":-37.11}]},"Fin4":{"rotate":[{"time":0,"angle":-26.77,"curve":[0.25,0,0.75,1]},{"time":0.1667,"angle":16.15,"curve":[0.25,0,0.75,1]},{"time":0.3333,"angle":-26.77,"curve":[0.25,0,0.75,1]},{"time":0.5,"angle":16.15,"curve":[0.25,0,0.75,1]},{"time":0.6667,"angle":-26.77}],"translate":[{"time":0,"x":0,"y":0,"curve":[0.25,0,0.75,1]},{"time":0.1667,"x":0.13,"y":2.81,"curve":[0.25,0,0.75,1]},{"time":0.3333,"x":0.12,"y":1.6,"curve":[0.25,0,0.75,1]},{"time":0.5,"x":0.12,"y":1.55,"curve":[0.25,0,0.75,1]},{"time":0.6667,"x":0,"y":0}]},"Fin6":{"rotate":[{"time":0,"angle":14.63,"curve":[0.375,0.62,0.716,1]},{"time":0.0667,"angle":19.06,"curve":[0.305,0,0.64,0.36]},{"time":0.1,"angle":17.7,"curve":[0.289,0.17,0.637,0.56]},{"time":0.2,"angle":6.44,"curve":[0.333,0.33,0.68,0.71]},{"time":0.3,"angle":-6.75,"curve":[0.382,0.58,0.731,1]},{"time":0.4,"angle":-15,"curve":[0.243,0,0.68,0.71]},{"time":0.6667,"angle":14.63}],"scale":[{"time":0,"x":1,"y":1,"curve":[0.25,0,0.75,1]},{"time":0.3333,"x":1,"y":0.488,"curve":[0.25,0,0.75,1]},{"time":0.6667,"x":1,"y":1}]},"All8":{"rotate":[{"time":0,"angle":17.7,"curve":[0.289,0.17,0.637,0.56]},{"time":0.1,"angle":6.44,"curve":[0.333,0.33,0.68,0.71]},{"time":0.2,"angle":-6.75,"curve":[0.382,0.58,0.731,1]},{"time":0.3,"angle":-15,"curve":[0.25,0,0.75,1]},{"time":0.6333,"angle":19.06,"curve":[0.305,0,0.64,0.36]},{"time":0.6667,"angle":17.7}],"scale":[{"time":0,"x":1,"y":1,"curve":[0.25,0,0.75,1]},{"time":0.3333,"x":1,"y":0.501,"curve":[0.25,0,0.75,1]},{"time":0.6667,"x":1,"y":1}]},"All7":{"rotate":[{"time":0,"angle":1.18,"curve":[0.333,0.33,0.68,0.71]},{"time":0.1,"angle":-6.27,"curve":[0.382,0.58,0.731,1]},{"time":0.2,"angle":-10.93,"curve":[0.25,0,0.75,1]},{"time":0.5333,"angle":8.31,"curve":[0.258,0,0.619,0.45]},{"time":0.6667,"angle":1.18}]},"All6":{"rotate":[{"time":0,"angle":-2.37,"curve":[0.382,0.58,0.731,1]},{"time":0.1,"angle":-5.79,"curve":[0.25,0,0.75,1]},{"time":0.4333,"angle":8.35,"curve":[0.243,0,0.655,0.63]},{"time":0.6667,"angle":-2.37}]},"Fin10":{"rotate":[{"time":0,"angle":-26.77,"curve":[0.25,0,0.75,1]},{"time":0.1667,"angle":16.15,"curve":[0.25,0,0.75,1]},{"time":0.3333,"angle":-26.77,"curve":[0.25,0,0.75,1]},{"time":0.5,"angle":16.15,"curve":[0.25,0,0.75,1]},{"time":0.6667,"angle":-26.77}],"translate":[{"time":0,"x":0,"y":0,"curve":[0.25,0,0.75,1]},{"time":0.1667,"x":0.13,"y":2.81,"curve":[0.25,0,0.75,1]},{"time":0.3333,"x":0.12,"y":1.6,"curve":[0.25,0,0.75,1]},{"time":0.5,"x":0.12,"y":1.55,"curve":[0.25,0,0.75,1]},{"time":0.6667,"x":0,"y":0}]},"Fin11":{"rotate":[{"time":0,"angle":-26.77,"curve":[0.25,0,0.75,1]},{"time":0.1667,"angle":16.15,"curve":[0.25,0,0.75,1]},{"time":0.3333,"angle":-26.77,"curve":[0.25,0,0.75,1]},{"time":0.5,"angle":16.15,"curve":[0.25,0,0.75,1]},{"time":0.6667,"angle":-26.77}],"translate":[{"time":0,"x":0,"y":0,"curve":[0.25,0,0.75,1]},{"time":0.1667,"x":0.13,"y":2.81,"curve":[0.25,0,0.75,1]},{"time":0.3333,"x":0.12,"y":1.6,"curve":[0.25,0,0.75,1]},{"time":0.5,"x":0.12,"y":1.55,"curve":[0.25,0,0.75,1]},{"time":0.6667,"x":0,"y":0}]},"Shadow":{"rotate":[{"time":0,"angle":-3.26,"curve":[0.25,0,0.75,1]},{"time":0.3333,"angle":4.25,"curve":[0.25,0,0.75,1]},{"time":0.6667,"angle":-3.26}]}}}}},"_atlasText":"\nFish1992.png\nsize: 1024,1024\nformat: RGBA8888\nfilter: Linear,Linear\nrepeat: none\n0_x2/Body\n  rotate: true\n  xy: 533, 2\n  size: 49, 26\n  orig: 49, 26\n  offset: 0, 0\n  index: -1\n0_x2/Fin\n  rotate: true\n  xy: 969, 946\n  size: 11, 7\n  orig: 11, 7\n  offset: 0, 0\n  index: -1\n0_x2/Fin1\n  rotate: false\n  xy: 193, 302\n  size: 12, 6\n  orig: 12, 6\n  offset: 0, 0\n  index: -1\n0_x2/Fin2\n  rotate: true\n  xy: 1017, 730\n  size: 12, 5\n  orig: 12, 5\n  offset: 0, 0\n  index: -1\n0_x2/Fin3\n  rotate: false\n  xy: 560, 379\n  size: 16, 8\n  orig: 16, 8\n  offset: 0, 0\n  index: -1\n0_x2/FinUpper\n  rotate: true\n  xy: 341, 744\n  size: 12, 4\n  orig: 12, 4\n  offset: 0, 0\n  index: -1\n0_x2/Shadow\n  rotate: false\n  xy: 788, 642\n  size: 47, 26\n  orig: 47, 26\n  offset: 0, 0\n  index: -1\n","textures":[{"__uuid__":"9by7GcOfRMaIxdhcHI+96q"}],"textureNames":["Fish1992.png"]}