{"__type__":"sp.SkeletonData","_name":"FX_Impact_Bullet","skeletonJsonStr":"{\"skeleton\":{\"hash\":\"2+SjvJfpWtykkgGTPZBHHE8yReQ\",\"spine\":\"3.7.94\",\"width\":42.75,\"height\":37.52,\"images\":\"./images/\",\"audio\":\"\"},\"bones\":[{\"name\":\"root\"},{\"name\":\"FX\",\"parent\":\"root\",\"scaleX\":0.7,\"scaleY\":0.7},{\"name\":\"4/FX (1)\",\"parent\":\"FX\",\"x\":-0.19,\"y\":2.98,\"scaleX\":0.8,\"scaleY\":0.8},{\"name\":\"Bubble\",\"parent\":\"FX\"},{\"name\":\"VFX_Web_Bubble\",\"parent\":\"Bubble\",\"x\":-0.2,\"y\":-0.64,\"scaleX\":0.202,\"scaleY\":0.202},{\"name\":\"VFX_Web_Bubble2\",\"parent\":\"Bubble\",\"x\":30.83,\"y\":13.68,\"scaleX\":0.064,\"scaleY\":0.064},{\"name\":\"VFX_Web_Bubble3\",\"parent\":\"Bubble\",\"x\":-5.25,\"y\":4.49,\"scaleX\":0.123,\"scaleY\":0.123},{\"name\":\"VFX_Web_Bubble4\",\"parent\":\"Bubble\",\"x\":2.82,\"y\":-5.11,\"scaleX\":0.143,\"scaleY\":0.143},{\"name\":\"VFX_Web_Bubble5\",\"parent\":\"Bubble\",\"x\":-9.59,\"y\":12.62,\"scaleX\":0.082,\"scaleY\":0.082},{\"name\":\"VFX_Web_Bubble6\",\"parent\":\"Bubble\",\"x\":-5.96,\"y\":-3.5,\"scaleX\":0.149,\"scaleY\":0.149},{\"name\":\"VFX_Web_Bubble7\",\"parent\":\"Bubble\",\"x\":14.24,\"y\":0.08,\"scaleX\":0.096,\"scaleY\":0.096}],\"slots\":[{\"name\":\"VFX_Web_Bubble\",\"bone\":\"VFX_Web_Bubble\",\"attachment\":\"VFX_Web_Bubble\"},{\"name\":\"VFX_Web_Bubble2\",\"bone\":\"VFX_Web_Bubble2\",\"attachment\":\"VFX_Web_Bubble\"},{\"name\":\"VFX_Web_Bubble5\",\"bone\":\"VFX_Web_Bubble5\",\"attachment\":\"VFX_Web_Bubble\"},{\"name\":\"VFX_Web_Bubble7\",\"bone\":\"VFX_Web_Bubble7\",\"attachment\":\"VFX_Web_Bubble\"},{\"name\":\"VFX_Web_Bubble6\",\"bone\":\"VFX_Web_Bubble6\",\"attachment\":\"VFX_Web_Bubble\"},{\"name\":\"VFX_Web_Bubble3\",\"bone\":\"VFX_Web_Bubble3\",\"attachment\":\"VFX_Web_Bubble\"},{\"name\":\"VFX_Web_Bubble4\",\"bone\":\"VFX_Web_Bubble4\",\"attachment\":\"VFX_Web_Bubble\"},{\"name\":\"4/FX (1)\",\"bone\":\"4/FX (1)\",\"color\":\"ffebbedb\",\"attachment\":\"4/FX (1)\"}],\"skins\":{\"default\":{\"4/FX (1)\":{\"4/FX (1)\":{\"x\":-0.81,\"y\":3.02,\"width\":67,\"height\":67},\"4/FX (3)\":{\"x\":-0.81,\"y\":3.02,\"width\":250,\"height\":250},\"4/FX (5)\":{\"x\":-0.81,\"y\":3.02,\"width\":250,\"height\":250},\"4/FX (7)\":{\"x\":-0.81,\"y\":3.02,\"width\":302,\"height\":302},\"4/FX (9)\":{\"x\":-0.81,\"y\":3.02,\"width\":250,\"height\":250},\"4/FX (11)\":{\"x\":-0.81,\"y\":3.02,\"width\":250,\"height\":250},\"4/FX (13)\":{\"x\":-0.81,\"y\":3.02,\"width\":250,\"height\":250},\"4/FX (15)\":{\"x\":-0.81,\"y\":3.02,\"width\":250,\"height\":250},\"4/FX (17)\":{\"x\":-0.81,\"y\":3.02,\"width\":250,\"height\":250},\"4/FX (19)\":{\"x\":-0.81,\"y\":3.02,\"width\":250,\"height\":250}},\"VFX_Web_Bubble\":{\"VFX_Web_Bubble\":{\"x\":0.77,\"y\":-0.56,\"width\":80,\"height\":80}},\"VFX_Web_Bubble2\":{\"VFX_Web_Bubble\":{\"x\":0.77,\"y\":-0.56,\"width\":80,\"height\":80}},\"VFX_Web_Bubble3\":{\"VFX_Web_Bubble\":{\"x\":0.77,\"y\":-0.56,\"width\":80,\"height\":80}},\"VFX_Web_Bubble4\":{\"VFX_Web_Bubble\":{\"x\":0.77,\"y\":-0.56,\"width\":80,\"height\":80}},\"VFX_Web_Bubble5\":{\"VFX_Web_Bubble\":{\"x\":0.77,\"y\":-0.56,\"width\":80,\"height\":80}},\"VFX_Web_Bubble6\":{\"VFX_Web_Bubble\":{\"x\":0.77,\"y\":-0.56,\"width\":80,\"height\":80}},\"VFX_Web_Bubble7\":{\"VFX_Web_Bubble\":{\"x\":0.77,\"y\":-0.56,\"width\":80,\"height\":80}}}},\"animations\":{\"animation\":{\"slots\":{\"4/FX (1)\":{\"attachment\":[{\"time\":0,\"name\":null},{\"time\":0.0667,\"name\":\"4/FX (3)\"},{\"time\":0.1333,\"name\":\"4/FX (5)\"},{\"time\":0.2,\"name\":\"4/FX (7)\"},{\"time\":0.2667,\"name\":\"4/FX (9)\"},{\"time\":0.3,\"name\":\"4/FX (11)\"},{\"time\":0.3333,\"name\":\"4/FX (13)\"},{\"time\":0.3667,\"name\":\"4/FX (15)\"},{\"time\":0.4,\"name\":\"4/FX (17)\"},{\"time\":0.4333,\"name\":\"4/FX (19)\"},{\"time\":0.4667,\"name\":null}]},\"VFX_Web_Bubble\":{\"color\":[{\"time\":0.3,\"color\":\"ffffffff\"},{\"time\":0.6667,\"color\":\"ffffff00\"}]},\"VFX_Web_Bubble2\":{\"color\":[{\"time\":0.6333,\"color\":\"ffffffff\"},{\"time\":0.8,\"color\":\"ffffff00\"}]},\"VFX_Web_Bubble3\":{\"color\":[{\"time\":0.3667,\"color\":\"ffffffff\"},{\"time\":0.6333,\"color\":\"ffffff00\"}]},\"VFX_Web_Bubble4\":{\"color\":[{\"time\":0.3333,\"color\":\"ffffffff\"},{\"time\":0.5667,\"color\":\"ffffff00\"}]},\"VFX_Web_Bubble5\":{\"color\":[{\"time\":0.6333,\"color\":\"ffffffff\"},{\"time\":0.8,\"color\":\"ffffff00\"}]},\"VFX_Web_Bubble6\":{\"color\":[{\"time\":0.5667,\"color\":\"ffffffff\"},{\"time\":0.7333,\"color\":\"ffffff00\"}]},\"VFX_Web_Bubble7\":{\"color\":[{\"time\":0.6333,\"color\":\"ffffffff\"},{\"time\":0.8,\"color\":\"ffffff00\"}]}},\"bones\":{\"4/FX (1)\":{\"scale\":[{\"time\":0.3333,\"x\":1,\"y\":1},{\"time\":0.4667,\"x\":0.845,\"y\":0.845}]},\"VFX_Web_Bubble\":{\"translate\":[{\"time\":0.0667,\"x\":0,\"y\":0,\"curve\":[0,0.17,0.433,1]},{\"time\":0.7,\"x\":-37.38,\"y\":97.06}],\"scale\":[{\"time\":0.0667,\"x\":1,\"y\":1,\"curve\":[0,0.15,0.015,0.91]},{\"time\":0.7,\"x\":4.078,\"y\":4.078}]},\"VFX_Web_Bubble2\":{\"translate\":[{\"time\":0.1667,\"x\":0,\"y\":0,\"curve\":[0,0.17,0.433,1]},{\"time\":0.8,\"x\":31.74,\"y\":45.64}],\"scale\":[{\"time\":0.1667,\"x\":1,\"y\":1,\"curve\":[0,0.15,0.015,0.91]},{\"time\":0.8,\"x\":4.078,\"y\":4.078}]},\"VFX_Web_Bubble3\":{\"translate\":[{\"time\":0.0667,\"x\":0,\"y\":0,\"curve\":[0,0.17,0.433,1]},{\"time\":0.6667,\"x\":-82.5,\"y\":-3.54}],\"scale\":[{\"time\":0.0667,\"x\":1,\"y\":1,\"curve\":[0,0.15,0.015,0.91]},{\"time\":0.6667,\"x\":4.078,\"y\":4.078}]},\"VFX_Web_Bubble4\":{\"translate\":[{\"time\":0.0667,\"x\":0,\"y\":0,\"curve\":[0,0.17,0.433,1]},{\"time\":0.6,\"x\":18.87,\"y\":-13.33}],\"scale\":[{\"time\":0.0667,\"x\":1,\"y\":1,\"curve\":[0,0.15,0.015,0.91]},{\"time\":0.6,\"x\":4.453,\"y\":4.453}]},\"VFX_Web_Bubble5\":{\"translate\":[{\"time\":0.1667,\"x\":0,\"y\":0,\"curve\":[0,0.17,0.433,1]},{\"time\":0.8,\"x\":-33.87,\"y\":21.71}],\"scale\":[{\"time\":0.1667,\"x\":1,\"y\":1,\"curve\":[0,0.15,0.015,0.91]},{\"time\":0.8,\"x\":4.078,\"y\":4.078}]},\"VFX_Web_Bubble6\":{\"translate\":[{\"time\":0.1333,\"x\":0,\"y\":0,\"curve\":[0,0.17,0.433,1]},{\"time\":0.7667,\"x\":-32.67,\"y\":-44.78}],\"scale\":[{\"time\":0.1333,\"x\":1,\"y\":1,\"curve\":[0,0.15,0.015,0.91]},{\"time\":0.7667,\"x\":4.078,\"y\":4.078}]},\"VFX_Web_Bubble7\":{\"translate\":[{\"time\":0.1667,\"x\":0,\"y\":0,\"curve\":[0,0.17,0.433,1]},{\"time\":0.8,\"x\":41.72,\"y\":16.58}],\"scale\":[{\"time\":0.1667,\"x\":1,\"y\":1,\"curve\":[0,0.15,0.015,0.91]},{\"time\":0.8,\"x\":4.078,\"y\":4.078}]}}}}}","_skeletonJson":{"skeleton":{"hash":"2+SjvJfpWtykkgGTPZBHHE8yReQ","spine":"3.7.94","width":42.75,"height":37.52,"images":"./images/","audio":""},"bones":[{"name":"root"},{"name":"FX","parent":"root","scaleX":0.7,"scaleY":0.7},{"name":"4/FX (1)","parent":"FX","x":-0.19,"y":2.98,"scaleX":0.8,"scaleY":0.8},{"name":"Bubble","parent":"FX"},{"name":"VFX_Web_Bubble","parent":"Bubble","x":-0.2,"y":-0.64,"scaleX":0.202,"scaleY":0.202},{"name":"VFX_Web_Bubble2","parent":"Bubble","x":30.83,"y":13.68,"scaleX":0.064,"scaleY":0.064},{"name":"VFX_Web_Bubble3","parent":"Bubble","x":-5.25,"y":4.49,"scaleX":0.123,"scaleY":0.123},{"name":"VFX_Web_Bubble4","parent":"Bubble","x":2.82,"y":-5.11,"scaleX":0.143,"scaleY":0.143},{"name":"VFX_Web_Bubble5","parent":"Bubble","x":-9.59,"y":12.62,"scaleX":0.082,"scaleY":0.082},{"name":"VFX_Web_Bubble6","parent":"Bubble","x":-5.96,"y":-3.5,"scaleX":0.149,"scaleY":0.149},{"name":"VFX_Web_Bubble7","parent":"Bubble","x":14.24,"y":0.08,"scaleX":0.096,"scaleY":0.096}],"slots":[{"name":"VFX_Web_Bubble","bone":"VFX_Web_Bubble","attachment":"VFX_Web_Bubble"},{"name":"VFX_Web_Bubble2","bone":"VFX_Web_Bubble2","attachment":"VFX_Web_Bubble"},{"name":"VFX_Web_Bubble5","bone":"VFX_Web_Bubble5","attachment":"VFX_Web_Bubble"},{"name":"VFX_Web_Bubble7","bone":"VFX_Web_Bubble7","attachment":"VFX_Web_Bubble"},{"name":"VFX_Web_Bubble6","bone":"VFX_Web_Bubble6","attachment":"VFX_Web_Bubble"},{"name":"VFX_Web_Bubble3","bone":"VFX_Web_Bubble3","attachment":"VFX_Web_Bubble"},{"name":"VFX_Web_Bubble4","bone":"VFX_Web_Bubble4","attachment":"VFX_Web_Bubble"},{"name":"4/FX (1)","bone":"4/FX (1)","color":"ffebbedb","attachment":"4/FX (1)"}],"skins":{"default":{"4/FX (1)":{"4/FX (1)":{"x":-0.81,"y":3.02,"width":67,"height":67},"4/FX (3)":{"x":-0.81,"y":3.02,"width":250,"height":250},"4/FX (5)":{"x":-0.81,"y":3.02,"width":250,"height":250},"4/FX (7)":{"x":-0.81,"y":3.02,"width":302,"height":302},"4/FX (9)":{"x":-0.81,"y":3.02,"width":250,"height":250},"4/FX (11)":{"x":-0.81,"y":3.02,"width":250,"height":250},"4/FX (13)":{"x":-0.81,"y":3.02,"width":250,"height":250},"4/FX (15)":{"x":-0.81,"y":3.02,"width":250,"height":250},"4/FX (17)":{"x":-0.81,"y":3.02,"width":250,"height":250},"4/FX (19)":{"x":-0.81,"y":3.02,"width":250,"height":250}},"VFX_Web_Bubble":{"VFX_Web_Bubble":{"x":0.77,"y":-0.56,"width":80,"height":80}},"VFX_Web_Bubble2":{"VFX_Web_Bubble":{"x":0.77,"y":-0.56,"width":80,"height":80}},"VFX_Web_Bubble3":{"VFX_Web_Bubble":{"x":0.77,"y":-0.56,"width":80,"height":80}},"VFX_Web_Bubble4":{"VFX_Web_Bubble":{"x":0.77,"y":-0.56,"width":80,"height":80}},"VFX_Web_Bubble5":{"VFX_Web_Bubble":{"x":0.77,"y":-0.56,"width":80,"height":80}},"VFX_Web_Bubble6":{"VFX_Web_Bubble":{"x":0.77,"y":-0.56,"width":80,"height":80}},"VFX_Web_Bubble7":{"VFX_Web_Bubble":{"x":0.77,"y":-0.56,"width":80,"height":80}}}},"animations":{"animation":{"slots":{"4/FX (1)":{"attachment":[{"time":0,"name":null},{"time":0.0667,"name":"4/FX (3)"},{"time":0.1333,"name":"4/FX (5)"},{"time":0.2,"name":"4/FX (7)"},{"time":0.2667,"name":"4/FX (9)"},{"time":0.3,"name":"4/FX (11)"},{"time":0.3333,"name":"4/FX (13)"},{"time":0.3667,"name":"4/FX (15)"},{"time":0.4,"name":"4/FX (17)"},{"time":0.4333,"name":"4/FX (19)"},{"time":0.4667,"name":null}]},"VFX_Web_Bubble":{"color":[{"time":0.3,"color":"ffffffff"},{"time":0.6667,"color":"ffffff00"}]},"VFX_Web_Bubble2":{"color":[{"time":0.6333,"color":"ffffffff"},{"time":0.8,"color":"ffffff00"}]},"VFX_Web_Bubble3":{"color":[{"time":0.3667,"color":"ffffffff"},{"time":0.6333,"color":"ffffff00"}]},"VFX_Web_Bubble4":{"color":[{"time":0.3333,"color":"ffffffff"},{"time":0.5667,"color":"ffffff00"}]},"VFX_Web_Bubble5":{"color":[{"time":0.6333,"color":"ffffffff"},{"time":0.8,"color":"ffffff00"}]},"VFX_Web_Bubble6":{"color":[{"time":0.5667,"color":"ffffffff"},{"time":0.7333,"color":"ffffff00"}]},"VFX_Web_Bubble7":{"color":[{"time":0.6333,"color":"ffffffff"},{"time":0.8,"color":"ffffff00"}]}},"bones":{"4/FX (1)":{"scale":[{"time":0.3333,"x":1,"y":1},{"time":0.4667,"x":0.845,"y":0.845}]},"VFX_Web_Bubble":{"translate":[{"time":0.0667,"x":0,"y":0,"curve":[0,0.17,0.433,1]},{"time":0.7,"x":-37.38,"y":97.06}],"scale":[{"time":0.0667,"x":1,"y":1,"curve":[0,0.15,0.015,0.91]},{"time":0.7,"x":4.078,"y":4.078}]},"VFX_Web_Bubble2":{"translate":[{"time":0.1667,"x":0,"y":0,"curve":[0,0.17,0.433,1]},{"time":0.8,"x":31.74,"y":45.64}],"scale":[{"time":0.1667,"x":1,"y":1,"curve":[0,0.15,0.015,0.91]},{"time":0.8,"x":4.078,"y":4.078}]},"VFX_Web_Bubble3":{"translate":[{"time":0.0667,"x":0,"y":0,"curve":[0,0.17,0.433,1]},{"time":0.6667,"x":-82.5,"y":-3.54}],"scale":[{"time":0.0667,"x":1,"y":1,"curve":[0,0.15,0.015,0.91]},{"time":0.6667,"x":4.078,"y":4.078}]},"VFX_Web_Bubble4":{"translate":[{"time":0.0667,"x":0,"y":0,"curve":[0,0.17,0.433,1]},{"time":0.6,"x":18.87,"y":-13.33}],"scale":[{"time":0.0667,"x":1,"y":1,"curve":[0,0.15,0.015,0.91]},{"time":0.6,"x":4.453,"y":4.453}]},"VFX_Web_Bubble5":{"translate":[{"time":0.1667,"x":0,"y":0,"curve":[0,0.17,0.433,1]},{"time":0.8,"x":-33.87,"y":21.71}],"scale":[{"time":0.1667,"x":1,"y":1,"curve":[0,0.15,0.015,0.91]},{"time":0.8,"x":4.078,"y":4.078}]},"VFX_Web_Bubble6":{"translate":[{"time":0.1333,"x":0,"y":0,"curve":[0,0.17,0.433,1]},{"time":0.7667,"x":-32.67,"y":-44.78}],"scale":[{"time":0.1333,"x":1,"y":1,"curve":[0,0.15,0.015,0.91]},{"time":0.7667,"x":4.078,"y":4.078}]},"VFX_Web_Bubble7":{"translate":[{"time":0.1667,"x":0,"y":0,"curve":[0,0.17,0.433,1]},{"time":0.8,"x":41.72,"y":16.58}],"scale":[{"time":0.1667,"x":1,"y":1,"curve":[0,0.15,0.015,0.91]},{"time":0.8,"x":4.078,"y":4.078}]}}}}},"_atlasText":"\nFX_Impact_Bullet.png\nsize: 468,442\nformat: RGBA8888\nfilter: Linear,Linear\nrepeat: none\n4/FX (1)\n  rotate: false\n  xy: 112, 70\n  size: 35, 35\n  orig: 47, 47\n  offset: 6, 6\n  index: -1\n4/FX (11)\n  rotate: false\n  xy: 2, 107\n  size: 160, 165\n  orig: 175, 175\n  offset: 12, 6\n  index: -1\n4/FX (13)\n  rotate: true\n  xy: 169, 134\n  size: 149, 152\n  orig: 175, 175\n  offset: 13, 10\n  index: -1\n4/FX (15)\n  rotate: true\n  xy: 327, 307\n  size: 133, 139\n  orig: 175, 175\n  offset: 23, 17\n  index: -1\n4/FX (17)\n  rotate: false\n  xy: 323, 44\n  size: 131, 129\n  orig: 175, 175\n  offset: 26, 23\n  index: -1\n4/FX (19)\n  rotate: false\n  xy: 327, 175\n  size: 132, 130\n  orig: 175, 175\n  offset: 25, 23\n  index: -1\n4/FX (3)\n  rotate: false\n  xy: 2, 2\n  size: 108, 103\n  orig: 175, 175\n  offset: 36, 33\n  index: -1\n4/FX (5)\n  rotate: false\n  xy: 164, 9\n  size: 144, 123\n  orig: 175, 175\n  offset: 26, 26\n  index: -1\n4/FX (7)\n  rotate: false\n  xy: 169, 285\n  size: 156, 155\n  orig: 211, 211\n  offset: 31, 25\n  index: -1\n4/FX (9)\n  rotate: false\n  xy: 2, 274\n  size: 165, 166\n  orig: 175, 175\n  offset: 10, 6\n  index: -1\nVFX_Web_Bubble\n  rotate: true\n  xy: 112, 32\n  size: 36, 34\n  orig: 56, 56\n  offset: 10, 12\n  index: -1\n","textures":[{"__uuid__":"0f4JwsosBBFYiURF+JKygW"}],"textureNames":["FX_Impact_Bullet.png"]}