[{"__type__":"cc.Prefab","_name":"Dragon","data":{"__id__":1}},{"__type__":"cc.Node","_name":"Dragon","_children":[{"__id__":2}],"_level":1,"_components":[{"__type__":"3d359IVaRRIFYny/X9jixMi","node":{"__id__":1},"_isOutScreen":false,"_HIT_COLOR":null,"fishAnim":{"__id__":3}},{"__id__":3},{"__type__":"cc.BoxCollider","node":{"__id__":1},"_offset":{"__type__":"cc.Vec2","x":-1060,"y":640},"_size":{"__type__":"cc.Size","width":100,"height":80}},{"__type__":"cc.BoxCollider","node":{"__id__":1},"_offset":{"__type__":"cc.Vec2","x":-1060,"y":640},"_size":{"__type__":"cc.Size","width":80.4,"height":80.4}},{"__type__":"cc.BoxCollider","node":{"__id__":1},"_offset":{"__type__":"cc.Vec2","x":-1060,"y":640},"_size":{"__type__":"cc.Size","width":80.4,"height":80.4}},{"__type__":"cc.BoxCollider","node":{"__id__":1},"_offset":{"__type__":"cc.Vec2","x":-1060,"y":640},"_size":{"__type__":"cc.Size","width":80.4,"height":80.4}},{"__type__":"cc.BoxCollider","node":{"__id__":1},"_offset":{"__type__":"cc.Vec2","x":-1060,"y":640},"_size":{"__type__":"cc.Size","width":80.4,"height":80.4}},{"__type__":"cc.BoxCollider","node":{"__id__":1},"_offset":{"__type__":"cc.Vec2","x":-1060,"y":640},"_size":{"__type__":"cc.Size","width":80.4,"height":80.4}},{"__type__":"cc.BoxCollider","node":{"__id__":1},"_offset":{"__type__":"cc.Vec2","x":-1060,"y":640},"_size":{"__type__":"cc.Size","width":80.4,"height":80.4}},{"__type__":"cc.BoxCollider","node":{"__id__":1},"_offset":{"__type__":"cc.Vec2","x":-1060,"y":640},"_size":{"__type__":"cc.Size","width":80.4,"height":80.4}},{"__type__":"cc.BoxCollider","node":{"__id__":1},"_offset":{"__type__":"cc.Vec2","x":-1060,"y":640},"_size":{"__type__":"cc.Size","width":80.4,"height":80.4}},{"__type__":"cc.BoxCollider","node":{"__id__":1},"_offset":{"__type__":"cc.Vec2","x":-1060,"y":640},"_size":{"__type__":"cc.Size","width":80.4,"height":80.4}},{"__type__":"cc.BoxCollider","node":{"__id__":1},"_offset":{"__type__":"cc.Vec2","x":-1060,"y":640},"_size":{"__type__":"cc.Size","width":80.4,"height":80.4}},{"__type__":"cc.BoxCollider","node":{"__id__":1},"_offset":{"__type__":"cc.Vec2","x":-1060,"y":640},"_size":{"__type__":"cc.Size","width":80.4,"height":80.4}},{"__type__":"cc.BoxCollider","node":{"__id__":1},"_offset":{"__type__":"cc.Vec2","x":-1060,"y":640},"_size":{"__type__":"cc.Size","width":80.4,"height":80.4}},{"__type__":"cc.BoxCollider","node":{"__id__":1},"_offset":{"__type__":"cc.Vec2","x":-1060,"y":640},"_size":{"__type__":"cc.Size","width":80.4,"height":80.4}},{"__type__":"cc.BoxCollider","node":{"__id__":1},"_offset":{"__type__":"cc.Vec2","x":-1060,"y":640},"_size":{"__type__":"cc.Size","width":80.4,"height":80.4}},{"__type__":"cc.BoxCollider","node":{"__id__":1},"_offset":{"__type__":"cc.Vec2","x":-1060,"y":640},"_size":{"__type__":"cc.Size","width":80.4,"height":80.4}},{"__type__":"cc.BoxCollider","node":{"__id__":1},"_offset":{"__type__":"cc.Vec2","x":-1060,"y":640},"_size":{"__type__":"cc.Size","width":80.4,"height":80.4}},{"__type__":"cc.BoxCollider","node":{"__id__":1},"_offset":{"__type__":"cc.Vec2","x":-1060,"y":640},"_size":{"__type__":"cc.Size","width":80,"height":80}}],"_prefab":{"__type__":"cc.PrefabInfo","root":{"__id__":1},"asset":{"__uuid__":"fc7b8uuOxBO7+H+m93VERF"},"fileId":"03TfudVg5AF7/clmg87II9"},"_opacity":0,"_contentSize":{"__type__":"cc.Size","width":1008.29,"height":215.6},"groupIndex":4},{"__type__":"cc.PrivateNode","_name":"DEBUG_DRAW_NODE","_objFlags":1024,"_parent":{"__id__":1},"_level":2,"_components":[{"__type__":"cc.Graphics","node":{"__id__":2},"_materials":[{"__uuid__":"6fgBCSDDdPMInvyNlggls2"}],"_strokeColor":{"__type__":"cc.Color","r":255}}],"_prefab":{"__type__":"cc.PrefabInfo","root":{"__id__":1},"asset":{"__uuid__":"fc7b8uuOxBO7+H+m93VERF"},"fileId":"0bUQ7r/NVIxY/Znx3dT1KW"}},{"__type__":"sp.Skeleton","node":{"__id__":1},"_materials":[{"__uuid__":"4bWNXBMS9MrI80HvJZZB8e"}],"_preCacheMode":0,"loop":false,"premultipliedAlpha":false,"_animationName":"Swim In","_playTimes":1,"_N$skeletonData":{"__uuid__":"1a2/7/nnlIi5x9vB1rFKxF"}}]