[{"__type__":"cc.Prefab","_name":"BubbleTransition","data":{"__id__":1}},{"__type__":"cc.Node","_name":"Bubble","_level":1,"_components":[{"__type__":"cc.Sprite","node":{"__id__":1},"_materials":[{"__uuid__":"ecpdLyjvZBwrvm+cedCcQy"}],"_spriteFrame":{"__uuid__":"74zGlzvGdOA6yRurIrfbOI"}},{"__type__":"c2f7edmQuRJ7rXpvUg637Rd","node":{"__id__":1}}],"_prefab":{"__type__":"cc.PrefabInfo","root":{"__id__":1},"asset":{"__uuid__":"590RtcF1RK4qeRjkv/adGw"},"fileId":"0dAVHNJKNCP5oVLeb6oby/"},"_contentSize":{"__type__":"cc.Size","width":125,"height":157},"_scale":{"__type__":"cc.Vec3","z":1}}]