[{"__type__":"cc.Prefab","_name":"SmallExplosion1992","data":{"__id__":1}},{"__type__":"cc.Node","_name":"SmallExplosion","_level":1,"_components":[{"__type__":"cc.Sprite","node":{"__id__":1},"_materials":[{"__uuid__":"ecpdLyjvZBwrvm+cedCcQy"}],"_spriteFrame":{"__uuid__":"7da3pO3G9Hm5GttSg5aztk"},"_sizeMode":2,"_isTrimmedMode":false},{"__type__":"cc.Animation","node":{"__id__":1},"_defaultClip":{"__uuid__":"50AUHTUBRBNp1XKUbbKcbd"},"_clips":[{"__uuid__":"50AUHTUBRBNp1XKUbbKcbd"}],"playOnLoad":true},{"__type__":"9b178hB7/JCU5O5aIJJQJj8","node":{"__id__":1}}],"_prefab":{"__type__":"cc.PrefabInfo","root":{"__id__":1},"asset":{"__uuid__":"b3uk3tyPVJd6GIr4z2F805"},"fileId":"fcNUflRVZA4LtjCoqriOLk"},"_contentSize":{"__type__":"cc.Size","width":52,"height":52}}]