{"__type__":"sp.SkeletonData","_name":"Gun1","skeletonJsonStr":"{\"skeleton\":{\"hash\":\"2/OKc0z9Avn7vuV1PaCs/WJZoF0\",\"spine\":\"3.7.94\",\"width\":104.33,\"height\":59,\"images\":\"./images/\",\"audio\":\"\"},\"bones\":[{\"name\":\"root\",\"rotation\":-90},{\"name\":\"lv1\",\"parent\":\"root\",\"y\":1.05},{\"name\":\"head\",\"parent\":\"lv1\",\"length\":49.89,\"rotation\":90,\"y\":15.81},{\"name\":\"All\",\"parent\":\"root\",\"x\":-4.18,\"y\":50.73},{\"name\":\"FX/3/fx3 (1)\",\"parent\":\"All\",\"rotation\":90,\"x\":4.31,\"y\":1.37},{\"name\":\"FX/glow\",\"parent\":\"All\",\"x\":2.28,\"y\":11.43,\"scaleX\":0.925,\"scaleY\":0.925},{\"name\":\"Bubble\",\"parent\":\"All\",\"x\":-2.76,\"y\":-0.63},{\"name\":\"VFX_Web_Bubble2\",\"parent\":\"Bubble\",\"x\":8.5,\"y\":5.55,\"scaleX\":0.027,\"scaleY\":0.027},{\"name\":\"VFX_Web_Bubble4\",\"parent\":\"Bubble\",\"x\":-0.6,\"y\":-8.52,\"scaleX\":0.049,\"scaleY\":0.049},{\"name\":\"VFX_Web_Bubble5\",\"parent\":\"Bubble\",\"x\":-13,\"y\":9.2,\"scaleX\":0.035,\"scaleY\":0.035},{\"name\":\"VFX_Web_Bubble7\",\"parent\":\"Bubble\",\"x\":10.82,\"y\":-3.34,\"scaleX\":0.041,\"scaleY\":0.041}],\"slots\":[{\"name\":\"1 sub\",\"bone\":\"head\",\"attachment\":\"1 sub\"},{\"name\":\"1\",\"bone\":\"lv1\",\"attachment\":\"1\"},{\"name\":\"VFX_Web_Bubble2\",\"bone\":\"VFX_Web_Bubble2\",\"attachment\":\"VFX_Web_Bubble\"},{\"name\":\"VFX_Web_Bubble5\",\"bone\":\"VFX_Web_Bubble5\",\"attachment\":\"VFX_Web_Bubble\"},{\"name\":\"VFX_Web_Bubble7\",\"bone\":\"VFX_Web_Bubble7\",\"attachment\":\"VFX_Web_Bubble\"},{\"name\":\"VFX_Web_Bubble4\",\"bone\":\"VFX_Web_Bubble4\",\"attachment\":\"VFX_Web_Bubble\"},{\"name\":\"FX/glow\",\"bone\":\"FX/glow\"},{\"name\":\"FX/3/fx3 (1)\",\"bone\":\"FX/3/fx3 (1)\",\"dark\":\"ff4700\"}],\"skins\":{\"default\":{\"1\":{\"1\":{\"width\":59,\"height\":69}},\"1 sub\":{\"1 sub\":{\"x\":35.52,\"rotation\":-90,\"width\":37,\"height\":37}},\"FX/3/fx3 (1)\":{\"FX/3/fx3 (1)\":{\"path\":\"fx3(1)\",\"x\":33.1,\"y\":-0.62,\"width\":125,\"height\":125},\"FX/3/fx3 (2)\":{\"path\":\"fx3(2)\",\"x\":33.1,\"y\":-0.62,\"width\":125,\"height\":125},\"FX/3/fx3 (3)\":{\"path\":\"fx3(3)\",\"x\":33.1,\"y\":-0.62,\"width\":125,\"height\":125},\"FX/3/fx3 (4)\":{\"path\":\"fx3(4)\",\"x\":33.1,\"y\":-0.62,\"width\":125,\"height\":125},\"FX/3/fx3 (5)\":{\"path\":\"fx3(5)\",\"x\":33.1,\"y\":-0.62,\"width\":125,\"height\":125},\"FX/3/fx3 (6)\":{\"path\":\"fx3(6)\",\"x\":33.1,\"y\":-0.62,\"width\":125,\"height\":125},\"FX/3/fx3 (7)\":{\"path\":\"fx3(7)\",\"x\":33.1,\"y\":-0.62,\"width\":125,\"height\":125},\"FX/3/fx3 (8)\":{\"path\":\"fx3(8)\",\"x\":33.1,\"y\":-0.62,\"width\":125,\"height\":125},\"FX/3/fx3 (9)\":{\"path\":\"fx3(9)\",\"x\":33.1,\"y\":-0.62,\"width\":125,\"height\":125},\"FX/3/fx3 (10)\":{\"path\":\"fx3(10)\",\"x\":33.1,\"y\":-0.62,\"width\":125,\"height\":125},\"FX/3/fx3 (11)\":{\"path\":\"fx3(11)\",\"x\":33.1,\"y\":-0.62,\"width\":125,\"height\":125},\"FX/3/fx3 (12)\":{\"path\":\"fx3(12)\",\"x\":33.1,\"y\":-0.62,\"width\":125,\"height\":125},\"FX/3/fx3 (13)\":{\"path\":\"fx3(13)\",\"x\":33.1,\"y\":-0.62,\"width\":125,\"height\":125},\"FX/3/fx3 (14)\":{\"path\":\"fx3(14)\",\"x\":33.1,\"y\":-0.62,\"width\":125,\"height\":125},\"FX/3/fx3 (15)\":{\"path\":\"fx3(15)\",\"x\":33.1,\"y\":-0.62,\"width\":125,\"height\":125},\"FX/3/fx3 (16)\":{\"path\":\"fx3(16)\",\"x\":33.1,\"y\":-0.62,\"width\":125,\"height\":125},\"FX/3/fx3 (17)\":{\"path\":\"fx3(17)\",\"x\":33.1,\"y\":-0.62,\"width\":125,\"height\":125}},\"FX/glow\":{\"glow\":{\"x\":-1.12,\"y\":-2.96,\"width\":63,\"height\":63}},\"VFX_Web_Bubble2\":{\"VFX_Web_Bubble\":{\"x\":0.77,\"y\":-0.56,\"width\":80,\"height\":80}},\"VFX_Web_Bubble4\":{\"VFX_Web_Bubble\":{\"x\":0.77,\"y\":-0.56,\"width\":80,\"height\":80}},\"VFX_Web_Bubble5\":{\"VFX_Web_Bubble\":{\"x\":0.77,\"y\":-0.56,\"width\":80,\"height\":80}},\"VFX_Web_Bubble7\":{\"VFX_Web_Bubble\":{\"x\":0.77,\"y\":-0.56,\"width\":80,\"height\":80}}}},\"animations\":{\"change_gun\":{\"slots\":{\"VFX_Web_Bubble2\":{\"attachment\":[{\"time\":0,\"name\":null}]},\"VFX_Web_Bubble4\":{\"attachment\":[{\"time\":0,\"name\":null}]},\"VFX_Web_Bubble5\":{\"attachment\":[{\"time\":0,\"name\":null}]},\"VFX_Web_Bubble7\":{\"attachment\":[{\"time\":0,\"name\":null}]}},\"bones\":{\"head\":{\"translate\":[{\"time\":0,\"x\":0,\"y\":0,\"curve\":[0.25,0,0.75,1]},{\"time\":0.1,\"x\":0,\"y\":-13.51,\"curve\":[0.25,0,0.75,1]},{\"time\":0.3333,\"x\":0,\"y\":0}]},\"lv1\":{\"translate\":[{\"time\":0,\"x\":0,\"y\":0,\"curve\":[0.25,0,0.75,1]},{\"time\":0.1,\"x\":0,\"y\":-12.72,\"curve\":[0.25,0,0.75,1]},{\"time\":0.3333,\"x\":0,\"y\":0}],\"scale\":[{\"time\":0,\"x\":1,\"y\":1,\"curve\":[0.25,0,0.75,1]},{\"time\":0.1,\"x\":1,\"y\":0.9,\"curve\":[0.25,0,0.75,1]},{\"time\":0.3333,\"x\":1,\"y\":1}]}}},\"fire\":{\"slots\":{\"FX/3/fx3 (1)\":{\"attachment\":[{\"time\":0,\"name\":\"FX/3/fx3 (1)\"},{\"time\":0.0176,\"name\":\"FX/3/fx3 (2)\"},{\"time\":0.0333,\"name\":\"FX/3/fx3 (3)\"},{\"time\":0.0501,\"name\":\"FX/3/fx3 (4)\"},{\"time\":0.0667,\"name\":\"FX/3/fx3 (5)\"},{\"time\":0.0827,\"name\":\"FX/3/fx3 (6)\"},{\"time\":0.1,\"name\":\"FX/3/fx3 (7)\"},{\"time\":0.1176,\"name\":\"FX/3/fx3 (8)\"},{\"time\":0.1333,\"name\":\"FX/3/fx3 (9)\"},{\"time\":0.1509,\"name\":\"FX/3/fx3 (10)\"},{\"time\":0.1667,\"name\":\"FX/3/fx3 (11)\"},{\"time\":0.1827,\"name\":\"FX/3/fx3 (12)\"},{\"time\":0.2,\"name\":\"FX/3/fx3 (13)\"},{\"time\":0.2176,\"name\":\"FX/3/fx3 (14)\"},{\"time\":0.2333,\"name\":\"FX/3/fx3 (15)\"},{\"time\":0.2486,\"name\":\"FX/3/fx3 (16)\"},{\"time\":0.2667,\"name\":\"FX/3/fx3 (17)\"},{\"time\":0.2841,\"name\":null}]},\"FX/glow\":{\"color\":[{\"time\":0,\"color\":\"ffffff00\"},{\"time\":0.0333,\"color\":\"ffffffff\"},{\"time\":0.0667,\"color\":\"ffffff00\"}],\"attachment\":[{\"time\":0,\"name\":\"glow\"}]},\"VFX_Web_Bubble2\":{\"color\":[{\"time\":0.2841,\"color\":\"ffffffff\"},{\"time\":0.3,\"color\":\"ffffff00\"}]},\"VFX_Web_Bubble4\":{\"color\":[{\"time\":0.1333,\"color\":\"ffffffff\"},{\"time\":0.2486,\"color\":\"ffffff00\"}]},\"VFX_Web_Bubble5\":{\"color\":[{\"time\":0.2841,\"color\":\"ffffffff\"},{\"time\":0.3,\"color\":\"ffffff00\"}]},\"VFX_Web_Bubble7\":{\"color\":[{\"time\":0.2841,\"color\":\"ffffffff\"},{\"time\":0.3,\"color\":\"ffffff00\"}]}},\"bones\":{\"head\":{\"translate\":[{\"time\":0,\"x\":0,\"y\":0,\"curve\":[0.25,0,0.75,1]},{\"time\":0.1,\"x\":0,\"y\":-13.51,\"curve\":[0.25,0,0.75,1]},{\"time\":0.3333,\"x\":0,\"y\":0}]},\"lv1\":{\"translate\":[{\"time\":0,\"x\":0,\"y\":0,\"curve\":[0.25,0,0.75,1]},{\"time\":0.1,\"x\":0,\"y\":-12.72,\"curve\":[0.25,0,0.75,1]},{\"time\":0.3333,\"x\":0,\"y\":0}],\"scale\":[{\"time\":0,\"x\":1,\"y\":1,\"curve\":[0.25,0,0.75,1]},{\"time\":0.1,\"x\":1,\"y\":0.9,\"curve\":[0.25,0,0.75,1]},{\"time\":0.3333,\"x\":1,\"y\":1}]},\"FX/glow\":{\"scale\":[{\"time\":0,\"x\":1,\"y\":1,\"curve\":[0,0.23,0,1]},{\"time\":0.2486,\"x\":2.413,\"y\":2.413}]},\"VFX_Web_Bubble4\":{\"translate\":[{\"time\":0,\"x\":0,\"y\":0,\"curve\":[0,0.17,0.433,1]},{\"time\":0.2667,\"x\":-12.44,\"y\":6.74}],\"scale\":[{\"time\":0,\"x\":1,\"y\":1,\"curve\":[0,0.15,0.015,0.91]},{\"time\":0.2667,\"x\":4.453,\"y\":4.453}]},\"VFX_Web_Bubble2\":{\"translate\":[{\"time\":0.0501,\"x\":0,\"y\":0,\"curve\":[0,0.17,0.433,1]},{\"time\":0.3,\"x\":7.59,\"y\":13.57}],\"scale\":[{\"time\":0.0501,\"x\":1,\"y\":1,\"curve\":[0,0.15,0.015,0.91]},{\"time\":0.3,\"x\":4.078,\"y\":4.078}]},\"VFX_Web_Bubble5\":{\"translate\":[{\"time\":0.0501,\"x\":0,\"y\":0,\"curve\":[0,0.17,0.433,1]},{\"time\":0.3,\"x\":-11.29,\"y\":7.95}],\"scale\":[{\"time\":0.0501,\"x\":1,\"y\":1,\"curve\":[0,0.15,0.015,0.91]},{\"time\":0.3,\"x\":4.078,\"y\":4.078}]},\"VFX_Web_Bubble7\":{\"translate\":[{\"time\":0.0501,\"x\":0,\"y\":0,\"curve\":[0,0.17,0.433,1]},{\"time\":0.3,\"x\":25.97,\"y\":9.42}],\"scale\":[{\"time\":0.0501,\"x\":1,\"y\":1,\"curve\":[0,0.15,0.015,0.91]},{\"time\":0.3,\"x\":4.078,\"y\":4.078}]}},\"drawOrder\":[{\"time\":0.3333,\"offsets\":[{\"slot\":\"1 sub\",\"offset\":6},{\"slot\":\"1\",\"offset\":6}]}]}}}","_skeletonJson":{"skeleton":{"hash":"2/OKc0z9Avn7vuV1PaCs/WJZoF0","spine":"3.7.94","width":104.33,"height":59,"images":"./images/","audio":""},"bones":[{"name":"root","rotation":-90},{"name":"lv1","parent":"root","y":1.05},{"name":"head","parent":"lv1","length":49.89,"rotation":90,"y":15.81},{"name":"All","parent":"root","x":-4.18,"y":50.73},{"name":"FX/3/fx3 (1)","parent":"All","rotation":90,"x":4.31,"y":1.37},{"name":"FX/glow","parent":"All","x":2.28,"y":11.43,"scaleX":0.925,"scaleY":0.925},{"name":"Bubble","parent":"All","x":-2.76,"y":-0.63},{"name":"VFX_Web_Bubble2","parent":"Bubble","x":8.5,"y":5.55,"scaleX":0.027,"scaleY":0.027},{"name":"VFX_Web_Bubble4","parent":"Bubble","x":-0.6,"y":-8.52,"scaleX":0.049,"scaleY":0.049},{"name":"VFX_Web_Bubble5","parent":"Bubble","x":-13,"y":9.2,"scaleX":0.035,"scaleY":0.035},{"name":"VFX_Web_Bubble7","parent":"Bubble","x":10.82,"y":-3.34,"scaleX":0.041,"scaleY":0.041}],"slots":[{"name":"1 sub","bone":"head","attachment":"1 sub"},{"name":"1","bone":"lv1","attachment":"1"},{"name":"VFX_Web_Bubble2","bone":"VFX_Web_Bubble2","attachment":"VFX_Web_Bubble"},{"name":"VFX_Web_Bubble5","bone":"VFX_Web_Bubble5","attachment":"VFX_Web_Bubble"},{"name":"VFX_Web_Bubble7","bone":"VFX_Web_Bubble7","attachment":"VFX_Web_Bubble"},{"name":"VFX_Web_Bubble4","bone":"VFX_Web_Bubble4","attachment":"VFX_Web_Bubble"},{"name":"FX/glow","bone":"FX/glow"},{"name":"FX/3/fx3 (1)","bone":"FX/3/fx3 (1)","dark":"ff4700"}],"skins":{"default":{"1":{"1":{"width":59,"height":69}},"1 sub":{"1 sub":{"x":35.52,"rotation":-90,"width":37,"height":37}},"FX/3/fx3 (1)":{"FX/3/fx3 (1)":{"path":"fx3(1)","x":33.1,"y":-0.62,"width":125,"height":125},"FX/3/fx3 (2)":{"path":"fx3(2)","x":33.1,"y":-0.62,"width":125,"height":125},"FX/3/fx3 (3)":{"path":"fx3(3)","x":33.1,"y":-0.62,"width":125,"height":125},"FX/3/fx3 (4)":{"path":"fx3(4)","x":33.1,"y":-0.62,"width":125,"height":125},"FX/3/fx3 (5)":{"path":"fx3(5)","x":33.1,"y":-0.62,"width":125,"height":125},"FX/3/fx3 (6)":{"path":"fx3(6)","x":33.1,"y":-0.62,"width":125,"height":125},"FX/3/fx3 (7)":{"path":"fx3(7)","x":33.1,"y":-0.62,"width":125,"height":125},"FX/3/fx3 (8)":{"path":"fx3(8)","x":33.1,"y":-0.62,"width":125,"height":125},"FX/3/fx3 (9)":{"path":"fx3(9)","x":33.1,"y":-0.62,"width":125,"height":125},"FX/3/fx3 (10)":{"path":"fx3(10)","x":33.1,"y":-0.62,"width":125,"height":125},"FX/3/fx3 (11)":{"path":"fx3(11)","x":33.1,"y":-0.62,"width":125,"height":125},"FX/3/fx3 (12)":{"path":"fx3(12)","x":33.1,"y":-0.62,"width":125,"height":125},"FX/3/fx3 (13)":{"path":"fx3(13)","x":33.1,"y":-0.62,"width":125,"height":125},"FX/3/fx3 (14)":{"path":"fx3(14)","x":33.1,"y":-0.62,"width":125,"height":125},"FX/3/fx3 (15)":{"path":"fx3(15)","x":33.1,"y":-0.62,"width":125,"height":125},"FX/3/fx3 (16)":{"path":"fx3(16)","x":33.1,"y":-0.62,"width":125,"height":125},"FX/3/fx3 (17)":{"path":"fx3(17)","x":33.1,"y":-0.62,"width":125,"height":125}},"FX/glow":{"glow":{"x":-1.12,"y":-2.96,"width":63,"height":63}},"VFX_Web_Bubble2":{"VFX_Web_Bubble":{"x":0.77,"y":-0.56,"width":80,"height":80}},"VFX_Web_Bubble4":{"VFX_Web_Bubble":{"x":0.77,"y":-0.56,"width":80,"height":80}},"VFX_Web_Bubble5":{"VFX_Web_Bubble":{"x":0.77,"y":-0.56,"width":80,"height":80}},"VFX_Web_Bubble7":{"VFX_Web_Bubble":{"x":0.77,"y":-0.56,"width":80,"height":80}}}},"animations":{"change_gun":{"slots":{"VFX_Web_Bubble2":{"attachment":[{"time":0,"name":null}]},"VFX_Web_Bubble4":{"attachment":[{"time":0,"name":null}]},"VFX_Web_Bubble5":{"attachment":[{"time":0,"name":null}]},"VFX_Web_Bubble7":{"attachment":[{"time":0,"name":null}]}},"bones":{"head":{"translate":[{"time":0,"x":0,"y":0,"curve":[0.25,0,0.75,1]},{"time":0.1,"x":0,"y":-13.51,"curve":[0.25,0,0.75,1]},{"time":0.3333,"x":0,"y":0}]},"lv1":{"translate":[{"time":0,"x":0,"y":0,"curve":[0.25,0,0.75,1]},{"time":0.1,"x":0,"y":-12.72,"curve":[0.25,0,0.75,1]},{"time":0.3333,"x":0,"y":0}],"scale":[{"time":0,"x":1,"y":1,"curve":[0.25,0,0.75,1]},{"time":0.1,"x":1,"y":0.9,"curve":[0.25,0,0.75,1]},{"time":0.3333,"x":1,"y":1}]}}},"fire":{"slots":{"FX/3/fx3 (1)":{"attachment":[{"time":0,"name":"FX/3/fx3 (1)"},{"time":0.0176,"name":"FX/3/fx3 (2)"},{"time":0.0333,"name":"FX/3/fx3 (3)"},{"time":0.0501,"name":"FX/3/fx3 (4)"},{"time":0.0667,"name":"FX/3/fx3 (5)"},{"time":0.0827,"name":"FX/3/fx3 (6)"},{"time":0.1,"name":"FX/3/fx3 (7)"},{"time":0.1176,"name":"FX/3/fx3 (8)"},{"time":0.1333,"name":"FX/3/fx3 (9)"},{"time":0.1509,"name":"FX/3/fx3 (10)"},{"time":0.1667,"name":"FX/3/fx3 (11)"},{"time":0.1827,"name":"FX/3/fx3 (12)"},{"time":0.2,"name":"FX/3/fx3 (13)"},{"time":0.2176,"name":"FX/3/fx3 (14)"},{"time":0.2333,"name":"FX/3/fx3 (15)"},{"time":0.2486,"name":"FX/3/fx3 (16)"},{"time":0.2667,"name":"FX/3/fx3 (17)"},{"time":0.2841,"name":null}]},"FX/glow":{"color":[{"time":0,"color":"ffffff00"},{"time":0.0333,"color":"ffffffff"},{"time":0.0667,"color":"ffffff00"}],"attachment":[{"time":0,"name":"glow"}]},"VFX_Web_Bubble2":{"color":[{"time":0.2841,"color":"ffffffff"},{"time":0.3,"color":"ffffff00"}]},"VFX_Web_Bubble4":{"color":[{"time":0.1333,"color":"ffffffff"},{"time":0.2486,"color":"ffffff00"}]},"VFX_Web_Bubble5":{"color":[{"time":0.2841,"color":"ffffffff"},{"time":0.3,"color":"ffffff00"}]},"VFX_Web_Bubble7":{"color":[{"time":0.2841,"color":"ffffffff"},{"time":0.3,"color":"ffffff00"}]}},"bones":{"head":{"translate":[{"time":0,"x":0,"y":0,"curve":[0.25,0,0.75,1]},{"time":0.1,"x":0,"y":-13.51,"curve":[0.25,0,0.75,1]},{"time":0.3333,"x":0,"y":0}]},"lv1":{"translate":[{"time":0,"x":0,"y":0,"curve":[0.25,0,0.75,1]},{"time":0.1,"x":0,"y":-12.72,"curve":[0.25,0,0.75,1]},{"time":0.3333,"x":0,"y":0}],"scale":[{"time":0,"x":1,"y":1,"curve":[0.25,0,0.75,1]},{"time":0.1,"x":1,"y":0.9,"curve":[0.25,0,0.75,1]},{"time":0.3333,"x":1,"y":1}]},"FX/glow":{"scale":[{"time":0,"x":1,"y":1,"curve":[0,0.23,0,1]},{"time":0.2486,"x":2.413,"y":2.413}]},"VFX_Web_Bubble4":{"translate":[{"time":0,"x":0,"y":0,"curve":[0,0.17,0.433,1]},{"time":0.2667,"x":-12.44,"y":6.74}],"scale":[{"time":0,"x":1,"y":1,"curve":[0,0.15,0.015,0.91]},{"time":0.2667,"x":4.453,"y":4.453}]},"VFX_Web_Bubble2":{"translate":[{"time":0.0501,"x":0,"y":0,"curve":[0,0.17,0.433,1]},{"time":0.3,"x":7.59,"y":13.57}],"scale":[{"time":0.0501,"x":1,"y":1,"curve":[0,0.15,0.015,0.91]},{"time":0.3,"x":4.078,"y":4.078}]},"VFX_Web_Bubble5":{"translate":[{"time":0.0501,"x":0,"y":0,"curve":[0,0.17,0.433,1]},{"time":0.3,"x":-11.29,"y":7.95}],"scale":[{"time":0.0501,"x":1,"y":1,"curve":[0,0.15,0.015,0.91]},{"time":0.3,"x":4.078,"y":4.078}]},"VFX_Web_Bubble7":{"translate":[{"time":0.0501,"x":0,"y":0,"curve":[0,0.17,0.433,1]},{"time":0.3,"x":25.97,"y":9.42}],"scale":[{"time":0.0501,"x":1,"y":1,"curve":[0,0.15,0.015,0.91]},{"time":0.3,"x":4.078,"y":4.078}]}},"drawOrder":[{"time":0.3333,"offsets":[{"slot":"1 sub","offset":6},{"slot":"1","offset":6}]}]}}},"_atlasText":"\nGun1992.png\nsize: 489,453\nformat: RGBA8888\nfilter: Linear,Linear\nrepeat: none\n1\n  rotate: false\n  xy: 169, 28\n  size: 59, 69\n  orig: 59, 69\n  offset: 0, 0\n  index: -1\n1 sub\n  rotate: false\n  xy: 356, 51\n  size: 37, 37\n  orig: 37, 37\n  offset: 0, 0\n  index: -1\nVFX_Web_Bubble\n  rotate: false\n  xy: 302, 42\n  size: 52, 48\n  orig: 80, 80\n  offset: 14, 17\n  index: -1\nfx3(1)\n  rotate: true\n  xy: 302, 2\n  size: 38, 47\n  orig: 125, 125\n  offset: 15, 40\n  index: -1\nfx3(10)\n  rotate: false\n  xy: 215, 279\n  size: 88, 95\n  orig: 125, 125\n  offset: 19, 16\n  index: -1\nfx3(11)\n  rotate: true\n  xy: 391, 149\n  size: 52, 96\n  orig: 125, 125\n  offset: 20, 15\n  index: -1\nfx3(12)\n  rotate: false\n  xy: 2, 2\n  size: 53, 97\n  orig: 125, 125\n  offset: 18, 15\n  index: -1\nfx3(13)\n  rotate: false\n  xy: 57, 2\n  size: 47, 97\n  orig: 125, 125\n  offset: 20, 15\n  index: -1\nfx3(14)\n  rotate: false\n  xy: 106, 2\n  size: 32, 97\n  orig: 125, 125\n  offset: 16, 15\n  index: -1\nfx3(15)\n  rotate: false\n  xy: 140, 2\n  size: 27, 95\n  orig: 125, 125\n  offset: 18, 17\n  index: -1\nfx3(16)\n  rotate: false\n  xy: 334, 92\n  size: 27, 92\n  orig: 125, 125\n  offset: 17, 18\n  index: -1\nfx3(17)\n  rotate: false\n  xy: 467, 295\n  size: 19, 86\n  orig: 125, 125\n  offset: 21, 20\n  index: -1\nfx3(2)\n  rotate: true\n  xy: 363, 90\n  size: 57, 62\n  orig: 125, 125\n  offset: 24, 32\n  index: -1\nfx3(3)\n  rotate: false\n  xy: 230, 18\n  size: 70, 73\n  orig: 125, 125\n  offset: 26, 27\n  index: -1\nfx3(4)\n  rotate: false\n  xy: 155, 99\n  size: 79, 80\n  orig: 125, 125\n  offset: 24, 23\n  index: -1\nfx3(5)\n  rotate: false\n  xy: 391, 203\n  size: 81, 87\n  orig: 125, 125\n  offset: 27, 20\n  index: -1\nfx3(6)\n  rotate: false\n  xy: 379, 292\n  size: 86, 89\n  orig: 125, 125\n  offset: 24, 19\n  index: -1\nfx3(7)\n  rotate: false\n  xy: 305, 186\n  size: 84, 91\n  orig: 125, 125\n  offset: 24, 18\n  index: -1\nfx3(8)\n  rotate: false\n  xy: 217, 185\n  size: 86, 92\n  orig: 125, 125\n  offset: 22, 17\n  index: -1\nfx3(9)\n  rotate: false\n  xy: 127, 181\n  size: 88, 93\n  orig: 125, 125\n  offset: 21, 17\n  index: -1\nglow\n  rotate: false\n  xy: 427, 88\n  size: 59, 59\n  orig: 63, 63\n  offset: 3, 4\n  index: -1\n","textures":[{"__uuid__":"cdZCFMMyNFiKMxM6Z3D8Ut"}],"textureNames":["Gun1992.png"]}