{"__type__":"sp.SkeletonData","_name":"eff_xoay","skeletonJsonStr":"{\"skeleton\":{\"hash\":\"KVnljP5LO6khqFj5URcH7u22QWc\",\"spine\":\"3.7.94\",\"width\":363.45,\"height\":228.48,\"images\":\"./images/\",\"audio\":\"D:/Hai Nguyen/_Project KTEK/Game Ban Ca 3D/Ca1/Mini Boss Animation\"},\"bones\":[{\"name\":\"root\"},{\"name\":\"bone\",\"parent\":\"root\",\"scaleX\":0.793,\"scaleY\":0.497},{\"name\":\"bone2\",\"parent\":\"bone\"},{\"name\":\"bone3\",\"parent\":\"bone\"}],\"slots\":[{\"name\":\"bg5\",\"bone\":\"root\"},{\"name\":\"New folder/fx_vongtronxanh\",\"bone\":\"bone2\",\"attachment\":\"New folder/fx_vongtronxanh\"},{\"name\":\"New folder/fx_vongtronxanh6\",\"bone\":\"bone3\",\"attachment\":\"New folder/fx_vongtronxanh\",\"blend\":\"additive\"},{\"name\":\"New folder/fx_vongtronxanh4\",\"bone\":\"bone2\",\"attachment\":\"New folder/fx_vongtronxanh\"},{\"name\":\"New folder/fx_vongtronxanh7\",\"bone\":\"bone3\",\"attachment\":\"New folder/fx_vongtronxanh\",\"blend\":\"additive\"},{\"name\":\"New folder/fx_vongtronxanh5\",\"bone\":\"bone2\",\"attachment\":\"New folder/fx_vongtronxanh\"},{\"name\":\"New folder/fx_vongtronxanh8\",\"bone\":\"bone3\",\"attachment\":\"New folder/fx_vongtronxanh\",\"blend\":\"additive\"},{\"name\":\"New folder/fx_vongtronxanh2\",\"bone\":\"bone2\",\"attachment\":\"New folder/fx_vongtronxanh\"},{\"name\":\"New folder/fx_vongtronxanh9\",\"bone\":\"bone3\",\"attachment\":\"New folder/fx_vongtronxanh\",\"blend\":\"additive\"},{\"name\":\"New folder/fx_vongtronxanh3\",\"bone\":\"bone2\",\"attachment\":\"New folder/fx_vongtronxanh\"},{\"name\":\"New folder/fx_vongtronxanh10\",\"bone\":\"bone3\",\"attachment\":\"New folder/fx_vongtronxanh\",\"blend\":\"additive\"},{\"name\":\"New folder/tronnho\",\"bone\":\"bone2\",\"attachment\":\"New folder/tronnho\"},{\"name\":\"New folder/tronnho2\",\"bone\":\"bone3\",\"attachment\":\"New folder/tronnho\",\"blend\":\"additive\"},{\"name\":\"aura_color_scale\",\"bone\":\"root\"}],\"skins\":{\"default\":{\"New folder/fx_vongtronxanh\":{\"New folder/fx_vongtronxanh\":{\"x\":-26.42,\"y\":103.57,\"rotation\":10.86,\"width\":234,\"height\":195}},\"New folder/fx_vongtronxanh10\":{\"New folder/fx_vongtronxanh\":{\"x\":-53.55,\"y\":-95.04,\"rotation\":149.37,\"width\":234,\"height\":195}},\"New folder/fx_vongtronxanh2\":{\"New folder/fx_vongtronxanh\":{\"x\":-114.55,\"y\":10.32,\"rotation\":80.29,\"width\":234,\"height\":195}},\"New folder/fx_vongtronxanh3\":{\"New folder/fx_vongtronxanh\":{\"x\":-53.55,\"y\":-95.04,\"rotation\":149.37,\"width\":234,\"height\":195}},\"New folder/fx_vongtronxanh4\":{\"New folder/fx_vongtronxanh\":{\"x\":85.62,\"y\":51.39,\"rotation\":-60.93,\"width\":234,\"height\":195}},\"New folder/fx_vongtronxanh5\":{\"New folder/fx_vongtronxanh\":{\"x\":71.57,\"y\":-73.05,\"rotation\":-135.54,\"width\":234,\"height\":195}},\"New folder/fx_vongtronxanh6\":{\"New folder/fx_vongtronxanh\":{\"x\":-26.42,\"y\":103.57,\"rotation\":10.86,\"width\":234,\"height\":195}},\"New folder/fx_vongtronxanh7\":{\"New folder/fx_vongtronxanh\":{\"x\":85.62,\"y\":51.39,\"rotation\":-60.93,\"width\":234,\"height\":195}},\"New folder/fx_vongtronxanh8\":{\"New folder/fx_vongtronxanh\":{\"x\":71.57,\"y\":-73.05,\"rotation\":-135.54,\"width\":234,\"height\":195}},\"New folder/fx_vongtronxanh9\":{\"New folder/fx_vongtronxanh\":{\"x\":-114.55,\"y\":10.32,\"rotation\":80.29,\"width\":234,\"height\":195}},\"New folder/tronnho\":{\"New folder/tronnho\":{\"x\":-1.22,\"y\":0.91,\"width\":87,\"height\":89}},\"New folder/tronnho2\":{\"New folder/tronnho\":{\"x\":-1.22,\"y\":0.91,\"width\":87,\"height\":89}}}},\"animations\":{\"1\":{\"slots\":{\"New folder/fx_vongtronxanh\":{\"color\":[{\"time\":0,\"color\":\"450909ff\"},{\"time\":0.2667,\"color\":\"b51515e0\"},{\"time\":0.5,\"color\":\"450909ff\"},{\"time\":0.7667,\"color\":\"b51515e0\"},{\"time\":1,\"color\":\"450909ff\"},{\"time\":1.2667,\"color\":\"b51515e0\"},{\"time\":1.5,\"color\":\"450909ff\"},{\"time\":1.7667,\"color\":\"b51515e0\"},{\"time\":2,\"color\":\"450909ff\"},{\"time\":2.2667,\"color\":\"b51515e0\"},{\"time\":2.5,\"color\":\"450909ff\"},{\"time\":2.7667,\"color\":\"b51515e0\"},{\"time\":3,\"color\":\"450909ff\"},{\"time\":3.2667,\"color\":\"b51515e0\"},{\"time\":3.5,\"color\":\"450909ff\"},{\"time\":3.7667,\"color\":\"b51515e0\"},{\"time\":4,\"color\":\"450909ff\"}]},\"New folder/fx_vongtronxanh2\":{\"color\":[{\"time\":0,\"color\":\"450a0ac2\"}],\"attachment\":[{\"time\":0,\"name\":null}]},\"New folder/fx_vongtronxanh3\":{\"color\":[{\"time\":0,\"color\":\"450a0ac2\"}],\"attachment\":[{\"time\":0,\"name\":null}]},\"New folder/fx_vongtronxanh4\":{\"color\":[{\"time\":0,\"color\":\"450a0ac2\"}],\"attachment\":[{\"time\":0,\"name\":null}]},\"New folder/fx_vongtronxanh5\":{\"color\":[{\"time\":0,\"color\":\"450a0ac2\"}],\"attachment\":[{\"time\":0,\"name\":null}]},\"New folder/fx_vongtronxanh6\":{\"color\":[{\"time\":0,\"color\":\"5b0000ff\"}]},\"New folder/fx_vongtronxanh7\":{\"color\":[{\"time\":0,\"color\":\"5b0000ff\"}],\"attachment\":[{\"time\":0,\"name\":null}]},\"New folder/fx_vongtronxanh8\":{\"color\":[{\"time\":0,\"color\":\"5b0000ff\"}],\"attachment\":[{\"time\":0,\"name\":null}]},\"New folder/fx_vongtronxanh9\":{\"color\":[{\"time\":0,\"color\":\"5b0000ff\"}],\"attachment\":[{\"time\":0,\"name\":null}]},\"New folder/fx_vongtronxanh10\":{\"color\":[{\"time\":0,\"color\":\"5b0000ff\"}],\"attachment\":[{\"time\":0,\"name\":null}]},\"New folder/tronnho\":{\"color\":[{\"time\":0,\"color\":\"450909ff\"},{\"time\":0.2667,\"color\":\"b12121ff\"},{\"time\":0.5,\"color\":\"450909ff\"},{\"time\":0.7667,\"color\":\"b12121ff\"},{\"time\":1,\"color\":\"450909ff\"},{\"time\":1.2667,\"color\":\"b12121ff\"},{\"time\":1.5,\"color\":\"450909ff\"},{\"time\":1.7667,\"color\":\"b12121ff\"},{\"time\":2,\"color\":\"450909ff\"},{\"time\":2.2667,\"color\":\"ff0000ff\"},{\"time\":2.5,\"color\":\"450909ff\"},{\"time\":2.7667,\"color\":\"b12121ff\"},{\"time\":3,\"color\":\"450909ff\"},{\"time\":3.2667,\"color\":\"b12121ff\"},{\"time\":3.5,\"color\":\"450909ff\"},{\"time\":3.7667,\"color\":\"b12121ff\"},{\"time\":4,\"color\":\"450909ff\"}]},\"New folder/tronnho2\":{\"color\":[{\"time\":0,\"color\":\"5b0000ff\"}]}},\"bones\":{\"bone2\":{\"rotate\":[{\"time\":0,\"angle\":0},{\"time\":1,\"angle\":90},{\"time\":2,\"angle\":180},{\"time\":3,\"angle\":-90},{\"time\":4,\"angle\":0}]},\"bone3\":{\"rotate\":[{\"time\":0,\"angle\":0},{\"time\":1,\"angle\":90},{\"time\":2,\"angle\":180},{\"time\":3,\"angle\":-90},{\"time\":4,\"angle\":0}]}}},\"2\":{\"slots\":{\"New folder/fx_vongtronxanh\":{\"color\":[{\"time\":0,\"color\":\"ff000095\"},{\"time\":1,\"color\":\"ff0000ff\"},{\"time\":2,\"color\":\"ff000095\"},{\"time\":3,\"color\":\"ff0000ff\"},{\"time\":4,\"color\":\"ff000095\"}]},\"New folder/fx_vongtronxanh2\":{\"color\":[{\"time\":0,\"color\":\"b7ff0000\"},{\"time\":1,\"color\":\"b7ff00ff\"},{\"time\":2,\"color\":\"b7ff0000\"},{\"time\":3,\"color\":\"b7ff00ff\"},{\"time\":4,\"color\":\"b7ff0000\"}],\"attachment\":[{\"time\":0,\"name\":null}]},\"New folder/fx_vongtronxanh3\":{\"color\":[{\"time\":0,\"color\":\"ff000095\"},{\"time\":1,\"color\":\"ff0000ff\"},{\"time\":2,\"color\":\"ff000095\"},{\"time\":3,\"color\":\"ff0000ff\"},{\"time\":4,\"color\":\"ff000095\"}],\"attachment\":[{\"time\":0,\"name\":null}]},\"New folder/fx_vongtronxanh4\":{\"color\":[{\"time\":0,\"color\":\"ff000095\"},{\"time\":1,\"color\":\"ff0000ff\"},{\"time\":2,\"color\":\"ff000095\"},{\"time\":3,\"color\":\"ff0000ff\"},{\"time\":4,\"color\":\"ff000095\"}]},\"New folder/fx_vongtronxanh5\":{\"color\":[{\"time\":0,\"color\":\"ff000095\"},{\"time\":1,\"color\":\"ff0000ff\"},{\"time\":2,\"color\":\"ff000095\"},{\"time\":3,\"color\":\"ff0000ff\"},{\"time\":4,\"color\":\"ff000095\"}],\"attachment\":[{\"time\":0,\"name\":null}]},\"New folder/fx_vongtronxanh6\":{\"color\":[{\"time\":0,\"color\":\"ff0000ff\"}]},\"New folder/fx_vongtronxanh7\":{\"color\":[{\"time\":0,\"color\":\"ff0000ff\"}]},\"New folder/fx_vongtronxanh8\":{\"color\":[{\"time\":0,\"color\":\"ff0000ff\"}],\"attachment\":[{\"time\":0,\"name\":null}]},\"New folder/fx_vongtronxanh9\":{\"color\":[{\"time\":0,\"color\":\"b8ff00ff\"}],\"attachment\":[{\"time\":0,\"name\":null}]},\"New folder/fx_vongtronxanh10\":{\"color\":[{\"time\":0,\"color\":\"ff0000ff\"}],\"attachment\":[{\"time\":0,\"name\":null}]},\"New folder/tronnho\":{\"color\":[{\"time\":0,\"color\":\"ff000095\"},{\"time\":1,\"color\":\"ff0000ff\"},{\"time\":2,\"color\":\"ff000095\"},{\"time\":3,\"color\":\"ff0000ff\"},{\"time\":4,\"color\":\"ff000095\"}]},\"New folder/tronnho2\":{\"color\":[{\"time\":0,\"color\":\"ff0000ff\"}]}},\"bones\":{\"bone2\":{\"rotate\":[{\"time\":0,\"angle\":0},{\"time\":1,\"angle\":90},{\"time\":2,\"angle\":180},{\"time\":3,\"angle\":-90},{\"time\":4,\"angle\":0}]},\"bone3\":{\"rotate\":[{\"time\":0,\"angle\":0},{\"time\":1,\"angle\":90},{\"time\":2,\"angle\":180},{\"time\":3,\"angle\":-90},{\"time\":4,\"angle\":0}]}}},\"3\":{\"slots\":{\"New folder/fx_vongtronxanh\":{\"color\":[{\"time\":0,\"color\":\"d35e07d1\"},{\"time\":1,\"color\":\"d45e08ff\"},{\"time\":2,\"color\":\"d35e07d1\"},{\"time\":3,\"color\":\"d45e08ff\"},{\"time\":4,\"color\":\"d35e07d1\"}]},\"New folder/fx_vongtronxanh2\":{\"color\":[{\"time\":0,\"color\":\"b8ff00ff\"}],\"attachment\":[{\"time\":0,\"name\":null}]},\"New folder/fx_vongtronxanh3\":{\"color\":[{\"time\":0,\"color\":\"faff00ff\"}],\"attachment\":[{\"time\":0,\"name\":null}]},\"New folder/fx_vongtronxanh4\":{\"color\":[{\"time\":0,\"color\":\"d35e07d1\"},{\"time\":1,\"color\":\"d35e07ff\"},{\"time\":2,\"color\":\"d35e07d1\"},{\"time\":3,\"color\":\"d45e08ff\"},{\"time\":4,\"color\":\"d35e07d1\"}]},\"New folder/fx_vongtronxanh5\":{\"color\":[{\"time\":0,\"color\":\"d35e07d1\"},{\"time\":1,\"color\":\"d45e08ff\"},{\"time\":2,\"color\":\"d35e07d1\"},{\"time\":3,\"color\":\"d45e08ff\"},{\"time\":4,\"color\":\"d35e07d1\"}]},\"New folder/fx_vongtronxanh6\":{\"color\":[{\"time\":0,\"color\":\"ff4c00ff\"}]},\"New folder/fx_vongtronxanh7\":{\"color\":[{\"time\":0,\"color\":\"ff4c00ff\"}]},\"New folder/fx_vongtronxanh8\":{\"color\":[{\"time\":0,\"color\":\"ff4c00ff\"}]},\"New folder/fx_vongtronxanh9\":{\"color\":[{\"time\":0,\"color\":\"b8ff00ff\"}],\"attachment\":[{\"time\":0,\"name\":null}]},\"New folder/fx_vongtronxanh10\":{\"color\":[{\"time\":0,\"color\":\"faff00ff\"}],\"attachment\":[{\"time\":0,\"name\":null}]},\"New folder/tronnho\":{\"color\":[{\"time\":0,\"color\":\"d35d05cb\"},{\"time\":1,\"color\":\"d35e06ff\"},{\"time\":2,\"color\":\"d35d05cb\"},{\"time\":3,\"color\":\"d35e06ff\"},{\"time\":4,\"color\":\"d35d05cb\"}]},\"New folder/tronnho2\":{\"color\":[{\"time\":0,\"color\":\"d35e06ff\"}]}},\"bones\":{\"bone2\":{\"rotate\":[{\"time\":0,\"angle\":0},{\"time\":1,\"angle\":90},{\"time\":2,\"angle\":180},{\"time\":3,\"angle\":-90},{\"time\":4,\"angle\":0}]},\"bone3\":{\"rotate\":[{\"time\":0,\"angle\":0},{\"time\":1,\"angle\":90},{\"time\":2.0023,\"angle\":180},{\"time\":3,\"angle\":-90},{\"time\":4,\"angle\":0}]}}},\"4\":{\"slots\":{\"New folder/fx_vongtronxanh\":{\"color\":[{\"time\":0,\"color\":\"fff600be\"},{\"time\":1,\"color\":\"fff600ff\"},{\"time\":2.0023,\"color\":\"fff600be\"},{\"time\":3,\"color\":\"fff600ff\"},{\"time\":4,\"color\":\"fff600be\"}]},\"New folder/fx_vongtronxanh2\":{\"color\":[{\"time\":0,\"color\":\"b8ff00ff\"}],\"attachment\":[{\"time\":0,\"name\":null}]},\"New folder/fx_vongtronxanh3\":{\"color\":[{\"time\":0,\"color\":\"fff600be\"},{\"time\":1,\"color\":\"fff600ff\"},{\"time\":2.0023,\"color\":\"fff600be\"},{\"time\":3,\"color\":\"fff600ff\"},{\"time\":4,\"color\":\"fff600be\"}]},\"New folder/fx_vongtronxanh4\":{\"color\":[{\"time\":0,\"color\":\"fff600be\"},{\"time\":1,\"color\":\"fff600ff\"},{\"time\":2.0023,\"color\":\"fff600be\"},{\"time\":3,\"color\":\"fff600ff\"},{\"time\":4,\"color\":\"fff60095\"}]},\"New folder/fx_vongtronxanh5\":{\"color\":[{\"time\":0,\"color\":\"fff600be\"},{\"time\":1,\"color\":\"fff600ff\"},{\"time\":2.0023,\"color\":\"fff600be\"},{\"time\":3,\"color\":\"fff600ff\"},{\"time\":4,\"color\":\"fff600be\"}]},\"New folder/fx_vongtronxanh6\":{\"color\":[{\"time\":0,\"color\":\"e3b500ff\"},{\"time\":1,\"color\":\"f0ff00ff\"},{\"time\":2,\"color\":\"e3b500ff\"},{\"time\":3.0035,\"color\":\"f0ff00ff\"},{\"time\":4,\"color\":\"e3b500ff\"}]},\"New folder/fx_vongtronxanh7\":{\"color\":[{\"time\":0,\"color\":\"e3b500ff\"},{\"time\":1,\"color\":\"efff00ff\"},{\"time\":2,\"color\":\"e3b500ff\"},{\"time\":3.0035,\"color\":\"efff00ff\"},{\"time\":4,\"color\":\"e3b500ff\"}]},\"New folder/fx_vongtronxanh8\":{\"color\":[{\"time\":0,\"color\":\"e3b500ff\"}]},\"New folder/fx_vongtronxanh9\":{\"color\":[{\"time\":0,\"color\":\"b8ff00ff\"}],\"attachment\":[{\"time\":0,\"name\":null}]},\"New folder/fx_vongtronxanh10\":{\"color\":[{\"time\":0,\"color\":\"e3b500ff\"}]},\"New folder/tronnho\":{\"color\":[{\"time\":0,\"color\":\"efff0064\"},{\"time\":1,\"color\":\"ffb200ff\"},{\"time\":2.0023,\"color\":\"efff0064\"},{\"time\":3,\"color\":\"ffb200ff\"},{\"time\":4,\"color\":\"efff0064\"}]},\"New folder/tronnho2\":{\"color\":[{\"time\":0,\"color\":\"fff600ae\"}]}},\"bones\":{\"bone2\":{\"rotate\":[{\"time\":0,\"angle\":0},{\"time\":1,\"angle\":90},{\"time\":2.0023,\"angle\":180},{\"time\":3,\"angle\":-90},{\"time\":4,\"angle\":0}]},\"bone3\":{\"rotate\":[{\"time\":0,\"angle\":0},{\"time\":1,\"angle\":90},{\"time\":2,\"angle\":180},{\"time\":3.0035,\"angle\":-90},{\"time\":4,\"angle\":0}]},\"root\":{\"scale\":[{\"time\":0,\"x\":0.979,\"y\":0.979}]}}},\"5\":{\"slots\":{\"New folder/fx_vongtronxanh\":{\"color\":[{\"time\":0,\"color\":\"00ff1b95\"},{\"time\":1,\"color\":\"00ff1bff\"},{\"time\":2,\"color\":\"00ff1b95\"},{\"time\":3,\"color\":\"00ff1bff\"},{\"time\":4,\"color\":\"70ff0064\"},{\"time\":4.0046,\"color\":\"00ff1b95\"}]},\"New folder/fx_vongtronxanh2\":{\"color\":[{\"time\":0,\"color\":\"00ff1b95\"},{\"time\":1,\"color\":\"00ff1bff\"},{\"time\":2,\"color\":\"00ff1b95\"},{\"time\":3,\"color\":\"00ff1bff\"},{\"time\":4,\"color\":\"00ff1b95\"}]},\"New folder/fx_vongtronxanh3\":{\"color\":[{\"time\":0,\"color\":\"00ff1b95\"},{\"time\":1,\"color\":\"00ff1bff\"},{\"time\":2,\"color\":\"00ff1b95\"},{\"time\":3,\"color\":\"00ff1bff\"},{\"time\":4,\"color\":\"00ff1b95\"}]},\"New folder/fx_vongtronxanh4\":{\"color\":[{\"time\":0,\"color\":\"00ff1b95\"},{\"time\":1,\"color\":\"00ff1bff\"},{\"time\":2,\"color\":\"00ff1b95\"},{\"time\":3,\"color\":\"00ff1bff\"},{\"time\":4,\"color\":\"00ff1b95\"}]},\"New folder/fx_vongtronxanh5\":{\"color\":[{\"time\":0,\"color\":\"00ff1b95\"},{\"time\":1,\"color\":\"00ff1bff\"},{\"time\":2,\"color\":\"00ff1b95\"},{\"time\":3,\"color\":\"00ff1bff\"},{\"time\":4,\"color\":\"00ff1b95\"}]},\"New folder/fx_vongtronxanh6\":{\"color\":[{\"time\":0,\"color\":\"00ff1bff\"}]},\"New folder/fx_vongtronxanh7\":{\"color\":[{\"time\":0,\"color\":\"00ff1bff\"}]},\"New folder/fx_vongtronxanh8\":{\"color\":[{\"time\":0,\"color\":\"00ff1bff\"}]},\"New folder/fx_vongtronxanh9\":{\"color\":[{\"time\":0,\"color\":\"00ff1bff\"}]},\"New folder/fx_vongtronxanh10\":{\"color\":[{\"time\":0,\"color\":\"00ff1bff\"}]},\"New folder/tronnho\":{\"color\":[{\"time\":0,\"color\":\"00ff1b64\"},{\"time\":1,\"color\":\"00ff1bff\"},{\"time\":2,\"color\":\"00ff1b64\"},{\"time\":3,\"color\":\"00ff1bff\"},{\"time\":4,\"color\":\"00ff1b64\"},{\"time\":4.0046,\"color\":\"70ff0064\"}]},\"New folder/tronnho2\":{\"color\":[{\"time\":0,\"color\":\"00ff1b81\"}]}},\"bones\":{\"bone2\":{\"rotate\":[{\"time\":0,\"angle\":0},{\"time\":1,\"angle\":90},{\"time\":2,\"angle\":180},{\"time\":3,\"angle\":-90},{\"time\":4,\"angle\":0}]},\"bone3\":{\"rotate\":[{\"time\":0,\"angle\":0},{\"time\":1.0012,\"angle\":90},{\"time\":2.0023,\"angle\":180},{\"time\":3.0035,\"angle\":-90},{\"time\":4.0046,\"angle\":0}]}}}}}","_skeletonJson":{"skeleton":{"hash":"KVnljP5LO6khqFj5URcH7u22QWc","spine":"3.7.94","width":363.45,"height":228.48,"images":"./images/","audio":"D:/Hai Nguyen/_Project KTEK/Game Ban Ca 3D/Ca1/Mini Boss Animation"},"bones":[{"name":"root"},{"name":"bone","parent":"root","scaleX":0.793,"scaleY":0.497},{"name":"bone2","parent":"bone"},{"name":"bone3","parent":"bone"}],"slots":[{"name":"bg5","bone":"root"},{"name":"New folder/fx_vongtronxanh","bone":"bone2","attachment":"New folder/fx_vongtronxanh"},{"name":"New folder/fx_vongtronxanh6","bone":"bone3","attachment":"New folder/fx_vongtronxanh","blend":"additive"},{"name":"New folder/fx_vongtronxanh4","bone":"bone2","attachment":"New folder/fx_vongtronxanh"},{"name":"New folder/fx_vongtronxanh7","bone":"bone3","attachment":"New folder/fx_vongtronxanh","blend":"additive"},{"name":"New folder/fx_vongtronxanh5","bone":"bone2","attachment":"New folder/fx_vongtronxanh"},{"name":"New folder/fx_vongtronxanh8","bone":"bone3","attachment":"New folder/fx_vongtronxanh","blend":"additive"},{"name":"New folder/fx_vongtronxanh2","bone":"bone2","attachment":"New folder/fx_vongtronxanh"},{"name":"New folder/fx_vongtronxanh9","bone":"bone3","attachment":"New folder/fx_vongtronxanh","blend":"additive"},{"name":"New folder/fx_vongtronxanh3","bone":"bone2","attachment":"New folder/fx_vongtronxanh"},{"name":"New folder/fx_vongtronxanh10","bone":"bone3","attachment":"New folder/fx_vongtronxanh","blend":"additive"},{"name":"New folder/tronnho","bone":"bone2","attachment":"New folder/tronnho"},{"name":"New folder/tronnho2","bone":"bone3","attachment":"New folder/tronnho","blend":"additive"},{"name":"aura_color_scale","bone":"root"}],"skins":{"default":{"New folder/fx_vongtronxanh":{"New folder/fx_vongtronxanh":{"x":-26.42,"y":103.57,"rotation":10.86,"width":234,"height":195}},"New folder/fx_vongtronxanh10":{"New folder/fx_vongtronxanh":{"x":-53.55,"y":-95.04,"rotation":149.37,"width":234,"height":195}},"New folder/fx_vongtronxanh2":{"New folder/fx_vongtronxanh":{"x":-114.55,"y":10.32,"rotation":80.29,"width":234,"height":195}},"New folder/fx_vongtronxanh3":{"New folder/fx_vongtronxanh":{"x":-53.55,"y":-95.04,"rotation":149.37,"width":234,"height":195}},"New folder/fx_vongtronxanh4":{"New folder/fx_vongtronxanh":{"x":85.62,"y":51.39,"rotation":-60.93,"width":234,"height":195}},"New folder/fx_vongtronxanh5":{"New folder/fx_vongtronxanh":{"x":71.57,"y":-73.05,"rotation":-135.54,"width":234,"height":195}},"New folder/fx_vongtronxanh6":{"New folder/fx_vongtronxanh":{"x":-26.42,"y":103.57,"rotation":10.86,"width":234,"height":195}},"New folder/fx_vongtronxanh7":{"New folder/fx_vongtronxanh":{"x":85.62,"y":51.39,"rotation":-60.93,"width":234,"height":195}},"New folder/fx_vongtronxanh8":{"New folder/fx_vongtronxanh":{"x":71.57,"y":-73.05,"rotation":-135.54,"width":234,"height":195}},"New folder/fx_vongtronxanh9":{"New folder/fx_vongtronxanh":{"x":-114.55,"y":10.32,"rotation":80.29,"width":234,"height":195}},"New folder/tronnho":{"New folder/tronnho":{"x":-1.22,"y":0.91,"width":87,"height":89}},"New folder/tronnho2":{"New folder/tronnho":{"x":-1.22,"y":0.91,"width":87,"height":89}}}},"animations":{"1":{"slots":{"New folder/fx_vongtronxanh":{"color":[{"time":0,"color":"450909ff"},{"time":0.2667,"color":"b51515e0"},{"time":0.5,"color":"450909ff"},{"time":0.7667,"color":"b51515e0"},{"time":1,"color":"450909ff"},{"time":1.2667,"color":"b51515e0"},{"time":1.5,"color":"450909ff"},{"time":1.7667,"color":"b51515e0"},{"time":2,"color":"450909ff"},{"time":2.2667,"color":"b51515e0"},{"time":2.5,"color":"450909ff"},{"time":2.7667,"color":"b51515e0"},{"time":3,"color":"450909ff"},{"time":3.2667,"color":"b51515e0"},{"time":3.5,"color":"450909ff"},{"time":3.7667,"color":"b51515e0"},{"time":4,"color":"450909ff"}]},"New folder/fx_vongtronxanh2":{"color":[{"time":0,"color":"450a0ac2"}],"attachment":[{"time":0,"name":null}]},"New folder/fx_vongtronxanh3":{"color":[{"time":0,"color":"450a0ac2"}],"attachment":[{"time":0,"name":null}]},"New folder/fx_vongtronxanh4":{"color":[{"time":0,"color":"450a0ac2"}],"attachment":[{"time":0,"name":null}]},"New folder/fx_vongtronxanh5":{"color":[{"time":0,"color":"450a0ac2"}],"attachment":[{"time":0,"name":null}]},"New folder/fx_vongtronxanh6":{"color":[{"time":0,"color":"5b0000ff"}]},"New folder/fx_vongtronxanh7":{"color":[{"time":0,"color":"5b0000ff"}],"attachment":[{"time":0,"name":null}]},"New folder/fx_vongtronxanh8":{"color":[{"time":0,"color":"5b0000ff"}],"attachment":[{"time":0,"name":null}]},"New folder/fx_vongtronxanh9":{"color":[{"time":0,"color":"5b0000ff"}],"attachment":[{"time":0,"name":null}]},"New folder/fx_vongtronxanh10":{"color":[{"time":0,"color":"5b0000ff"}],"attachment":[{"time":0,"name":null}]},"New folder/tronnho":{"color":[{"time":0,"color":"450909ff"},{"time":0.2667,"color":"b12121ff"},{"time":0.5,"color":"450909ff"},{"time":0.7667,"color":"b12121ff"},{"time":1,"color":"450909ff"},{"time":1.2667,"color":"b12121ff"},{"time":1.5,"color":"450909ff"},{"time":1.7667,"color":"b12121ff"},{"time":2,"color":"450909ff"},{"time":2.2667,"color":"ff0000ff"},{"time":2.5,"color":"450909ff"},{"time":2.7667,"color":"b12121ff"},{"time":3,"color":"450909ff"},{"time":3.2667,"color":"b12121ff"},{"time":3.5,"color":"450909ff"},{"time":3.7667,"color":"b12121ff"},{"time":4,"color":"450909ff"}]},"New folder/tronnho2":{"color":[{"time":0,"color":"5b0000ff"}]}},"bones":{"bone2":{"rotate":[{"time":0,"angle":0},{"time":1,"angle":90},{"time":2,"angle":180},{"time":3,"angle":-90},{"time":4,"angle":0}]},"bone3":{"rotate":[{"time":0,"angle":0},{"time":1,"angle":90},{"time":2,"angle":180},{"time":3,"angle":-90},{"time":4,"angle":0}]}}},"2":{"slots":{"New folder/fx_vongtronxanh":{"color":[{"time":0,"color":"ff000095"},{"time":1,"color":"ff0000ff"},{"time":2,"color":"ff000095"},{"time":3,"color":"ff0000ff"},{"time":4,"color":"ff000095"}]},"New folder/fx_vongtronxanh2":{"color":[{"time":0,"color":"b7ff0000"},{"time":1,"color":"b7ff00ff"},{"time":2,"color":"b7ff0000"},{"time":3,"color":"b7ff00ff"},{"time":4,"color":"b7ff0000"}],"attachment":[{"time":0,"name":null}]},"New folder/fx_vongtronxanh3":{"color":[{"time":0,"color":"ff000095"},{"time":1,"color":"ff0000ff"},{"time":2,"color":"ff000095"},{"time":3,"color":"ff0000ff"},{"time":4,"color":"ff000095"}],"attachment":[{"time":0,"name":null}]},"New folder/fx_vongtronxanh4":{"color":[{"time":0,"color":"ff000095"},{"time":1,"color":"ff0000ff"},{"time":2,"color":"ff000095"},{"time":3,"color":"ff0000ff"},{"time":4,"color":"ff000095"}]},"New folder/fx_vongtronxanh5":{"color":[{"time":0,"color":"ff000095"},{"time":1,"color":"ff0000ff"},{"time":2,"color":"ff000095"},{"time":3,"color":"ff0000ff"},{"time":4,"color":"ff000095"}],"attachment":[{"time":0,"name":null}]},"New folder/fx_vongtronxanh6":{"color":[{"time":0,"color":"ff0000ff"}]},"New folder/fx_vongtronxanh7":{"color":[{"time":0,"color":"ff0000ff"}]},"New folder/fx_vongtronxanh8":{"color":[{"time":0,"color":"ff0000ff"}],"attachment":[{"time":0,"name":null}]},"New folder/fx_vongtronxanh9":{"color":[{"time":0,"color":"b8ff00ff"}],"attachment":[{"time":0,"name":null}]},"New folder/fx_vongtronxanh10":{"color":[{"time":0,"color":"ff0000ff"}],"attachment":[{"time":0,"name":null}]},"New folder/tronnho":{"color":[{"time":0,"color":"ff000095"},{"time":1,"color":"ff0000ff"},{"time":2,"color":"ff000095"},{"time":3,"color":"ff0000ff"},{"time":4,"color":"ff000095"}]},"New folder/tronnho2":{"color":[{"time":0,"color":"ff0000ff"}]}},"bones":{"bone2":{"rotate":[{"time":0,"angle":0},{"time":1,"angle":90},{"time":2,"angle":180},{"time":3,"angle":-90},{"time":4,"angle":0}]},"bone3":{"rotate":[{"time":0,"angle":0},{"time":1,"angle":90},{"time":2,"angle":180},{"time":3,"angle":-90},{"time":4,"angle":0}]}}},"3":{"slots":{"New folder/fx_vongtronxanh":{"color":[{"time":0,"color":"d35e07d1"},{"time":1,"color":"d45e08ff"},{"time":2,"color":"d35e07d1"},{"time":3,"color":"d45e08ff"},{"time":4,"color":"d35e07d1"}]},"New folder/fx_vongtronxanh2":{"color":[{"time":0,"color":"b8ff00ff"}],"attachment":[{"time":0,"name":null}]},"New folder/fx_vongtronxanh3":{"color":[{"time":0,"color":"faff00ff"}],"attachment":[{"time":0,"name":null}]},"New folder/fx_vongtronxanh4":{"color":[{"time":0,"color":"d35e07d1"},{"time":1,"color":"d35e07ff"},{"time":2,"color":"d35e07d1"},{"time":3,"color":"d45e08ff"},{"time":4,"color":"d35e07d1"}]},"New folder/fx_vongtronxanh5":{"color":[{"time":0,"color":"d35e07d1"},{"time":1,"color":"d45e08ff"},{"time":2,"color":"d35e07d1"},{"time":3,"color":"d45e08ff"},{"time":4,"color":"d35e07d1"}]},"New folder/fx_vongtronxanh6":{"color":[{"time":0,"color":"ff4c00ff"}]},"New folder/fx_vongtronxanh7":{"color":[{"time":0,"color":"ff4c00ff"}]},"New folder/fx_vongtronxanh8":{"color":[{"time":0,"color":"ff4c00ff"}]},"New folder/fx_vongtronxanh9":{"color":[{"time":0,"color":"b8ff00ff"}],"attachment":[{"time":0,"name":null}]},"New folder/fx_vongtronxanh10":{"color":[{"time":0,"color":"faff00ff"}],"attachment":[{"time":0,"name":null}]},"New folder/tronnho":{"color":[{"time":0,"color":"d35d05cb"},{"time":1,"color":"d35e06ff"},{"time":2,"color":"d35d05cb"},{"time":3,"color":"d35e06ff"},{"time":4,"color":"d35d05cb"}]},"New folder/tronnho2":{"color":[{"time":0,"color":"d35e06ff"}]}},"bones":{"bone2":{"rotate":[{"time":0,"angle":0},{"time":1,"angle":90},{"time":2,"angle":180},{"time":3,"angle":-90},{"time":4,"angle":0}]},"bone3":{"rotate":[{"time":0,"angle":0},{"time":1,"angle":90},{"time":2.0023,"angle":180},{"time":3,"angle":-90},{"time":4,"angle":0}]}}},"4":{"slots":{"New folder/fx_vongtronxanh":{"color":[{"time":0,"color":"fff600be"},{"time":1,"color":"fff600ff"},{"time":2.0023,"color":"fff600be"},{"time":3,"color":"fff600ff"},{"time":4,"color":"fff600be"}]},"New folder/fx_vongtronxanh2":{"color":[{"time":0,"color":"b8ff00ff"}],"attachment":[{"time":0,"name":null}]},"New folder/fx_vongtronxanh3":{"color":[{"time":0,"color":"fff600be"},{"time":1,"color":"fff600ff"},{"time":2.0023,"color":"fff600be"},{"time":3,"color":"fff600ff"},{"time":4,"color":"fff600be"}]},"New folder/fx_vongtronxanh4":{"color":[{"time":0,"color":"fff600be"},{"time":1,"color":"fff600ff"},{"time":2.0023,"color":"fff600be"},{"time":3,"color":"fff600ff"},{"time":4,"color":"fff60095"}]},"New folder/fx_vongtronxanh5":{"color":[{"time":0,"color":"fff600be"},{"time":1,"color":"fff600ff"},{"time":2.0023,"color":"fff600be"},{"time":3,"color":"fff600ff"},{"time":4,"color":"fff600be"}]},"New folder/fx_vongtronxanh6":{"color":[{"time":0,"color":"e3b500ff"},{"time":1,"color":"f0ff00ff"},{"time":2,"color":"e3b500ff"},{"time":3.0035,"color":"f0ff00ff"},{"time":4,"color":"e3b500ff"}]},"New folder/fx_vongtronxanh7":{"color":[{"time":0,"color":"e3b500ff"},{"time":1,"color":"efff00ff"},{"time":2,"color":"e3b500ff"},{"time":3.0035,"color":"efff00ff"},{"time":4,"color":"e3b500ff"}]},"New folder/fx_vongtronxanh8":{"color":[{"time":0,"color":"e3b500ff"}]},"New folder/fx_vongtronxanh9":{"color":[{"time":0,"color":"b8ff00ff"}],"attachment":[{"time":0,"name":null}]},"New folder/fx_vongtronxanh10":{"color":[{"time":0,"color":"e3b500ff"}]},"New folder/tronnho":{"color":[{"time":0,"color":"efff0064"},{"time":1,"color":"ffb200ff"},{"time":2.0023,"color":"efff0064"},{"time":3,"color":"ffb200ff"},{"time":4,"color":"efff0064"}]},"New folder/tronnho2":{"color":[{"time":0,"color":"fff600ae"}]}},"bones":{"bone2":{"rotate":[{"time":0,"angle":0},{"time":1,"angle":90},{"time":2.0023,"angle":180},{"time":3,"angle":-90},{"time":4,"angle":0}]},"bone3":{"rotate":[{"time":0,"angle":0},{"time":1,"angle":90},{"time":2,"angle":180},{"time":3.0035,"angle":-90},{"time":4,"angle":0}]},"root":{"scale":[{"time":0,"x":0.979,"y":0.979}]}}},"5":{"slots":{"New folder/fx_vongtronxanh":{"color":[{"time":0,"color":"00ff1b95"},{"time":1,"color":"00ff1bff"},{"time":2,"color":"00ff1b95"},{"time":3,"color":"00ff1bff"},{"time":4,"color":"70ff0064"},{"time":4.0046,"color":"00ff1b95"}]},"New folder/fx_vongtronxanh2":{"color":[{"time":0,"color":"00ff1b95"},{"time":1,"color":"00ff1bff"},{"time":2,"color":"00ff1b95"},{"time":3,"color":"00ff1bff"},{"time":4,"color":"00ff1b95"}]},"New folder/fx_vongtronxanh3":{"color":[{"time":0,"color":"00ff1b95"},{"time":1,"color":"00ff1bff"},{"time":2,"color":"00ff1b95"},{"time":3,"color":"00ff1bff"},{"time":4,"color":"00ff1b95"}]},"New folder/fx_vongtronxanh4":{"color":[{"time":0,"color":"00ff1b95"},{"time":1,"color":"00ff1bff"},{"time":2,"color":"00ff1b95"},{"time":3,"color":"00ff1bff"},{"time":4,"color":"00ff1b95"}]},"New folder/fx_vongtronxanh5":{"color":[{"time":0,"color":"00ff1b95"},{"time":1,"color":"00ff1bff"},{"time":2,"color":"00ff1b95"},{"time":3,"color":"00ff1bff"},{"time":4,"color":"00ff1b95"}]},"New folder/fx_vongtronxanh6":{"color":[{"time":0,"color":"00ff1bff"}]},"New folder/fx_vongtronxanh7":{"color":[{"time":0,"color":"00ff1bff"}]},"New folder/fx_vongtronxanh8":{"color":[{"time":0,"color":"00ff1bff"}]},"New folder/fx_vongtronxanh9":{"color":[{"time":0,"color":"00ff1bff"}]},"New folder/fx_vongtronxanh10":{"color":[{"time":0,"color":"00ff1bff"}]},"New folder/tronnho":{"color":[{"time":0,"color":"00ff1b64"},{"time":1,"color":"00ff1bff"},{"time":2,"color":"00ff1b64"},{"time":3,"color":"00ff1bff"},{"time":4,"color":"00ff1b64"},{"time":4.0046,"color":"70ff0064"}]},"New folder/tronnho2":{"color":[{"time":0,"color":"00ff1b81"}]}},"bones":{"bone2":{"rotate":[{"time":0,"angle":0},{"time":1,"angle":90},{"time":2,"angle":180},{"time":3,"angle":-90},{"time":4,"angle":0}]},"bone3":{"rotate":[{"time":0,"angle":0},{"time":1.0012,"angle":90},{"time":2.0023,"angle":180},{"time":3.0035,"angle":-90},{"time":4.0046,"angle":0}]}}}}},"_atlasText":"\neff_xoay.png\nsize: 260,158\nformat: RGBA8888\nfilter: Linear,Linear\nrepeat: none\nNew folder/fx_vongtronxanh\n  rotate: false\n  xy: 2, 2\n  size: 185, 154\n  orig: 185, 154\n  offset: 0, 0\n  index: -1\nNew folder/tronnho\n  rotate: false\n  xy: 189, 86\n  size: 69, 70\n  orig: 69, 70\n  offset: 0, 0\n  index: -1\n","textures":[{"__uuid__":"f77tQw4d1KS5Ot1Zn/41jA"}],"textureNames":["eff_xoay.png"]}