{"__type__":"cc.AnimationClip","_name":"explosionFX","_duration":0.16666666666666666,"speed":0.4,"curveData":{"comps":{"cc.Sprite":{"spriteFrame":[{"frame":0,"value":{"__uuid__":"ediJ3xd6JG/6WngOOEvNCC"}},{"frame":0.016666666666666666,"value":{"__uuid__":"34dhXQuJBAvbRdoeUucdYE"}},{"frame":0.03333333333333333,"value":{"__uuid__":"10yDi1r2pF2pL80xGny8yz"}},{"frame":0.05,"value":{"__uuid__":"83P6ICX/dB/I8v5MezHgP2"}},{"frame":0.06666666666666667,"value":{"__uuid__":"b8htlCnWRDor8Qmy0i2wIc"}},{"frame":0.08333333333333333,"value":{"__uuid__":"fbpAelOAZFbLl+1jFROGUa"}},{"frame":0.1,"value":{"__uuid__":"24zzIXQzNJmYQPBPvqAWwx"}},{"frame":0.11666666666666667,"value":{"__uuid__":"f3FgT5MPxBuoxQRAmWR4xX"}},{"frame":0.13333333333333333,"value":{"__uuid__":"eaLTuWRyBPpZo95lGoqagp"}},{"frame":0.15,"value":null}]}}},"events":[{"frame":0.06666666666666667,"func":"","params":[]},{"frame":0.06666666666666667,"func":"","params":[]},{"frame":0.06666666666666667,"func":"","params":[]}]}