{"__type__":"cc.SpriteAtlas","_name":"fish_avatar.plist","_spriteFrames":{"0":{"__uuid__":"83xLnHXr1GA4O0s2NMU6t1"},"1":{"__uuid__":"06/ud3LMhGNJs3fNf7NWil"},"2":{"__uuid__":"0djNmHJ0FFMq1GrcgXTp4K"},"3":{"__uuid__":"32AfFmfDdOsrC3WsoH4AzE"},"4":{"__uuid__":"b8d4rkcRBFYrIZ5UquEakJ"},"5":{"__uuid__":"82BAYMtGFNfbZZ5iNaRznV"},"6":{"__uuid__":"d8+I7SRsRL/5gPrV20D8Sw"},"7":{"__uuid__":"cfv3xQq4lH3ZF2Uzm8X6nH"},"8":{"__uuid__":"04TSQLa9hB1qZrWF17MBCB"},"9":{"__uuid__":"e1Emg+KK9LCZAMgOQEoCc5"},"10":{"__uuid__":"62G6mDA9pMZKWDsf+nQdWW"},"11":{"__uuid__":"caRRXnjQpEmYUaz3IMMyoI"},"12":{"__uuid__":"85m0r60KNKRJcUazpJRMYq"},"13":{"__uuid__":"67OwmOYyBJ/6IhWXsBB0dp"},"14":{"__uuid__":"9ak1fvLmhCrZ4tAH78mgQm"},"15":{"__uuid__":"f3hgFfcktH5qyFWC5Sr+b6"},"16":{"__uuid__":"afWjoXApdIkZ2Wan1UOr3E"},"17":{"__uuid__":"5eoZtlOqJLkYSl6H9Xhz5c"},"18":{"__uuid__":"014hpcGGhD65jQZMsaWQxv"},"19":{"__uuid__":"91wNsRSY9M5qtVQnhS5eTl"},"20":{"__uuid__":"d4iQ1J21FDhIRzI+avlXmC"},"21":{"__uuid__":"44baW/x8ZLZ5uxrWOSaRNe"},"22":{"__uuid__":"46OmzNcM5G/q5Xl509rQhy"},"23":{"__uuid__":"5am/g2gTtJB5AoqEliRSma"},"24":{"__uuid__":"505152VRRPGqHwvoMrtXEu"},"25":{"__uuid__":"b6zUqVpgVMsK8OeLF39CAO"},"43":{"__uuid__":"57hgQ1j7tHepnJ64DvEGHS"},"50":{"__uuid__":"19HfkP0qJA4J/g72Gh++tS"},"60":{"__uuid__":"1eVh/+Z+9MersnI9XjZwil"}}}