{"__type__":"sp.SkeletonData","_name":"ExplosionHit","skeletonJsonStr":"{\"skeleton\":{\"hash\":\"bFsiDTpg64MlGUiysbpGM0iO64c\",\"spine\":\"3.7.94\",\"width\":454.19,\"height\":447.29,\"images\":\"./images/\",\"audio\":\"\"},\"bones\":[{\"name\":\"root\",\"scaleX\":0.67,\"scaleY\":0.67},{\"name\":\"Halo\",\"parent\":\"root\",\"rotation\":30,\"scaleX\":0.85,\"scaleY\":0.85},{\"name\":\"Light\",\"parent\":\"root\"},{\"name\":\"PressureThick1\",\"parent\":\"root\",\"scaleX\":0.85,\"scaleY\":0.85},{\"name\":\"PressureThick2\",\"parent\":\"root\",\"scaleX\":0.85,\"scaleY\":0.85},{\"name\":\"PressureThin\",\"parent\":\"root\"},{\"name\":\"RayAll\",\"parent\":\"root\"},{\"name\":\"RayBigAll\",\"parent\":\"RayAll\",\"color\":\"ff0000ff\"},{\"name\":\"RayRotation1\",\"parent\":\"RayBigAll\",\"color\":\"ff0000ff\"},{\"name\":\"RayPosition1\",\"parent\":\"RayRotation1\",\"y\":100,\"color\":\"ff0000ff\"},{\"name\":\"RayRotation2\",\"parent\":\"RayBigAll\",\"rotation\":20,\"color\":\"ff0000ff\"},{\"name\":\"RayPosition2\",\"parent\":\"RayRotation2\",\"y\":100,\"color\":\"ff0000ff\"},{\"name\":\"RayRotation3\",\"parent\":\"RayBigAll\",\"rotation\":40,\"color\":\"ff0000ff\"},{\"name\":\"RayPosition3\",\"parent\":\"RayRotation3\",\"y\":100,\"color\":\"ff0000ff\"},{\"name\":\"RayRotation4\",\"parent\":\"RayBigAll\",\"rotation\":60,\"color\":\"ff0000ff\"},{\"name\":\"RayPosition4\",\"parent\":\"RayRotation4\",\"y\":100,\"color\":\"ff0000ff\"},{\"name\":\"RayRotation5\",\"parent\":\"RayBigAll\",\"rotation\":80,\"color\":\"ff0000ff\"},{\"name\":\"RayPosition5\",\"parent\":\"RayRotation5\",\"y\":100,\"color\":\"ff0000ff\"},{\"name\":\"RayRotation6\",\"parent\":\"RayBigAll\",\"rotation\":100,\"color\":\"ff0000ff\"},{\"name\":\"RayPosition6\",\"parent\":\"RayRotation6\",\"y\":100,\"color\":\"ff0000ff\"},{\"name\":\"RayRotation7\",\"parent\":\"RayBigAll\",\"rotation\":120,\"color\":\"ff0000ff\"},{\"name\":\"RayPosition7\",\"parent\":\"RayRotation7\",\"y\":100,\"color\":\"ff0000ff\"},{\"name\":\"RayRotation8\",\"parent\":\"RayBigAll\",\"rotation\":140,\"color\":\"ff0000ff\"},{\"name\":\"RayPosition8\",\"parent\":\"RayRotation8\",\"y\":100,\"color\":\"ff0000ff\"},{\"name\":\"RayRotation9\",\"parent\":\"RayBigAll\",\"rotation\":160,\"color\":\"ff0000ff\"},{\"name\":\"RayPosition9\",\"parent\":\"RayRotation9\",\"y\":100,\"color\":\"ff0000ff\"},{\"name\":\"RayRotation10\",\"parent\":\"RayBigAll\",\"rotation\":180,\"color\":\"ff0000ff\"},{\"name\":\"RayPosition10\",\"parent\":\"RayRotation10\",\"y\":100,\"color\":\"ff0000ff\"},{\"name\":\"RayRotation11\",\"parent\":\"RayBigAll\",\"rotation\":-160,\"color\":\"ff0000ff\"},{\"name\":\"RayPosition11\",\"parent\":\"RayRotation11\",\"y\":100,\"color\":\"ff0000ff\"},{\"name\":\"RayRotation12\",\"parent\":\"RayBigAll\",\"rotation\":-140,\"color\":\"ff0000ff\"},{\"name\":\"RayPosition12\",\"parent\":\"RayRotation12\",\"y\":100,\"color\":\"ff0000ff\"},{\"name\":\"RayRotation13\",\"parent\":\"RayBigAll\",\"rotation\":-120,\"color\":\"ff0000ff\"},{\"name\":\"RayPosition13\",\"parent\":\"RayRotation13\",\"y\":100,\"color\":\"ff0000ff\"},{\"name\":\"RayRotation14\",\"parent\":\"RayBigAll\",\"rotation\":-100,\"color\":\"ff0000ff\"},{\"name\":\"RayPosition14\",\"parent\":\"RayRotation14\",\"y\":100,\"color\":\"ff0000ff\"},{\"name\":\"RayRotation15\",\"parent\":\"RayBigAll\",\"rotation\":-80,\"color\":\"ff0000ff\"},{\"name\":\"RayPosition15\",\"parent\":\"RayRotation15\",\"y\":100,\"color\":\"ff0000ff\"},{\"name\":\"RayRotation16\",\"parent\":\"RayBigAll\",\"rotation\":-60,\"color\":\"ff0000ff\"},{\"name\":\"RayPosition16\",\"parent\":\"RayRotation16\",\"y\":100,\"color\":\"ff0000ff\"},{\"name\":\"RayRotation17\",\"parent\":\"RayBigAll\",\"rotation\":-40,\"color\":\"ff0000ff\"},{\"name\":\"RayPosition17\",\"parent\":\"RayRotation17\",\"y\":100,\"color\":\"ff0000ff\"},{\"name\":\"RayRotation18\",\"parent\":\"RayBigAll\",\"rotation\":-20,\"color\":\"ff0000ff\"},{\"name\":\"RayPosition18\",\"parent\":\"RayRotation18\",\"y\":100,\"color\":\"ff0000ff\"},{\"name\":\"RaySmallAll\",\"parent\":\"RayAll\",\"rotation\":-10,\"scaleX\":0.75,\"scaleY\":0.75,\"color\":\"0000ffff\"},{\"name\":\"RayRotation19\",\"parent\":\"RaySmallAll\",\"color\":\"0000ffff\"},{\"name\":\"RayPosition19\",\"parent\":\"RayRotation19\",\"y\":100,\"color\":\"0000ffff\"},{\"name\":\"RayRotation20\",\"parent\":\"RaySmallAll\",\"rotation\":20,\"color\":\"0000ffff\"},{\"name\":\"RayPosition20\",\"parent\":\"RayRotation20\",\"y\":100,\"color\":\"0000ffff\"},{\"name\":\"RayRotation21\",\"parent\":\"RaySmallAll\",\"rotation\":40,\"color\":\"0000ffff\"},{\"name\":\"RayPosition21\",\"parent\":\"RayRotation21\",\"y\":100,\"color\":\"0000ffff\"},{\"name\":\"RayRotation22\",\"parent\":\"RaySmallAll\",\"rotation\":60,\"color\":\"0000ffff\"},{\"name\":\"RayPosition22\",\"parent\":\"RayRotation22\",\"y\":100,\"color\":\"0000ffff\"},{\"name\":\"RayRotation23\",\"parent\":\"RaySmallAll\",\"rotation\":80,\"color\":\"0000ffff\"},{\"name\":\"RayPosition23\",\"parent\":\"RayRotation23\",\"y\":100,\"color\":\"0000ffff\"},{\"name\":\"RayRotation24\",\"parent\":\"RaySmallAll\",\"rotation\":100,\"color\":\"0000ffff\"},{\"name\":\"RayPosition24\",\"parent\":\"RayRotation24\",\"y\":100,\"color\":\"0000ffff\"},{\"name\":\"RayRotation25\",\"parent\":\"RaySmallAll\",\"rotation\":120,\"color\":\"0000ffff\"},{\"name\":\"RayPosition25\",\"parent\":\"RayRotation25\",\"y\":100,\"color\":\"0000ffff\"},{\"name\":\"RayRotation26\",\"parent\":\"RaySmallAll\",\"rotation\":140,\"color\":\"0000ffff\"},{\"name\":\"RayPosition26\",\"parent\":\"RayRotation26\",\"y\":100,\"color\":\"0000ffff\"},{\"name\":\"RayRotation27\",\"parent\":\"RaySmallAll\",\"rotation\":160,\"color\":\"0000ffff\"},{\"name\":\"RayPosition27\",\"parent\":\"RayRotation27\",\"y\":100,\"color\":\"0000ffff\"},{\"name\":\"RayRotation28\",\"parent\":\"RaySmallAll\",\"rotation\":-160,\"color\":\"0000ffff\"},{\"name\":\"RayPosition28\",\"parent\":\"RayRotation28\",\"y\":100,\"color\":\"0000ffff\"},{\"name\":\"RayRotation29\",\"parent\":\"RaySmallAll\",\"rotation\":-120,\"color\":\"0000ffff\"},{\"name\":\"RayPosition29\",\"parent\":\"RayRotation29\",\"y\":100,\"color\":\"0000ffff\"},{\"name\":\"RayRotation30\",\"parent\":\"RaySmallAll\",\"rotation\":-80,\"color\":\"0000ffff\"},{\"name\":\"RayPosition30\",\"parent\":\"RayRotation30\",\"y\":100,\"color\":\"0000ffff\"},{\"name\":\"RayRotation31\",\"parent\":\"RaySmallAll\",\"rotation\":-40,\"color\":\"0000ffff\"},{\"name\":\"RayPosition31\",\"parent\":\"RayRotation31\",\"y\":100,\"color\":\"0000ffff\"},{\"name\":\"RayRotation32\",\"parent\":\"RaySmallAll\",\"rotation\":180,\"color\":\"0000ffff\"},{\"name\":\"RayPosition32\",\"parent\":\"RayRotation32\",\"y\":100,\"color\":\"0000ffff\"},{\"name\":\"RayRotation33\",\"parent\":\"RaySmallAll\",\"rotation\":-140,\"color\":\"0000ffff\"},{\"name\":\"RayPosition33\",\"parent\":\"RayRotation33\",\"y\":100,\"color\":\"0000ffff\"},{\"name\":\"RayRotation34\",\"parent\":\"RaySmallAll\",\"rotation\":-100,\"color\":\"0000ffff\"},{\"name\":\"RayPosition34\",\"parent\":\"RayRotation34\",\"y\":100,\"color\":\"0000ffff\"},{\"name\":\"RayRotation35\",\"parent\":\"RaySmallAll\",\"rotation\":-60,\"color\":\"0000ffff\"},{\"name\":\"RayPosition35\",\"parent\":\"RayRotation35\",\"y\":100,\"color\":\"0000ffff\"},{\"name\":\"RayRotation36\",\"parent\":\"RaySmallAll\",\"rotation\":-20,\"color\":\"0000ffff\"},{\"name\":\"RayPosition36\",\"parent\":\"RayRotation36\",\"y\":100,\"color\":\"0000ffff\"}],\"slots\":[{\"name\":\"PressureThick1\",\"bone\":\"PressureThick1\",\"attachment\":\"PressureThick\"},{\"name\":\"PressureThick2\",\"bone\":\"PressureThick2\",\"attachment\":\"PressureThick\"},{\"name\":\"PressureThin\",\"bone\":\"PressureThin\",\"attachment\":\"PressureThin\"},{\"name\":\"Ray1\",\"bone\":\"RayPosition1\",\"attachment\":\"Ray\"},{\"name\":\"Ray19\",\"bone\":\"RayPosition19\",\"attachment\":\"Ray\"},{\"name\":\"Ray2\",\"bone\":\"RayPosition2\",\"attachment\":\"Ray\"},{\"name\":\"Ray20\",\"bone\":\"RayPosition20\",\"attachment\":\"Ray\"},{\"name\":\"Ray3\",\"bone\":\"RayPosition3\",\"attachment\":\"Ray\"},{\"name\":\"Ray21\",\"bone\":\"RayPosition21\",\"attachment\":\"Ray\"},{\"name\":\"Ray4\",\"bone\":\"RayPosition4\",\"attachment\":\"Ray\"},{\"name\":\"Ray22\",\"bone\":\"RayPosition22\",\"attachment\":\"Ray\"},{\"name\":\"Ray5\",\"bone\":\"RayPosition5\",\"attachment\":\"Ray\"},{\"name\":\"Ray23\",\"bone\":\"RayPosition23\",\"attachment\":\"Ray\"},{\"name\":\"Ray6\",\"bone\":\"RayPosition6\",\"attachment\":\"Ray\"},{\"name\":\"Ray24\",\"bone\":\"RayPosition24\",\"attachment\":\"Ray\"},{\"name\":\"Ray7\",\"bone\":\"RayPosition7\",\"attachment\":\"Ray\"},{\"name\":\"Ray25\",\"bone\":\"RayPosition25\",\"attachment\":\"Ray\"},{\"name\":\"Ray8\",\"bone\":\"RayPosition8\",\"attachment\":\"Ray\"},{\"name\":\"Ray26\",\"bone\":\"RayPosition26\",\"attachment\":\"Ray\"},{\"name\":\"Ray10\",\"bone\":\"RayPosition10\",\"attachment\":\"Ray\"},{\"name\":\"Ray32\",\"bone\":\"RayPosition32\",\"attachment\":\"Ray\"},{\"name\":\"Ray12\",\"bone\":\"RayPosition12\",\"attachment\":\"Ray\"},{\"name\":\"Ray33\",\"bone\":\"RayPosition33\",\"attachment\":\"Ray\"},{\"name\":\"Ray14\",\"bone\":\"RayPosition14\",\"attachment\":\"Ray\"},{\"name\":\"Ray34\",\"bone\":\"RayPosition34\",\"attachment\":\"Ray\"},{\"name\":\"Ray16\",\"bone\":\"RayPosition16\",\"attachment\":\"Ray\"},{\"name\":\"Ray35\",\"bone\":\"RayPosition35\",\"attachment\":\"Ray\"},{\"name\":\"Ray18\",\"bone\":\"RayPosition18\",\"attachment\":\"Ray\"},{\"name\":\"Ray36\",\"bone\":\"RayPosition36\",\"attachment\":\"Ray\"},{\"name\":\"Ray9\",\"bone\":\"RayPosition9\",\"attachment\":\"Ray\"},{\"name\":\"Ray27\",\"bone\":\"RayPosition27\",\"attachment\":\"Ray\"},{\"name\":\"Ray11\",\"bone\":\"RayPosition11\",\"attachment\":\"Ray\"},{\"name\":\"Ray28\",\"bone\":\"RayPosition28\",\"attachment\":\"Ray\"},{\"name\":\"Ray13\",\"bone\":\"RayPosition13\",\"attachment\":\"Ray\"},{\"name\":\"Ray29\",\"bone\":\"RayPosition29\",\"attachment\":\"Ray\"},{\"name\":\"Ray15\",\"bone\":\"RayPosition15\",\"attachment\":\"Ray\"},{\"name\":\"Ray30\",\"bone\":\"RayPosition30\",\"attachment\":\"Ray\"},{\"name\":\"Ray17\",\"bone\":\"RayPosition17\",\"attachment\":\"Ray\"},{\"name\":\"Ray31\",\"bone\":\"RayPosition31\",\"attachment\":\"Ray\"},{\"name\":\"HaloLeft\",\"bone\":\"Halo\",\"attachment\":\"Halo\"},{\"name\":\"HaloRight\",\"bone\":\"Halo\",\"attachment\":\"Halo\"},{\"name\":\"Light\",\"bone\":\"Light\",\"attachment\":\"Light\",\"blend\":\"additive\"}],\"skins\":{\"default\":{\"HaloLeft\":{\"Halo\":{\"x\":-100,\"scaleX\":1.25,\"scaleY\":1.25,\"width\":160,\"height\":322}},\"HaloRight\":{\"Halo\":{\"x\":100,\"scaleX\":-1.25,\"scaleY\":1.25,\"width\":160,\"height\":322}},\"Light\":{\"Light\":{\"color\":\"ffff96ff\",\"width\":162,\"height\":163}},\"PressureThick1\":{\"PressureThick\":{\"color\":\"ffaf7dff\",\"width\":255,\"height\":255}},\"PressureThick2\":{\"PressureThick\":{\"color\":\"ffaf7dff\",\"width\":255,\"height\":255}},\"PressureThin\":{\"PressureThin\":{\"color\":\"ffe17dff\",\"scaleX\":1.1,\"scaleY\":1.1,\"width\":239,\"height\":239}},\"Ray1\":{\"Ray\":{\"color\":\"ffffafff\",\"y\":85,\"scaleY\":0.7,\"width\":36,\"height\":252}},\"Ray10\":{\"Ray\":{\"color\":\"ffffafff\",\"y\":115,\"width\":36,\"height\":252}},\"Ray11\":{\"Ray\":{\"color\":\"ffffafff\",\"y\":85,\"scaleY\":0.7,\"width\":36,\"height\":252}},\"Ray12\":{\"Ray\":{\"color\":\"ffffafff\",\"y\":115,\"width\":36,\"height\":252}},\"Ray13\":{\"Ray\":{\"color\":\"ffffafff\",\"y\":85,\"scaleY\":0.7,\"width\":36,\"height\":252}},\"Ray14\":{\"Ray\":{\"color\":\"ffffafff\",\"y\":115,\"width\":36,\"height\":252}},\"Ray15\":{\"Ray\":{\"color\":\"ffffafff\",\"y\":85,\"scaleY\":0.7,\"width\":36,\"height\":252}},\"Ray16\":{\"Ray\":{\"color\":\"ffffafff\",\"y\":115,\"width\":36,\"height\":252}},\"Ray17\":{\"Ray\":{\"color\":\"ffffafff\",\"y\":85,\"scaleY\":0.7,\"width\":36,\"height\":252}},\"Ray18\":{\"Ray\":{\"color\":\"ffffafff\",\"y\":115,\"width\":36,\"height\":252}},\"Ray19\":{\"Ray\":{\"color\":\"ffffafff\",\"y\":85,\"scaleX\":2,\"scaleY\":0.7,\"width\":36,\"height\":252}},\"Ray2\":{\"Ray\":{\"color\":\"ffffafff\",\"y\":115,\"width\":36,\"height\":252}},\"Ray20\":{\"Ray\":{\"color\":\"ffffafff\",\"y\":115,\"scaleX\":2,\"width\":36,\"height\":252}},\"Ray21\":{\"Ray\":{\"color\":\"ffffafff\",\"y\":85,\"scaleX\":2,\"scaleY\":0.7,\"width\":36,\"height\":252}},\"Ray22\":{\"Ray\":{\"color\":\"ffffafff\",\"y\":115,\"scaleX\":2,\"width\":36,\"height\":252}},\"Ray23\":{\"Ray\":{\"color\":\"ffffafff\",\"y\":85,\"scaleX\":2,\"scaleY\":0.7,\"width\":36,\"height\":252}},\"Ray24\":{\"Ray\":{\"color\":\"ffffafff\",\"y\":115,\"scaleX\":2,\"width\":36,\"height\":252}},\"Ray25\":{\"Ray\":{\"color\":\"ffffafff\",\"y\":85,\"scaleX\":2,\"scaleY\":0.7,\"width\":36,\"height\":252}},\"Ray26\":{\"Ray\":{\"color\":\"ffffafff\",\"y\":115,\"scaleX\":2,\"width\":36,\"height\":252}},\"Ray27\":{\"Ray\":{\"color\":\"ffffafff\",\"y\":85,\"scaleX\":2,\"scaleY\":0.7,\"width\":36,\"height\":252}},\"Ray28\":{\"Ray\":{\"color\":\"ffffafff\",\"y\":85,\"scaleX\":2,\"scaleY\":0.7,\"width\":36,\"height\":252}},\"Ray29\":{\"Ray\":{\"color\":\"ffffafff\",\"y\":85,\"scaleY\":0.7,\"width\":36,\"height\":252}},\"Ray3\":{\"Ray\":{\"color\":\"ffffafff\",\"y\":85,\"scaleY\":0.7,\"width\":36,\"height\":252}},\"Ray30\":{\"Ray\":{\"color\":\"ffffafff\",\"y\":85,\"scaleX\":2,\"scaleY\":0.7,\"width\":36,\"height\":252}},\"Ray31\":{\"Ray\":{\"color\":\"ffffafff\",\"y\":85,\"scaleX\":2,\"scaleY\":0.7,\"width\":36,\"height\":252}},\"Ray32\":{\"Ray\":{\"color\":\"ffffafff\",\"y\":115,\"scaleX\":2,\"width\":36,\"height\":252}},\"Ray33\":{\"Ray\":{\"color\":\"ffffafff\",\"y\":115,\"scaleX\":2,\"width\":36,\"height\":252}},\"Ray34\":{\"Ray\":{\"color\":\"ffffafff\",\"y\":115,\"scaleX\":2,\"width\":36,\"height\":252}},\"Ray35\":{\"Ray\":{\"color\":\"ffffafff\",\"y\":115,\"scaleX\":2,\"width\":36,\"height\":252}},\"Ray36\":{\"Ray\":{\"color\":\"feffafff\",\"y\":115,\"scaleX\":2,\"width\":36,\"height\":252}},\"Ray4\":{\"Ray\":{\"color\":\"ffffafff\",\"y\":115,\"width\":36,\"height\":252}},\"Ray5\":{\"Ray\":{\"color\":\"ffffafff\",\"y\":85,\"scaleY\":0.7,\"width\":36,\"height\":252}},\"Ray6\":{\"Ray\":{\"color\":\"ffffafff\",\"y\":115,\"width\":36,\"height\":252}},\"Ray7\":{\"Ray\":{\"color\":\"ffffafff\",\"y\":85,\"scaleY\":0.7,\"width\":36,\"height\":252}},\"Ray8\":{\"Ray\":{\"color\":\"ffffafff\",\"y\":115,\"width\":36,\"height\":252}},\"Ray9\":{\"Ray\":{\"color\":\"ffffafff\",\"y\":85,\"scaleY\":0.7,\"width\":36,\"height\":252}}}},\"animations\":{\"animation\":{\"slots\":{\"HaloLeft\":{\"color\":[{\"time\":0.3333,\"color\":\"ffffffff\",\"curve\":[0.25,0,0.75,1]},{\"time\":0.6667,\"color\":\"ffffff00\"}]},\"HaloRight\":{\"color\":[{\"time\":0.3333,\"color\":\"ffffffff\",\"curve\":[0.25,0,0.75,1]},{\"time\":0.6667,\"color\":\"ffffff00\"}]},\"Light\":{\"color\":[{\"time\":0,\"color\":\"ffffff95\",\"curve\":\"stepped\"},{\"time\":0.3333,\"color\":\"ffffff95\",\"curve\":[0.25,0,0.75,1]},{\"time\":0.6667,\"color\":\"ffffff00\"}]},\"PressureThick1\":{\"color\":[{\"time\":0.2333,\"color\":\"ffffffff\",\"curve\":[0.25,0,0.75,1]},{\"time\":0.3667,\"color\":\"ffffff00\"}]},\"PressureThick2\":{\"color\":[{\"time\":0,\"color\":\"ffffffff\",\"curve\":[0.25,0,0.75,1]},{\"time\":0.8333,\"color\":\"ffffff00\"}]},\"PressureThin\":{\"color\":[{\"time\":0.1667,\"color\":\"ffffffff\",\"curve\":[0.25,0,0.75,1]},{\"time\":0.5,\"color\":\"ffffff00\"}]},\"Ray1\":{\"color\":[{\"time\":0,\"color\":\"ffffff00\",\"curve\":[0.25,0,0.75,1]},{\"time\":0.1333,\"color\":\"ffffffff\",\"curve\":[0.25,0,0.75,1]},{\"time\":0.4333,\"color\":\"ffffff00\"}]},\"Ray2\":{\"color\":[{\"time\":0,\"color\":\"ffffff00\",\"curve\":\"stepped\"},{\"time\":0.0667,\"color\":\"ffffff00\",\"curve\":[0.25,0,0.75,1]},{\"time\":0.2,\"color\":\"ffffffff\",\"curve\":[0.25,0,0.75,1]},{\"time\":0.5667,\"color\":\"ffffff00\"}]},\"Ray3\":{\"color\":[{\"time\":0,\"color\":\"ffffff00\",\"curve\":[0.25,0,0.75,1]},{\"time\":0.1333,\"color\":\"ffffffff\",\"curve\":[0.25,0,0.75,1]},{\"time\":0.4333,\"color\":\"ffffff00\"}]},\"Ray4\":{\"color\":[{\"time\":0,\"color\":\"ffffff00\",\"curve\":\"stepped\"},{\"time\":0.0667,\"color\":\"ffffff00\",\"curve\":[0.25,0,0.75,1]},{\"time\":0.2,\"color\":\"ffffffff\",\"curve\":[0.25,0,0.75,1]},{\"time\":0.5667,\"color\":\"ffffff00\"}]},\"Ray5\":{\"color\":[{\"time\":0,\"color\":\"ffffff00\",\"curve\":[0.25,0,0.75,1]},{\"time\":0.1333,\"color\":\"ffffffff\",\"curve\":[0.25,0,0.75,1]},{\"time\":0.4333,\"color\":\"ffffff00\"}]},\"Ray6\":{\"color\":[{\"time\":0,\"color\":\"ffffff00\",\"curve\":\"stepped\"},{\"time\":0.0667,\"color\":\"ffffff00\",\"curve\":[0.25,0,0.75,1]},{\"time\":0.2,\"color\":\"ffffffff\",\"curve\":[0.25,0,0.75,1]},{\"time\":0.5667,\"color\":\"ffffff00\"}]},\"Ray7\":{\"color\":[{\"time\":0,\"color\":\"ffffff00\",\"curve\":[0.25,0,0.75,1]},{\"time\":0.1333,\"color\":\"ffffffff\",\"curve\":[0.25,0,0.75,1]},{\"time\":0.4333,\"color\":\"ffffff00\"}]},\"Ray8\":{\"color\":[{\"time\":0,\"color\":\"ffffff00\",\"curve\":\"stepped\"},{\"time\":0.0667,\"color\":\"ffffff00\",\"curve\":[0.25,0,0.75,1]},{\"time\":0.2,\"color\":\"ffffffff\",\"curve\":[0.25,0,0.75,1]},{\"time\":0.5667,\"color\":\"ffffff00\"}]},\"Ray9\":{\"color\":[{\"time\":0,\"color\":\"ffffff00\",\"curve\":[0.25,0,0.75,1]},{\"time\":0.1333,\"color\":\"ffffffff\",\"curve\":[0.25,0,0.75,1]},{\"time\":0.4333,\"color\":\"ffffff00\"}]},\"Ray10\":{\"color\":[{\"time\":0,\"color\":\"ffffff00\",\"curve\":\"stepped\"},{\"time\":0.0667,\"color\":\"ffffff00\",\"curve\":[0.25,0,0.75,1]},{\"time\":0.2,\"color\":\"ffffffff\",\"curve\":[0.25,0,0.75,1]},{\"time\":0.5667,\"color\":\"ffffff00\"}]},\"Ray11\":{\"color\":[{\"time\":0,\"color\":\"ffffff00\",\"curve\":[0.25,0,0.75,1]},{\"time\":0.1333,\"color\":\"ffffffff\",\"curve\":[0.25,0,0.75,1]},{\"time\":0.4333,\"color\":\"ffffff00\"}]},\"Ray12\":{\"color\":[{\"time\":0,\"color\":\"ffffff00\",\"curve\":\"stepped\"},{\"time\":0.0667,\"color\":\"ffffff00\",\"curve\":[0.25,0,0.75,1]},{\"time\":0.2,\"color\":\"ffffffff\",\"curve\":[0.25,0,0.75,1]},{\"time\":0.5667,\"color\":\"ffffff00\"}]},\"Ray13\":{\"color\":[{\"time\":0,\"color\":\"ffffff00\",\"curve\":[0.25,0,0.75,1]},{\"time\":0.1333,\"color\":\"ffffffff\",\"curve\":[0.25,0,0.75,1]},{\"time\":0.4333,\"color\":\"ffffff00\"}]},\"Ray14\":{\"color\":[{\"time\":0,\"color\":\"ffffff00\",\"curve\":\"stepped\"},{\"time\":0.0667,\"color\":\"ffffff00\",\"curve\":[0.25,0,0.75,1]},{\"time\":0.2,\"color\":\"ffffffff\",\"curve\":[0.25,0,0.75,1]},{\"time\":0.5667,\"color\":\"ffffff00\"}]},\"Ray15\":{\"color\":[{\"time\":0,\"color\":\"ffffff00\",\"curve\":[0.25,0,0.75,1]},{\"time\":0.1333,\"color\":\"ffffffff\",\"curve\":[0.25,0,0.75,1]},{\"time\":0.4333,\"color\":\"ffffff00\"}]},\"Ray16\":{\"color\":[{\"time\":0,\"color\":\"ffffff00\",\"curve\":\"stepped\"},{\"time\":0.0667,\"color\":\"ffffff00\",\"curve\":[0.25,0,0.75,1]},{\"time\":0.2,\"color\":\"ffffffff\",\"curve\":[0.25,0,0.75,1]},{\"time\":0.5667,\"color\":\"ffffff00\"}]},\"Ray17\":{\"color\":[{\"time\":0,\"color\":\"ffffff00\",\"curve\":[0.25,0,0.75,1]},{\"time\":0.1333,\"color\":\"ffffffff\",\"curve\":[0.25,0,0.75,1]},{\"time\":0.4333,\"color\":\"ffffff00\"}]},\"Ray18\":{\"color\":[{\"time\":0,\"color\":\"ffffff00\",\"curve\":\"stepped\"},{\"time\":0.0667,\"color\":\"ffffff00\",\"curve\":[0.25,0,0.75,1]},{\"time\":0.2,\"color\":\"ffffffff\",\"curve\":[0.25,0,0.75,1]},{\"time\":0.5667,\"color\":\"ffffff00\"}]},\"Ray19\":{\"color\":[{\"time\":0,\"color\":\"ffffff00\",\"curve\":\"stepped\"},{\"time\":0.0333,\"color\":\"ffffff00\",\"curve\":[0.25,0,0.75,1]},{\"time\":0.1667,\"color\":\"ffffffff\",\"curve\":[0.25,0,0.75,1]},{\"time\":0.4333,\"color\":\"ffffff00\"}]},\"Ray20\":{\"color\":[{\"time\":0,\"color\":\"ffffff00\",\"curve\":\"stepped\"},{\"time\":0.1,\"color\":\"ffffff00\",\"curve\":[0.25,0,0.75,1]},{\"time\":0.2333,\"color\":\"ffffffff\",\"curve\":[0.25,0,0.75,1]},{\"time\":0.5667,\"color\":\"ffffff00\"}]},\"Ray21\":{\"color\":[{\"time\":0,\"color\":\"ffffff00\",\"curve\":\"stepped\"},{\"time\":0.0333,\"color\":\"ffffff00\",\"curve\":[0.25,0,0.75,1]},{\"time\":0.1667,\"color\":\"ffffffff\",\"curve\":[0.25,0,0.75,1]},{\"time\":0.4333,\"color\":\"ffffff00\"}]},\"Ray22\":{\"color\":[{\"time\":0,\"color\":\"ffffff00\",\"curve\":\"stepped\"},{\"time\":0.1,\"color\":\"ffffff00\",\"curve\":[0.25,0,0.75,1]},{\"time\":0.2333,\"color\":\"ffffffff\",\"curve\":[0.25,0,0.75,1]},{\"time\":0.5667,\"color\":\"ffffff00\"}]},\"Ray23\":{\"color\":[{\"time\":0,\"color\":\"ffffff00\",\"curve\":\"stepped\"},{\"time\":0.0333,\"color\":\"ffffff00\",\"curve\":[0.25,0,0.75,1]},{\"time\":0.1667,\"color\":\"ffffffff\",\"curve\":[0.25,0,0.75,1]},{\"time\":0.4333,\"color\":\"ffffff00\"}]},\"Ray24\":{\"color\":[{\"time\":0,\"color\":\"ffffff00\",\"curve\":\"stepped\"},{\"time\":0.1,\"color\":\"ffffff00\",\"curve\":[0.25,0,0.75,1]},{\"time\":0.2333,\"color\":\"ffffffff\",\"curve\":[0.25,0,0.75,1]},{\"time\":0.5667,\"color\":\"ffffff00\"}]},\"Ray25\":{\"color\":[{\"time\":0,\"color\":\"ffffff00\",\"curve\":\"stepped\"},{\"time\":0.0333,\"color\":\"ffffff00\",\"curve\":[0.25,0,0.75,1]},{\"time\":0.1667,\"color\":\"ffffffff\",\"curve\":[0.25,0,0.75,1]},{\"time\":0.4333,\"color\":\"ffffff00\"}]},\"Ray26\":{\"color\":[{\"time\":0,\"color\":\"ffffff00\",\"curve\":\"stepped\"},{\"time\":0.1,\"color\":\"ffffff00\",\"curve\":[0.25,0,0.75,1]},{\"time\":0.2333,\"color\":\"ffffffff\",\"curve\":[0.25,0,0.75,1]},{\"time\":0.5667,\"color\":\"ffffff00\"}]},\"Ray27\":{\"color\":[{\"time\":0,\"color\":\"ffffff00\",\"curve\":\"stepped\"},{\"time\":0.0333,\"color\":\"ffffff00\",\"curve\":[0.25,0,0.75,1]},{\"time\":0.1667,\"color\":\"ffffffff\",\"curve\":[0.25,0,0.75,1]},{\"time\":0.4333,\"color\":\"ffffff00\"}]},\"Ray28\":{\"color\":[{\"time\":0,\"color\":\"ffffff00\",\"curve\":\"stepped\"},{\"time\":0.0333,\"color\":\"ffffff00\",\"curve\":[0.25,0,0.75,1]},{\"time\":0.1667,\"color\":\"ffffffff\",\"curve\":[0.25,0,0.75,1]},{\"time\":0.4333,\"color\":\"ffffff00\"}]},\"Ray29\":{\"color\":[{\"time\":0,\"color\":\"ffffff00\",\"curve\":\"stepped\"},{\"time\":0.0333,\"color\":\"ffffff00\",\"curve\":[0.25,0,0.75,1]},{\"time\":0.1667,\"color\":\"ffffffff\",\"curve\":[0.25,0,0.75,1]},{\"time\":0.4333,\"color\":\"ffffff00\"}]},\"Ray30\":{\"color\":[{\"time\":0,\"color\":\"ffffff00\",\"curve\":\"stepped\"},{\"time\":0.0333,\"color\":\"ffffff00\",\"curve\":[0.25,0,0.75,1]},{\"time\":0.1667,\"color\":\"ffffffff\",\"curve\":[0.25,0,0.75,1]},{\"time\":0.4333,\"color\":\"ffffff00\"}]},\"Ray31\":{\"color\":[{\"time\":0,\"color\":\"ffffff00\",\"curve\":\"stepped\"},{\"time\":0.0333,\"color\":\"ffffff00\",\"curve\":[0.25,0,0.75,1]},{\"time\":0.1667,\"color\":\"ffffffff\",\"curve\":[0.25,0,0.75,1]},{\"time\":0.4333,\"color\":\"ffffff00\"}]},\"Ray32\":{\"color\":[{\"time\":0,\"color\":\"ffffff00\",\"curve\":\"stepped\"},{\"time\":0.1,\"color\":\"ffffff00\",\"curve\":[0.25,0,0.75,1]},{\"time\":0.2333,\"color\":\"ffffffff\",\"curve\":[0.25,0,0.75,1]},{\"time\":0.5667,\"color\":\"ffffff00\"}]},\"Ray33\":{\"color\":[{\"time\":0,\"color\":\"ffffff00\",\"curve\":\"stepped\"},{\"time\":0.1,\"color\":\"ffffff00\",\"curve\":[0.25,0,0.75,1]},{\"time\":0.2333,\"color\":\"ffffffff\",\"curve\":[0.25,0,0.75,1]},{\"time\":0.5667,\"color\":\"ffffff00\"}]},\"Ray34\":{\"color\":[{\"time\":0,\"color\":\"ffffff00\",\"curve\":\"stepped\"},{\"time\":0.1,\"color\":\"ffffff00\",\"curve\":[0.25,0,0.75,1]},{\"time\":0.2333,\"color\":\"ffffffff\",\"curve\":[0.25,0,0.75,1]},{\"time\":0.5667,\"color\":\"ffffff00\"}]},\"Ray35\":{\"color\":[{\"time\":0,\"color\":\"ffffff00\",\"curve\":\"stepped\"},{\"time\":0.1,\"color\":\"ffffff00\",\"curve\":[0.25,0,0.75,1]},{\"time\":0.2333,\"color\":\"ffffffff\",\"curve\":[0.25,0,0.75,1]},{\"time\":0.5667,\"color\":\"ffffff00\"}]},\"Ray36\":{\"color\":[{\"time\":0,\"color\":\"ffffff00\",\"curve\":\"stepped\"},{\"time\":0.1,\"color\":\"ffffff00\",\"curve\":[0.25,0,0.75,1]},{\"time\":0.2333,\"color\":\"ffffffff\",\"curve\":[0.25,0,0.75,1]},{\"time\":0.5667,\"color\":\"ffffff00\"}]}},\"bones\":{\"RayRotation1\":{\"scale\":[{\"time\":0,\"x\":0,\"y\":0,\"curve\":[0.25,0,0.75,1]},{\"time\":0.1333,\"x\":1,\"y\":1,\"curve\":[0.25,0,0.75,1]},{\"time\":0.4333,\"x\":1.25,\"y\":1.25}]},\"RayRotation2\":{\"scale\":[{\"time\":0,\"x\":0,\"y\":0,\"curve\":\"stepped\"},{\"time\":0.0667,\"x\":0,\"y\":0,\"curve\":[0.25,0,0.75,1]},{\"time\":0.2,\"x\":1,\"y\":1,\"curve\":[0.25,0,0.75,1]},{\"time\":0.5667,\"x\":1.5,\"y\":1.5}]},\"RayRotation3\":{\"scale\":[{\"time\":0,\"x\":0,\"y\":0,\"curve\":[0.25,0,0.75,1]},{\"time\":0.1333,\"x\":1,\"y\":1,\"curve\":[0.25,0,0.75,1]},{\"time\":0.4333,\"x\":1.25,\"y\":1.25}]},\"RayRotation4\":{\"scale\":[{\"time\":0,\"x\":0,\"y\":0,\"curve\":\"stepped\"},{\"time\":0.0667,\"x\":0,\"y\":0,\"curve\":[0.25,0,0.75,1]},{\"time\":0.2,\"x\":1,\"y\":1,\"curve\":[0.25,0,0.75,1]},{\"time\":0.5667,\"x\":1.5,\"y\":1.5}]},\"RayRotation5\":{\"scale\":[{\"time\":0,\"x\":0,\"y\":0,\"curve\":[0.25,0,0.75,1]},{\"time\":0.1333,\"x\":1,\"y\":1,\"curve\":[0.25,0,0.75,1]},{\"time\":0.4333,\"x\":1.25,\"y\":1.25}]},\"RayRotation6\":{\"scale\":[{\"time\":0,\"x\":0,\"y\":0,\"curve\":\"stepped\"},{\"time\":0.0667,\"x\":0,\"y\":0,\"curve\":[0.25,0,0.75,1]},{\"time\":0.2,\"x\":1,\"y\":1,\"curve\":[0.25,0,0.75,1]},{\"time\":0.5667,\"x\":1.5,\"y\":1.5}]},\"RayRotation7\":{\"scale\":[{\"time\":0,\"x\":0,\"y\":0,\"curve\":[0.25,0,0.75,1]},{\"time\":0.1333,\"x\":1,\"y\":1,\"curve\":[0.25,0,0.75,1]},{\"time\":0.4333,\"x\":1.25,\"y\":1.25}]},\"RayRotation8\":{\"scale\":[{\"time\":0,\"x\":0,\"y\":0,\"curve\":\"stepped\"},{\"time\":0.0667,\"x\":0,\"y\":0,\"curve\":[0.25,0,0.75,1]},{\"time\":0.2,\"x\":1,\"y\":1,\"curve\":[0.25,0,0.75,1]},{\"time\":0.5667,\"x\":1.5,\"y\":1.5}]},\"RayRotation9\":{\"scale\":[{\"time\":0,\"x\":0,\"y\":0,\"curve\":[0.25,0,0.75,1]},{\"time\":0.1333,\"x\":1,\"y\":1,\"curve\":[0.25,0,0.75,1]},{\"time\":0.4333,\"x\":1.25,\"y\":1.25}]},\"RayRotation11\":{\"scale\":[{\"time\":0,\"x\":0,\"y\":0,\"curve\":[0.25,0,0.75,1]},{\"time\":0.1333,\"x\":1,\"y\":1,\"curve\":[0.25,0,0.75,1]},{\"time\":0.4333,\"x\":1.25,\"y\":1.25}]},\"RayRotation13\":{\"scale\":[{\"time\":0,\"x\":0,\"y\":0,\"curve\":[0.25,0,0.75,1]},{\"time\":0.1333,\"x\":1,\"y\":1,\"curve\":[0.25,0,0.75,1]},{\"time\":0.4333,\"x\":1.25,\"y\":1.25}]},\"RayRotation15\":{\"scale\":[{\"time\":0,\"x\":0,\"y\":0,\"curve\":[0.25,0,0.75,1]},{\"time\":0.1333,\"x\":1,\"y\":1,\"curve\":[0.25,0,0.75,1]},{\"time\":0.4333,\"x\":1.25,\"y\":1.25}]},\"RayRotation17\":{\"scale\":[{\"time\":0,\"x\":0,\"y\":0,\"curve\":[0.25,0,0.75,1]},{\"time\":0.1333,\"x\":1,\"y\":1,\"curve\":[0.25,0,0.75,1]},{\"time\":0.4333,\"x\":1.25,\"y\":1.25}]},\"RayRotation10\":{\"scale\":[{\"time\":0,\"x\":0,\"y\":0,\"curve\":\"stepped\"},{\"time\":0.0667,\"x\":0,\"y\":0,\"curve\":[0.25,0,0.75,1]},{\"time\":0.2,\"x\":1,\"y\":1,\"curve\":[0.25,0,0.75,1]},{\"time\":0.5667,\"x\":1.5,\"y\":1.5}]},\"RayRotation12\":{\"scale\":[{\"time\":0,\"x\":0,\"y\":0,\"curve\":\"stepped\"},{\"time\":0.0667,\"x\":0,\"y\":0,\"curve\":[0.25,0,0.75,1]},{\"time\":0.2,\"x\":1,\"y\":1,\"curve\":[0.25,0,0.75,1]},{\"time\":0.5667,\"x\":1.5,\"y\":1.5}]},\"RayRotation14\":{\"scale\":[{\"time\":0,\"x\":0,\"y\":0,\"curve\":\"stepped\"},{\"time\":0.0667,\"x\":0,\"y\":0,\"curve\":[0.25,0,0.75,1]},{\"time\":0.2,\"x\":1,\"y\":1,\"curve\":[0.25,0,0.75,1]},{\"time\":0.5667,\"x\":1.5,\"y\":1.5}]},\"RayRotation16\":{\"scale\":[{\"time\":0,\"x\":0,\"y\":0,\"curve\":\"stepped\"},{\"time\":0.0667,\"x\":0,\"y\":0,\"curve\":[0.25,0,0.75,1]},{\"time\":0.2,\"x\":1,\"y\":1,\"curve\":[0.25,0,0.75,1]},{\"time\":0.5667,\"x\":1.5,\"y\":1.5}]},\"RayRotation18\":{\"scale\":[{\"time\":0,\"x\":0,\"y\":0,\"curve\":\"stepped\"},{\"time\":0.0667,\"x\":0,\"y\":0,\"curve\":[0.25,0,0.75,1]},{\"time\":0.2,\"x\":1,\"y\":1,\"curve\":[0.25,0,0.75,1]},{\"time\":0.5667,\"x\":1.5,\"y\":1.5}]},\"RayRotation19\":{\"scale\":[{\"time\":0,\"x\":0,\"y\":0,\"curve\":\"stepped\"},{\"time\":0.0333,\"x\":0,\"y\":0,\"curve\":[0.25,0,0.75,1]},{\"time\":0.1667,\"x\":1,\"y\":1,\"curve\":[0.25,0,0.75,1]},{\"time\":0.4333,\"x\":1.25,\"y\":1.25}]},\"RayRotation20\":{\"scale\":[{\"time\":0,\"x\":0,\"y\":0,\"curve\":\"stepped\"},{\"time\":0.1,\"x\":0,\"y\":0,\"curve\":[0.25,0,0.75,1]},{\"time\":0.2333,\"x\":1,\"y\":1,\"curve\":[0.25,0,0.75,1]},{\"time\":0.5667,\"x\":1.5,\"y\":1.5}]},\"RayRotation21\":{\"scale\":[{\"time\":0,\"x\":0,\"y\":0,\"curve\":\"stepped\"},{\"time\":0.0333,\"x\":0,\"y\":0,\"curve\":[0.25,0,0.75,1]},{\"time\":0.1667,\"x\":1,\"y\":1,\"curve\":[0.25,0,0.75,1]},{\"time\":0.4333,\"x\":1.25,\"y\":1.25}]},\"RayRotation22\":{\"scale\":[{\"time\":0,\"x\":0,\"y\":0,\"curve\":\"stepped\"},{\"time\":0.1,\"x\":0,\"y\":0,\"curve\":[0.25,0,0.75,1]},{\"time\":0.2333,\"x\":1,\"y\":1,\"curve\":[0.25,0,0.75,1]},{\"time\":0.5667,\"x\":1.5,\"y\":1.5}]},\"RayRotation23\":{\"scale\":[{\"time\":0,\"x\":0,\"y\":0,\"curve\":\"stepped\"},{\"time\":0.0333,\"x\":0,\"y\":0,\"curve\":[0.25,0,0.75,1]},{\"time\":0.1667,\"x\":1,\"y\":1,\"curve\":[0.25,0,0.75,1]},{\"time\":0.4333,\"x\":1.25,\"y\":1.25}]},\"RayRotation24\":{\"scale\":[{\"time\":0,\"x\":0,\"y\":0,\"curve\":\"stepped\"},{\"time\":0.1,\"x\":0,\"y\":0,\"curve\":[0.25,0,0.75,1]},{\"time\":0.2333,\"x\":1,\"y\":1,\"curve\":[0.25,0,0.75,1]},{\"time\":0.5667,\"x\":1.5,\"y\":1.5}]},\"RayRotation25\":{\"scale\":[{\"time\":0,\"x\":0,\"y\":0,\"curve\":\"stepped\"},{\"time\":0.0333,\"x\":0,\"y\":0,\"curve\":[0.25,0,0.75,1]},{\"time\":0.1667,\"x\":1,\"y\":1,\"curve\":[0.25,0,0.75,1]},{\"time\":0.4333,\"x\":1.25,\"y\":1.25}]},\"RayRotation26\":{\"scale\":[{\"time\":0,\"x\":0,\"y\":0,\"curve\":\"stepped\"},{\"time\":0.1,\"x\":0,\"y\":0,\"curve\":[0.25,0,0.75,1]},{\"time\":0.2333,\"x\":1,\"y\":1,\"curve\":[0.25,0,0.75,1]},{\"time\":0.5667,\"x\":1.5,\"y\":1.5}]},\"RayRotation27\":{\"scale\":[{\"time\":0,\"x\":0,\"y\":0,\"curve\":\"stepped\"},{\"time\":0.0333,\"x\":0,\"y\":0,\"curve\":[0.25,0,0.75,1]},{\"time\":0.1667,\"x\":1,\"y\":1,\"curve\":[0.25,0,0.75,1]},{\"time\":0.4333,\"x\":1.25,\"y\":1.25}]},\"RayRotation28\":{\"scale\":[{\"time\":0,\"x\":0,\"y\":0,\"curve\":\"stepped\"},{\"time\":0.0333,\"x\":0,\"y\":0,\"curve\":[0.25,0,0.75,1]},{\"time\":0.1667,\"x\":1,\"y\":1,\"curve\":[0.25,0,0.75,1]},{\"time\":0.4333,\"x\":1.25,\"y\":1.25}]},\"RayRotation29\":{\"scale\":[{\"time\":0,\"x\":0,\"y\":0,\"curve\":\"stepped\"},{\"time\":0.0333,\"x\":0,\"y\":0,\"curve\":[0.25,0,0.75,1]},{\"time\":0.1667,\"x\":1,\"y\":1,\"curve\":[0.25,0,0.75,1]},{\"time\":0.4333,\"x\":1.25,\"y\":1.25}]},\"RayRotation30\":{\"scale\":[{\"time\":0,\"x\":0,\"y\":0,\"curve\":\"stepped\"},{\"time\":0.0333,\"x\":0,\"y\":0,\"curve\":[0.25,0,0.75,1]},{\"time\":0.1667,\"x\":1,\"y\":1,\"curve\":[0.25,0,0.75,1]},{\"time\":0.4333,\"x\":1.25,\"y\":1.25}]},\"RayRotation31\":{\"scale\":[{\"time\":0,\"x\":0,\"y\":0,\"curve\":\"stepped\"},{\"time\":0.0333,\"x\":0,\"y\":0,\"curve\":[0.25,0,0.75,1]},{\"time\":0.1667,\"x\":1,\"y\":1,\"curve\":[0.25,0,0.75,1]},{\"time\":0.4333,\"x\":1.25,\"y\":1.25}]},\"RayRotation32\":{\"scale\":[{\"time\":0,\"x\":0,\"y\":0,\"curve\":\"stepped\"},{\"time\":0.1,\"x\":0,\"y\":0,\"curve\":[0.25,0,0.75,1]},{\"time\":0.2333,\"x\":1,\"y\":1,\"curve\":[0.25,0,0.75,1]},{\"time\":0.5667,\"x\":1.5,\"y\":1.5}]},\"RayRotation33\":{\"scale\":[{\"time\":0,\"x\":0,\"y\":0,\"curve\":\"stepped\"},{\"time\":0.1,\"x\":0,\"y\":0,\"curve\":[0.25,0,0.75,1]},{\"time\":0.2333,\"x\":1,\"y\":1,\"curve\":[0.25,0,0.75,1]},{\"time\":0.5667,\"x\":1.5,\"y\":1.5}]},\"RayRotation34\":{\"scale\":[{\"time\":0,\"x\":0,\"y\":0,\"curve\":\"stepped\"},{\"time\":0.1,\"x\":0,\"y\":0,\"curve\":[0.25,0,0.75,1]},{\"time\":0.2333,\"x\":1,\"y\":1,\"curve\":[0.25,0,0.75,1]},{\"time\":0.5667,\"x\":1.5,\"y\":1.5}]},\"RayRotation35\":{\"scale\":[{\"time\":0,\"x\":0,\"y\":0,\"curve\":\"stepped\"},{\"time\":0.1,\"x\":0,\"y\":0,\"curve\":[0.25,0,0.75,1]},{\"time\":0.2333,\"x\":1,\"y\":1,\"curve\":[0.25,0,0.75,1]},{\"time\":0.5667,\"x\":1.5,\"y\":1.5}]},\"RayRotation36\":{\"scale\":[{\"time\":0,\"x\":0,\"y\":0,\"curve\":\"stepped\"},{\"time\":0.1,\"x\":0,\"y\":0,\"curve\":[0.25,0,0.75,1]},{\"time\":0.2333,\"x\":1,\"y\":1,\"curve\":[0.25,0,0.75,1]},{\"time\":0.5667,\"x\":1.5,\"y\":1.5}]},\"PressureThick1\":{\"scale\":[{\"time\":0,\"x\":0,\"y\":0,\"curve\":[0.25,0,0.75,1]},{\"time\":0.3667,\"x\":3.529,\"y\":3.529}]},\"PressureThin\":{\"scale\":[{\"time\":0,\"x\":0,\"y\":0,\"curve\":[0.25,0,0.75,1]},{\"time\":0.5,\"x\":5,\"y\":5}]},\"Halo\":{\"scale\":[{\"time\":0,\"x\":0,\"y\":0,\"curve\":[0.25,0,0.75,1]},{\"time\":0.5,\"x\":3.824,\"y\":3.824},{\"time\":0.6667,\"x\":4.706,\"y\":4.706,\"curve\":\"stepped\"},{\"time\":1.1667,\"x\":4.706,\"y\":4.706}]},\"PressureThick2\":{\"scale\":[{\"time\":0,\"x\":0,\"y\":0,\"curve\":[0.25,0,0.75,1]},{\"time\":0.6667,\"x\":3.882,\"y\":3.882}]},\"Light\":{\"scale\":[{\"time\":0,\"x\":0,\"y\":0,\"curve\":[0.25,0,0.75,1]},{\"time\":0.1667,\"x\":7,\"y\":7,\"curve\":[0.25,0,0.75,1]},{\"time\":0.6667,\"x\":8,\"y\":8}]},\"RayAll\":{\"scale\":[{\"time\":0,\"x\":0,\"y\":0,\"curve\":[0.25,0,0.75,1]},{\"time\":0.3333,\"x\":2,\"y\":2}]}}}}}","_skeletonJson":{"skeleton":{"hash":"bFsiDTpg64MlGUiysbpGM0iO64c","spine":"3.7.94","width":454.19,"height":447.29,"images":"./images/","audio":""},"bones":[{"name":"root","scaleX":0.67,"scaleY":0.67},{"name":"Halo","parent":"root","rotation":30,"scaleX":0.85,"scaleY":0.85},{"name":"Light","parent":"root"},{"name":"PressureThick1","parent":"root","scaleX":0.85,"scaleY":0.85},{"name":"PressureThick2","parent":"root","scaleX":0.85,"scaleY":0.85},{"name":"PressureThin","parent":"root"},{"name":"RayAll","parent":"root"},{"name":"RayBigAll","parent":"RayAll","color":"ff0000ff"},{"name":"RayRotation1","parent":"RayBigAll","color":"ff0000ff"},{"name":"RayPosition1","parent":"RayRotation1","y":100,"color":"ff0000ff"},{"name":"RayRotation2","parent":"RayBigAll","rotation":20,"color":"ff0000ff"},{"name":"RayPosition2","parent":"RayRotation2","y":100,"color":"ff0000ff"},{"name":"RayRotation3","parent":"RayBigAll","rotation":40,"color":"ff0000ff"},{"name":"RayPosition3","parent":"RayRotation3","y":100,"color":"ff0000ff"},{"name":"RayRotation4","parent":"RayBigAll","rotation":60,"color":"ff0000ff"},{"name":"RayPosition4","parent":"RayRotation4","y":100,"color":"ff0000ff"},{"name":"RayRotation5","parent":"RayBigAll","rotation":80,"color":"ff0000ff"},{"name":"RayPosition5","parent":"RayRotation5","y":100,"color":"ff0000ff"},{"name":"RayRotation6","parent":"RayBigAll","rotation":100,"color":"ff0000ff"},{"name":"RayPosition6","parent":"RayRotation6","y":100,"color":"ff0000ff"},{"name":"RayRotation7","parent":"RayBigAll","rotation":120,"color":"ff0000ff"},{"name":"RayPosition7","parent":"RayRotation7","y":100,"color":"ff0000ff"},{"name":"RayRotation8","parent":"RayBigAll","rotation":140,"color":"ff0000ff"},{"name":"RayPosition8","parent":"RayRotation8","y":100,"color":"ff0000ff"},{"name":"RayRotation9","parent":"RayBigAll","rotation":160,"color":"ff0000ff"},{"name":"RayPosition9","parent":"RayRotation9","y":100,"color":"ff0000ff"},{"name":"RayRotation10","parent":"RayBigAll","rotation":180,"color":"ff0000ff"},{"name":"RayPosition10","parent":"RayRotation10","y":100,"color":"ff0000ff"},{"name":"RayRotation11","parent":"RayBigAll","rotation":-160,"color":"ff0000ff"},{"name":"RayPosition11","parent":"RayRotation11","y":100,"color":"ff0000ff"},{"name":"RayRotation12","parent":"RayBigAll","rotation":-140,"color":"ff0000ff"},{"name":"RayPosition12","parent":"RayRotation12","y":100,"color":"ff0000ff"},{"name":"RayRotation13","parent":"RayBigAll","rotation":-120,"color":"ff0000ff"},{"name":"RayPosition13","parent":"RayRotation13","y":100,"color":"ff0000ff"},{"name":"RayRotation14","parent":"RayBigAll","rotation":-100,"color":"ff0000ff"},{"name":"RayPosition14","parent":"RayRotation14","y":100,"color":"ff0000ff"},{"name":"RayRotation15","parent":"RayBigAll","rotation":-80,"color":"ff0000ff"},{"name":"RayPosition15","parent":"RayRotation15","y":100,"color":"ff0000ff"},{"name":"RayRotation16","parent":"RayBigAll","rotation":-60,"color":"ff0000ff"},{"name":"RayPosition16","parent":"RayRotation16","y":100,"color":"ff0000ff"},{"name":"RayRotation17","parent":"RayBigAll","rotation":-40,"color":"ff0000ff"},{"name":"RayPosition17","parent":"RayRotation17","y":100,"color":"ff0000ff"},{"name":"RayRotation18","parent":"RayBigAll","rotation":-20,"color":"ff0000ff"},{"name":"RayPosition18","parent":"RayRotation18","y":100,"color":"ff0000ff"},{"name":"RaySmallAll","parent":"RayAll","rotation":-10,"scaleX":0.75,"scaleY":0.75,"color":"0000ffff"},{"name":"RayRotation19","parent":"RaySmallAll","color":"0000ffff"},{"name":"RayPosition19","parent":"RayRotation19","y":100,"color":"0000ffff"},{"name":"RayRotation20","parent":"RaySmallAll","rotation":20,"color":"0000ffff"},{"name":"RayPosition20","parent":"RayRotation20","y":100,"color":"0000ffff"},{"name":"RayRotation21","parent":"RaySmallAll","rotation":40,"color":"0000ffff"},{"name":"RayPosition21","parent":"RayRotation21","y":100,"color":"0000ffff"},{"name":"RayRotation22","parent":"RaySmallAll","rotation":60,"color":"0000ffff"},{"name":"RayPosition22","parent":"RayRotation22","y":100,"color":"0000ffff"},{"name":"RayRotation23","parent":"RaySmallAll","rotation":80,"color":"0000ffff"},{"name":"RayPosition23","parent":"RayRotation23","y":100,"color":"0000ffff"},{"name":"RayRotation24","parent":"RaySmallAll","rotation":100,"color":"0000ffff"},{"name":"RayPosition24","parent":"RayRotation24","y":100,"color":"0000ffff"},{"name":"RayRotation25","parent":"RaySmallAll","rotation":120,"color":"0000ffff"},{"name":"RayPosition25","parent":"RayRotation25","y":100,"color":"0000ffff"},{"name":"RayRotation26","parent":"RaySmallAll","rotation":140,"color":"0000ffff"},{"name":"RayPosition26","parent":"RayRotation26","y":100,"color":"0000ffff"},{"name":"RayRotation27","parent":"RaySmallAll","rotation":160,"color":"0000ffff"},{"name":"RayPosition27","parent":"RayRotation27","y":100,"color":"0000ffff"},{"name":"RayRotation28","parent":"RaySmallAll","rotation":-160,"color":"0000ffff"},{"name":"RayPosition28","parent":"RayRotation28","y":100,"color":"0000ffff"},{"name":"RayRotation29","parent":"RaySmallAll","rotation":-120,"color":"0000ffff"},{"name":"RayPosition29","parent":"RayRotation29","y":100,"color":"0000ffff"},{"name":"RayRotation30","parent":"RaySmallAll","rotation":-80,"color":"0000ffff"},{"name":"RayPosition30","parent":"RayRotation30","y":100,"color":"0000ffff"},{"name":"RayRotation31","parent":"RaySmallAll","rotation":-40,"color":"0000ffff"},{"name":"RayPosition31","parent":"RayRotation31","y":100,"color":"0000ffff"},{"name":"RayRotation32","parent":"RaySmallAll","rotation":180,"color":"0000ffff"},{"name":"RayPosition32","parent":"RayRotation32","y":100,"color":"0000ffff"},{"name":"RayRotation33","parent":"RaySmallAll","rotation":-140,"color":"0000ffff"},{"name":"RayPosition33","parent":"RayRotation33","y":100,"color":"0000ffff"},{"name":"RayRotation34","parent":"RaySmallAll","rotation":-100,"color":"0000ffff"},{"name":"RayPosition34","parent":"RayRotation34","y":100,"color":"0000ffff"},{"name":"RayRotation35","parent":"RaySmallAll","rotation":-60,"color":"0000ffff"},{"name":"RayPosition35","parent":"RayRotation35","y":100,"color":"0000ffff"},{"name":"RayRotation36","parent":"RaySmallAll","rotation":-20,"color":"0000ffff"},{"name":"RayPosition36","parent":"RayRotation36","y":100,"color":"0000ffff"}],"slots":[{"name":"PressureThick1","bone":"PressureThick1","attachment":"PressureThick"},{"name":"PressureThick2","bone":"PressureThick2","attachment":"PressureThick"},{"name":"PressureThin","bone":"PressureThin","attachment":"PressureThin"},{"name":"Ray1","bone":"RayPosition1","attachment":"Ray"},{"name":"Ray19","bone":"RayPosition19","attachment":"Ray"},{"name":"Ray2","bone":"RayPosition2","attachment":"Ray"},{"name":"Ray20","bone":"RayPosition20","attachment":"Ray"},{"name":"Ray3","bone":"RayPosition3","attachment":"Ray"},{"name":"Ray21","bone":"RayPosition21","attachment":"Ray"},{"name":"Ray4","bone":"RayPosition4","attachment":"Ray"},{"name":"Ray22","bone":"RayPosition22","attachment":"Ray"},{"name":"Ray5","bone":"RayPosition5","attachment":"Ray"},{"name":"Ray23","bone":"RayPosition23","attachment":"Ray"},{"name":"Ray6","bone":"RayPosition6","attachment":"Ray"},{"name":"Ray24","bone":"RayPosition24","attachment":"Ray"},{"name":"Ray7","bone":"RayPosition7","attachment":"Ray"},{"name":"Ray25","bone":"RayPosition25","attachment":"Ray"},{"name":"Ray8","bone":"RayPosition8","attachment":"Ray"},{"name":"Ray26","bone":"RayPosition26","attachment":"Ray"},{"name":"Ray10","bone":"RayPosition10","attachment":"Ray"},{"name":"Ray32","bone":"RayPosition32","attachment":"Ray"},{"name":"Ray12","bone":"RayPosition12","attachment":"Ray"},{"name":"Ray33","bone":"RayPosition33","attachment":"Ray"},{"name":"Ray14","bone":"RayPosition14","attachment":"Ray"},{"name":"Ray34","bone":"RayPosition34","attachment":"Ray"},{"name":"Ray16","bone":"RayPosition16","attachment":"Ray"},{"name":"Ray35","bone":"RayPosition35","attachment":"Ray"},{"name":"Ray18","bone":"RayPosition18","attachment":"Ray"},{"name":"Ray36","bone":"RayPosition36","attachment":"Ray"},{"name":"Ray9","bone":"RayPosition9","attachment":"Ray"},{"name":"Ray27","bone":"RayPosition27","attachment":"Ray"},{"name":"Ray11","bone":"RayPosition11","attachment":"Ray"},{"name":"Ray28","bone":"RayPosition28","attachment":"Ray"},{"name":"Ray13","bone":"RayPosition13","attachment":"Ray"},{"name":"Ray29","bone":"RayPosition29","attachment":"Ray"},{"name":"Ray15","bone":"RayPosition15","attachment":"Ray"},{"name":"Ray30","bone":"RayPosition30","attachment":"Ray"},{"name":"Ray17","bone":"RayPosition17","attachment":"Ray"},{"name":"Ray31","bone":"RayPosition31","attachment":"Ray"},{"name":"HaloLeft","bone":"Halo","attachment":"Halo"},{"name":"HaloRight","bone":"Halo","attachment":"Halo"},{"name":"Light","bone":"Light","attachment":"Light","blend":"additive"}],"skins":{"default":{"HaloLeft":{"Halo":{"x":-100,"scaleX":1.25,"scaleY":1.25,"width":160,"height":322}},"HaloRight":{"Halo":{"x":100,"scaleX":-1.25,"scaleY":1.25,"width":160,"height":322}},"Light":{"Light":{"color":"ffff96ff","width":162,"height":163}},"PressureThick1":{"PressureThick":{"color":"ffaf7dff","width":255,"height":255}},"PressureThick2":{"PressureThick":{"color":"ffaf7dff","width":255,"height":255}},"PressureThin":{"PressureThin":{"color":"ffe17dff","scaleX":1.1,"scaleY":1.1,"width":239,"height":239}},"Ray1":{"Ray":{"color":"ffffafff","y":85,"scaleY":0.7,"width":36,"height":252}},"Ray10":{"Ray":{"color":"ffffafff","y":115,"width":36,"height":252}},"Ray11":{"Ray":{"color":"ffffafff","y":85,"scaleY":0.7,"width":36,"height":252}},"Ray12":{"Ray":{"color":"ffffafff","y":115,"width":36,"height":252}},"Ray13":{"Ray":{"color":"ffffafff","y":85,"scaleY":0.7,"width":36,"height":252}},"Ray14":{"Ray":{"color":"ffffafff","y":115,"width":36,"height":252}},"Ray15":{"Ray":{"color":"ffffafff","y":85,"scaleY":0.7,"width":36,"height":252}},"Ray16":{"Ray":{"color":"ffffafff","y":115,"width":36,"height":252}},"Ray17":{"Ray":{"color":"ffffafff","y":85,"scaleY":0.7,"width":36,"height":252}},"Ray18":{"Ray":{"color":"ffffafff","y":115,"width":36,"height":252}},"Ray19":{"Ray":{"color":"ffffafff","y":85,"scaleX":2,"scaleY":0.7,"width":36,"height":252}},"Ray2":{"Ray":{"color":"ffffafff","y":115,"width":36,"height":252}},"Ray20":{"Ray":{"color":"ffffafff","y":115,"scaleX":2,"width":36,"height":252}},"Ray21":{"Ray":{"color":"ffffafff","y":85,"scaleX":2,"scaleY":0.7,"width":36,"height":252}},"Ray22":{"Ray":{"color":"ffffafff","y":115,"scaleX":2,"width":36,"height":252}},"Ray23":{"Ray":{"color":"ffffafff","y":85,"scaleX":2,"scaleY":0.7,"width":36,"height":252}},"Ray24":{"Ray":{"color":"ffffafff","y":115,"scaleX":2,"width":36,"height":252}},"Ray25":{"Ray":{"color":"ffffafff","y":85,"scaleX":2,"scaleY":0.7,"width":36,"height":252}},"Ray26":{"Ray":{"color":"ffffafff","y":115,"scaleX":2,"width":36,"height":252}},"Ray27":{"Ray":{"color":"ffffafff","y":85,"scaleX":2,"scaleY":0.7,"width":36,"height":252}},"Ray28":{"Ray":{"color":"ffffafff","y":85,"scaleX":2,"scaleY":0.7,"width":36,"height":252}},"Ray29":{"Ray":{"color":"ffffafff","y":85,"scaleY":0.7,"width":36,"height":252}},"Ray3":{"Ray":{"color":"ffffafff","y":85,"scaleY":0.7,"width":36,"height":252}},"Ray30":{"Ray":{"color":"ffffafff","y":85,"scaleX":2,"scaleY":0.7,"width":36,"height":252}},"Ray31":{"Ray":{"color":"ffffafff","y":85,"scaleX":2,"scaleY":0.7,"width":36,"height":252}},"Ray32":{"Ray":{"color":"ffffafff","y":115,"scaleX":2,"width":36,"height":252}},"Ray33":{"Ray":{"color":"ffffafff","y":115,"scaleX":2,"width":36,"height":252}},"Ray34":{"Ray":{"color":"ffffafff","y":115,"scaleX":2,"width":36,"height":252}},"Ray35":{"Ray":{"color":"ffffafff","y":115,"scaleX":2,"width":36,"height":252}},"Ray36":{"Ray":{"color":"feffafff","y":115,"scaleX":2,"width":36,"height":252}},"Ray4":{"Ray":{"color":"ffffafff","y":115,"width":36,"height":252}},"Ray5":{"Ray":{"color":"ffffafff","y":85,"scaleY":0.7,"width":36,"height":252}},"Ray6":{"Ray":{"color":"ffffafff","y":115,"width":36,"height":252}},"Ray7":{"Ray":{"color":"ffffafff","y":85,"scaleY":0.7,"width":36,"height":252}},"Ray8":{"Ray":{"color":"ffffafff","y":115,"width":36,"height":252}},"Ray9":{"Ray":{"color":"ffffafff","y":85,"scaleY":0.7,"width":36,"height":252}}}},"animations":{"animation":{"slots":{"HaloLeft":{"color":[{"time":0.3333,"color":"ffffffff","curve":[0.25,0,0.75,1]},{"time":0.6667,"color":"ffffff00"}]},"HaloRight":{"color":[{"time":0.3333,"color":"ffffffff","curve":[0.25,0,0.75,1]},{"time":0.6667,"color":"ffffff00"}]},"Light":{"color":[{"time":0,"color":"ffffff95","curve":"stepped"},{"time":0.3333,"color":"ffffff95","curve":[0.25,0,0.75,1]},{"time":0.6667,"color":"ffffff00"}]},"PressureThick1":{"color":[{"time":0.2333,"color":"ffffffff","curve":[0.25,0,0.75,1]},{"time":0.3667,"color":"ffffff00"}]},"PressureThick2":{"color":[{"time":0,"color":"ffffffff","curve":[0.25,0,0.75,1]},{"time":0.8333,"color":"ffffff00"}]},"PressureThin":{"color":[{"time":0.1667,"color":"ffffffff","curve":[0.25,0,0.75,1]},{"time":0.5,"color":"ffffff00"}]},"Ray1":{"color":[{"time":0,"color":"ffffff00","curve":[0.25,0,0.75,1]},{"time":0.1333,"color":"ffffffff","curve":[0.25,0,0.75,1]},{"time":0.4333,"color":"ffffff00"}]},"Ray2":{"color":[{"time":0,"color":"ffffff00","curve":"stepped"},{"time":0.0667,"color":"ffffff00","curve":[0.25,0,0.75,1]},{"time":0.2,"color":"ffffffff","curve":[0.25,0,0.75,1]},{"time":0.5667,"color":"ffffff00"}]},"Ray3":{"color":[{"time":0,"color":"ffffff00","curve":[0.25,0,0.75,1]},{"time":0.1333,"color":"ffffffff","curve":[0.25,0,0.75,1]},{"time":0.4333,"color":"ffffff00"}]},"Ray4":{"color":[{"time":0,"color":"ffffff00","curve":"stepped"},{"time":0.0667,"color":"ffffff00","curve":[0.25,0,0.75,1]},{"time":0.2,"color":"ffffffff","curve":[0.25,0,0.75,1]},{"time":0.5667,"color":"ffffff00"}]},"Ray5":{"color":[{"time":0,"color":"ffffff00","curve":[0.25,0,0.75,1]},{"time":0.1333,"color":"ffffffff","curve":[0.25,0,0.75,1]},{"time":0.4333,"color":"ffffff00"}]},"Ray6":{"color":[{"time":0,"color":"ffffff00","curve":"stepped"},{"time":0.0667,"color":"ffffff00","curve":[0.25,0,0.75,1]},{"time":0.2,"color":"ffffffff","curve":[0.25,0,0.75,1]},{"time":0.5667,"color":"ffffff00"}]},"Ray7":{"color":[{"time":0,"color":"ffffff00","curve":[0.25,0,0.75,1]},{"time":0.1333,"color":"ffffffff","curve":[0.25,0,0.75,1]},{"time":0.4333,"color":"ffffff00"}]},"Ray8":{"color":[{"time":0,"color":"ffffff00","curve":"stepped"},{"time":0.0667,"color":"ffffff00","curve":[0.25,0,0.75,1]},{"time":0.2,"color":"ffffffff","curve":[0.25,0,0.75,1]},{"time":0.5667,"color":"ffffff00"}]},"Ray9":{"color":[{"time":0,"color":"ffffff00","curve":[0.25,0,0.75,1]},{"time":0.1333,"color":"ffffffff","curve":[0.25,0,0.75,1]},{"time":0.4333,"color":"ffffff00"}]},"Ray10":{"color":[{"time":0,"color":"ffffff00","curve":"stepped"},{"time":0.0667,"color":"ffffff00","curve":[0.25,0,0.75,1]},{"time":0.2,"color":"ffffffff","curve":[0.25,0,0.75,1]},{"time":0.5667,"color":"ffffff00"}]},"Ray11":{"color":[{"time":0,"color":"ffffff00","curve":[0.25,0,0.75,1]},{"time":0.1333,"color":"ffffffff","curve":[0.25,0,0.75,1]},{"time":0.4333,"color":"ffffff00"}]},"Ray12":{"color":[{"time":0,"color":"ffffff00","curve":"stepped"},{"time":0.0667,"color":"ffffff00","curve":[0.25,0,0.75,1]},{"time":0.2,"color":"ffffffff","curve":[0.25,0,0.75,1]},{"time":0.5667,"color":"ffffff00"}]},"Ray13":{"color":[{"time":0,"color":"ffffff00","curve":[0.25,0,0.75,1]},{"time":0.1333,"color":"ffffffff","curve":[0.25,0,0.75,1]},{"time":0.4333,"color":"ffffff00"}]},"Ray14":{"color":[{"time":0,"color":"ffffff00","curve":"stepped"},{"time":0.0667,"color":"ffffff00","curve":[0.25,0,0.75,1]},{"time":0.2,"color":"ffffffff","curve":[0.25,0,0.75,1]},{"time":0.5667,"color":"ffffff00"}]},"Ray15":{"color":[{"time":0,"color":"ffffff00","curve":[0.25,0,0.75,1]},{"time":0.1333,"color":"ffffffff","curve":[0.25,0,0.75,1]},{"time":0.4333,"color":"ffffff00"}]},"Ray16":{"color":[{"time":0,"color":"ffffff00","curve":"stepped"},{"time":0.0667,"color":"ffffff00","curve":[0.25,0,0.75,1]},{"time":0.2,"color":"ffffffff","curve":[0.25,0,0.75,1]},{"time":0.5667,"color":"ffffff00"}]},"Ray17":{"color":[{"time":0,"color":"ffffff00","curve":[0.25,0,0.75,1]},{"time":0.1333,"color":"ffffffff","curve":[0.25,0,0.75,1]},{"time":0.4333,"color":"ffffff00"}]},"Ray18":{"color":[{"time":0,"color":"ffffff00","curve":"stepped"},{"time":0.0667,"color":"ffffff00","curve":[0.25,0,0.75,1]},{"time":0.2,"color":"ffffffff","curve":[0.25,0,0.75,1]},{"time":0.5667,"color":"ffffff00"}]},"Ray19":{"color":[{"time":0,"color":"ffffff00","curve":"stepped"},{"time":0.0333,"color":"ffffff00","curve":[0.25,0,0.75,1]},{"time":0.1667,"color":"ffffffff","curve":[0.25,0,0.75,1]},{"time":0.4333,"color":"ffffff00"}]},"Ray20":{"color":[{"time":0,"color":"ffffff00","curve":"stepped"},{"time":0.1,"color":"ffffff00","curve":[0.25,0,0.75,1]},{"time":0.2333,"color":"ffffffff","curve":[0.25,0,0.75,1]},{"time":0.5667,"color":"ffffff00"}]},"Ray21":{"color":[{"time":0,"color":"ffffff00","curve":"stepped"},{"time":0.0333,"color":"ffffff00","curve":[0.25,0,0.75,1]},{"time":0.1667,"color":"ffffffff","curve":[0.25,0,0.75,1]},{"time":0.4333,"color":"ffffff00"}]},"Ray22":{"color":[{"time":0,"color":"ffffff00","curve":"stepped"},{"time":0.1,"color":"ffffff00","curve":[0.25,0,0.75,1]},{"time":0.2333,"color":"ffffffff","curve":[0.25,0,0.75,1]},{"time":0.5667,"color":"ffffff00"}]},"Ray23":{"color":[{"time":0,"color":"ffffff00","curve":"stepped"},{"time":0.0333,"color":"ffffff00","curve":[0.25,0,0.75,1]},{"time":0.1667,"color":"ffffffff","curve":[0.25,0,0.75,1]},{"time":0.4333,"color":"ffffff00"}]},"Ray24":{"color":[{"time":0,"color":"ffffff00","curve":"stepped"},{"time":0.1,"color":"ffffff00","curve":[0.25,0,0.75,1]},{"time":0.2333,"color":"ffffffff","curve":[0.25,0,0.75,1]},{"time":0.5667,"color":"ffffff00"}]},"Ray25":{"color":[{"time":0,"color":"ffffff00","curve":"stepped"},{"time":0.0333,"color":"ffffff00","curve":[0.25,0,0.75,1]},{"time":0.1667,"color":"ffffffff","curve":[0.25,0,0.75,1]},{"time":0.4333,"color":"ffffff00"}]},"Ray26":{"color":[{"time":0,"color":"ffffff00","curve":"stepped"},{"time":0.1,"color":"ffffff00","curve":[0.25,0,0.75,1]},{"time":0.2333,"color":"ffffffff","curve":[0.25,0,0.75,1]},{"time":0.5667,"color":"ffffff00"}]},"Ray27":{"color":[{"time":0,"color":"ffffff00","curve":"stepped"},{"time":0.0333,"color":"ffffff00","curve":[0.25,0,0.75,1]},{"time":0.1667,"color":"ffffffff","curve":[0.25,0,0.75,1]},{"time":0.4333,"color":"ffffff00"}]},"Ray28":{"color":[{"time":0,"color":"ffffff00","curve":"stepped"},{"time":0.0333,"color":"ffffff00","curve":[0.25,0,0.75,1]},{"time":0.1667,"color":"ffffffff","curve":[0.25,0,0.75,1]},{"time":0.4333,"color":"ffffff00"}]},"Ray29":{"color":[{"time":0,"color":"ffffff00","curve":"stepped"},{"time":0.0333,"color":"ffffff00","curve":[0.25,0,0.75,1]},{"time":0.1667,"color":"ffffffff","curve":[0.25,0,0.75,1]},{"time":0.4333,"color":"ffffff00"}]},"Ray30":{"color":[{"time":0,"color":"ffffff00","curve":"stepped"},{"time":0.0333,"color":"ffffff00","curve":[0.25,0,0.75,1]},{"time":0.1667,"color":"ffffffff","curve":[0.25,0,0.75,1]},{"time":0.4333,"color":"ffffff00"}]},"Ray31":{"color":[{"time":0,"color":"ffffff00","curve":"stepped"},{"time":0.0333,"color":"ffffff00","curve":[0.25,0,0.75,1]},{"time":0.1667,"color":"ffffffff","curve":[0.25,0,0.75,1]},{"time":0.4333,"color":"ffffff00"}]},"Ray32":{"color":[{"time":0,"color":"ffffff00","curve":"stepped"},{"time":0.1,"color":"ffffff00","curve":[0.25,0,0.75,1]},{"time":0.2333,"color":"ffffffff","curve":[0.25,0,0.75,1]},{"time":0.5667,"color":"ffffff00"}]},"Ray33":{"color":[{"time":0,"color":"ffffff00","curve":"stepped"},{"time":0.1,"color":"ffffff00","curve":[0.25,0,0.75,1]},{"time":0.2333,"color":"ffffffff","curve":[0.25,0,0.75,1]},{"time":0.5667,"color":"ffffff00"}]},"Ray34":{"color":[{"time":0,"color":"ffffff00","curve":"stepped"},{"time":0.1,"color":"ffffff00","curve":[0.25,0,0.75,1]},{"time":0.2333,"color":"ffffffff","curve":[0.25,0,0.75,1]},{"time":0.5667,"color":"ffffff00"}]},"Ray35":{"color":[{"time":0,"color":"ffffff00","curve":"stepped"},{"time":0.1,"color":"ffffff00","curve":[0.25,0,0.75,1]},{"time":0.2333,"color":"ffffffff","curve":[0.25,0,0.75,1]},{"time":0.5667,"color":"ffffff00"}]},"Ray36":{"color":[{"time":0,"color":"ffffff00","curve":"stepped"},{"time":0.1,"color":"ffffff00","curve":[0.25,0,0.75,1]},{"time":0.2333,"color":"ffffffff","curve":[0.25,0,0.75,1]},{"time":0.5667,"color":"ffffff00"}]}},"bones":{"RayRotation1":{"scale":[{"time":0,"x":0,"y":0,"curve":[0.25,0,0.75,1]},{"time":0.1333,"x":1,"y":1,"curve":[0.25,0,0.75,1]},{"time":0.4333,"x":1.25,"y":1.25}]},"RayRotation2":{"scale":[{"time":0,"x":0,"y":0,"curve":"stepped"},{"time":0.0667,"x":0,"y":0,"curve":[0.25,0,0.75,1]},{"time":0.2,"x":1,"y":1,"curve":[0.25,0,0.75,1]},{"time":0.5667,"x":1.5,"y":1.5}]},"RayRotation3":{"scale":[{"time":0,"x":0,"y":0,"curve":[0.25,0,0.75,1]},{"time":0.1333,"x":1,"y":1,"curve":[0.25,0,0.75,1]},{"time":0.4333,"x":1.25,"y":1.25}]},"RayRotation4":{"scale":[{"time":0,"x":0,"y":0,"curve":"stepped"},{"time":0.0667,"x":0,"y":0,"curve":[0.25,0,0.75,1]},{"time":0.2,"x":1,"y":1,"curve":[0.25,0,0.75,1]},{"time":0.5667,"x":1.5,"y":1.5}]},"RayRotation5":{"scale":[{"time":0,"x":0,"y":0,"curve":[0.25,0,0.75,1]},{"time":0.1333,"x":1,"y":1,"curve":[0.25,0,0.75,1]},{"time":0.4333,"x":1.25,"y":1.25}]},"RayRotation6":{"scale":[{"time":0,"x":0,"y":0,"curve":"stepped"},{"time":0.0667,"x":0,"y":0,"curve":[0.25,0,0.75,1]},{"time":0.2,"x":1,"y":1,"curve":[0.25,0,0.75,1]},{"time":0.5667,"x":1.5,"y":1.5}]},"RayRotation7":{"scale":[{"time":0,"x":0,"y":0,"curve":[0.25,0,0.75,1]},{"time":0.1333,"x":1,"y":1,"curve":[0.25,0,0.75,1]},{"time":0.4333,"x":1.25,"y":1.25}]},"RayRotation8":{"scale":[{"time":0,"x":0,"y":0,"curve":"stepped"},{"time":0.0667,"x":0,"y":0,"curve":[0.25,0,0.75,1]},{"time":0.2,"x":1,"y":1,"curve":[0.25,0,0.75,1]},{"time":0.5667,"x":1.5,"y":1.5}]},"RayRotation9":{"scale":[{"time":0,"x":0,"y":0,"curve":[0.25,0,0.75,1]},{"time":0.1333,"x":1,"y":1,"curve":[0.25,0,0.75,1]},{"time":0.4333,"x":1.25,"y":1.25}]},"RayRotation11":{"scale":[{"time":0,"x":0,"y":0,"curve":[0.25,0,0.75,1]},{"time":0.1333,"x":1,"y":1,"curve":[0.25,0,0.75,1]},{"time":0.4333,"x":1.25,"y":1.25}]},"RayRotation13":{"scale":[{"time":0,"x":0,"y":0,"curve":[0.25,0,0.75,1]},{"time":0.1333,"x":1,"y":1,"curve":[0.25,0,0.75,1]},{"time":0.4333,"x":1.25,"y":1.25}]},"RayRotation15":{"scale":[{"time":0,"x":0,"y":0,"curve":[0.25,0,0.75,1]},{"time":0.1333,"x":1,"y":1,"curve":[0.25,0,0.75,1]},{"time":0.4333,"x":1.25,"y":1.25}]},"RayRotation17":{"scale":[{"time":0,"x":0,"y":0,"curve":[0.25,0,0.75,1]},{"time":0.1333,"x":1,"y":1,"curve":[0.25,0,0.75,1]},{"time":0.4333,"x":1.25,"y":1.25}]},"RayRotation10":{"scale":[{"time":0,"x":0,"y":0,"curve":"stepped"},{"time":0.0667,"x":0,"y":0,"curve":[0.25,0,0.75,1]},{"time":0.2,"x":1,"y":1,"curve":[0.25,0,0.75,1]},{"time":0.5667,"x":1.5,"y":1.5}]},"RayRotation12":{"scale":[{"time":0,"x":0,"y":0,"curve":"stepped"},{"time":0.0667,"x":0,"y":0,"curve":[0.25,0,0.75,1]},{"time":0.2,"x":1,"y":1,"curve":[0.25,0,0.75,1]},{"time":0.5667,"x":1.5,"y":1.5}]},"RayRotation14":{"scale":[{"time":0,"x":0,"y":0,"curve":"stepped"},{"time":0.0667,"x":0,"y":0,"curve":[0.25,0,0.75,1]},{"time":0.2,"x":1,"y":1,"curve":[0.25,0,0.75,1]},{"time":0.5667,"x":1.5,"y":1.5}]},"RayRotation16":{"scale":[{"time":0,"x":0,"y":0,"curve":"stepped"},{"time":0.0667,"x":0,"y":0,"curve":[0.25,0,0.75,1]},{"time":0.2,"x":1,"y":1,"curve":[0.25,0,0.75,1]},{"time":0.5667,"x":1.5,"y":1.5}]},"RayRotation18":{"scale":[{"time":0,"x":0,"y":0,"curve":"stepped"},{"time":0.0667,"x":0,"y":0,"curve":[0.25,0,0.75,1]},{"time":0.2,"x":1,"y":1,"curve":[0.25,0,0.75,1]},{"time":0.5667,"x":1.5,"y":1.5}]},"RayRotation19":{"scale":[{"time":0,"x":0,"y":0,"curve":"stepped"},{"time":0.0333,"x":0,"y":0,"curve":[0.25,0,0.75,1]},{"time":0.1667,"x":1,"y":1,"curve":[0.25,0,0.75,1]},{"time":0.4333,"x":1.25,"y":1.25}]},"RayRotation20":{"scale":[{"time":0,"x":0,"y":0,"curve":"stepped"},{"time":0.1,"x":0,"y":0,"curve":[0.25,0,0.75,1]},{"time":0.2333,"x":1,"y":1,"curve":[0.25,0,0.75,1]},{"time":0.5667,"x":1.5,"y":1.5}]},"RayRotation21":{"scale":[{"time":0,"x":0,"y":0,"curve":"stepped"},{"time":0.0333,"x":0,"y":0,"curve":[0.25,0,0.75,1]},{"time":0.1667,"x":1,"y":1,"curve":[0.25,0,0.75,1]},{"time":0.4333,"x":1.25,"y":1.25}]},"RayRotation22":{"scale":[{"time":0,"x":0,"y":0,"curve":"stepped"},{"time":0.1,"x":0,"y":0,"curve":[0.25,0,0.75,1]},{"time":0.2333,"x":1,"y":1,"curve":[0.25,0,0.75,1]},{"time":0.5667,"x":1.5,"y":1.5}]},"RayRotation23":{"scale":[{"time":0,"x":0,"y":0,"curve":"stepped"},{"time":0.0333,"x":0,"y":0,"curve":[0.25,0,0.75,1]},{"time":0.1667,"x":1,"y":1,"curve":[0.25,0,0.75,1]},{"time":0.4333,"x":1.25,"y":1.25}]},"RayRotation24":{"scale":[{"time":0,"x":0,"y":0,"curve":"stepped"},{"time":0.1,"x":0,"y":0,"curve":[0.25,0,0.75,1]},{"time":0.2333,"x":1,"y":1,"curve":[0.25,0,0.75,1]},{"time":0.5667,"x":1.5,"y":1.5}]},"RayRotation25":{"scale":[{"time":0,"x":0,"y":0,"curve":"stepped"},{"time":0.0333,"x":0,"y":0,"curve":[0.25,0,0.75,1]},{"time":0.1667,"x":1,"y":1,"curve":[0.25,0,0.75,1]},{"time":0.4333,"x":1.25,"y":1.25}]},"RayRotation26":{"scale":[{"time":0,"x":0,"y":0,"curve":"stepped"},{"time":0.1,"x":0,"y":0,"curve":[0.25,0,0.75,1]},{"time":0.2333,"x":1,"y":1,"curve":[0.25,0,0.75,1]},{"time":0.5667,"x":1.5,"y":1.5}]},"RayRotation27":{"scale":[{"time":0,"x":0,"y":0,"curve":"stepped"},{"time":0.0333,"x":0,"y":0,"curve":[0.25,0,0.75,1]},{"time":0.1667,"x":1,"y":1,"curve":[0.25,0,0.75,1]},{"time":0.4333,"x":1.25,"y":1.25}]},"RayRotation28":{"scale":[{"time":0,"x":0,"y":0,"curve":"stepped"},{"time":0.0333,"x":0,"y":0,"curve":[0.25,0,0.75,1]},{"time":0.1667,"x":1,"y":1,"curve":[0.25,0,0.75,1]},{"time":0.4333,"x":1.25,"y":1.25}]},"RayRotation29":{"scale":[{"time":0,"x":0,"y":0,"curve":"stepped"},{"time":0.0333,"x":0,"y":0,"curve":[0.25,0,0.75,1]},{"time":0.1667,"x":1,"y":1,"curve":[0.25,0,0.75,1]},{"time":0.4333,"x":1.25,"y":1.25}]},"RayRotation30":{"scale":[{"time":0,"x":0,"y":0,"curve":"stepped"},{"time":0.0333,"x":0,"y":0,"curve":[0.25,0,0.75,1]},{"time":0.1667,"x":1,"y":1,"curve":[0.25,0,0.75,1]},{"time":0.4333,"x":1.25,"y":1.25}]},"RayRotation31":{"scale":[{"time":0,"x":0,"y":0,"curve":"stepped"},{"time":0.0333,"x":0,"y":0,"curve":[0.25,0,0.75,1]},{"time":0.1667,"x":1,"y":1,"curve":[0.25,0,0.75,1]},{"time":0.4333,"x":1.25,"y":1.25}]},"RayRotation32":{"scale":[{"time":0,"x":0,"y":0,"curve":"stepped"},{"time":0.1,"x":0,"y":0,"curve":[0.25,0,0.75,1]},{"time":0.2333,"x":1,"y":1,"curve":[0.25,0,0.75,1]},{"time":0.5667,"x":1.5,"y":1.5}]},"RayRotation33":{"scale":[{"time":0,"x":0,"y":0,"curve":"stepped"},{"time":0.1,"x":0,"y":0,"curve":[0.25,0,0.75,1]},{"time":0.2333,"x":1,"y":1,"curve":[0.25,0,0.75,1]},{"time":0.5667,"x":1.5,"y":1.5}]},"RayRotation34":{"scale":[{"time":0,"x":0,"y":0,"curve":"stepped"},{"time":0.1,"x":0,"y":0,"curve":[0.25,0,0.75,1]},{"time":0.2333,"x":1,"y":1,"curve":[0.25,0,0.75,1]},{"time":0.5667,"x":1.5,"y":1.5}]},"RayRotation35":{"scale":[{"time":0,"x":0,"y":0,"curve":"stepped"},{"time":0.1,"x":0,"y":0,"curve":[0.25,0,0.75,1]},{"time":0.2333,"x":1,"y":1,"curve":[0.25,0,0.75,1]},{"time":0.5667,"x":1.5,"y":1.5}]},"RayRotation36":{"scale":[{"time":0,"x":0,"y":0,"curve":"stepped"},{"time":0.1,"x":0,"y":0,"curve":[0.25,0,0.75,1]},{"time":0.2333,"x":1,"y":1,"curve":[0.25,0,0.75,1]},{"time":0.5667,"x":1.5,"y":1.5}]},"PressureThick1":{"scale":[{"time":0,"x":0,"y":0,"curve":[0.25,0,0.75,1]},{"time":0.3667,"x":3.529,"y":3.529}]},"PressureThin":{"scale":[{"time":0,"x":0,"y":0,"curve":[0.25,0,0.75,1]},{"time":0.5,"x":5,"y":5}]},"Halo":{"scale":[{"time":0,"x":0,"y":0,"curve":[0.25,0,0.75,1]},{"time":0.5,"x":3.824,"y":3.824},{"time":0.6667,"x":4.706,"y":4.706,"curve":"stepped"},{"time":1.1667,"x":4.706,"y":4.706}]},"PressureThick2":{"scale":[{"time":0,"x":0,"y":0,"curve":[0.25,0,0.75,1]},{"time":0.6667,"x":3.882,"y":3.882}]},"Light":{"scale":[{"time":0,"x":0,"y":0,"curve":[0.25,0,0.75,1]},{"time":0.1667,"x":7,"y":7,"curve":[0.25,0,0.75,1]},{"time":0.6667,"x":8,"y":8}]},"RayAll":{"scale":[{"time":0,"x":0,"y":0,"curve":[0.25,0,0.75,1]},{"time":0.3333,"x":2,"y":2}]}}}}},"_atlasText":"\nExplosionHit.png\nsize: 363,284\nformat: RGBA8888\nfilter: Linear,Linear\nrepeat: none\nHalo\n  rotate: true\n  xy: 2, 2\n  size: 107, 216\n  orig: 107, 216\n  offset: 0, 0\n  index: -1\nLight\n  rotate: false\n  xy: 220, 11\n  size: 109, 109\n  orig: 109, 109\n  offset: 0, 0\n  index: -1\nPressureThick\n  rotate: false\n  xy: 2, 111\n  size: 171, 171\n  orig: 171, 171\n  offset: 0, 0\n  index: -1\nPressureThin\n  rotate: false\n  xy: 175, 122\n  size: 160, 160\n  orig: 160, 160\n  offset: 0, 0\n  index: -1\nRay\n  rotate: false\n  xy: 337, 113\n  size: 24, 169\n  orig: 24, 169\n  offset: 0, 0\n  index: -1\n","textures":[{"__uuid__":"d00dNMo+9ESaTc3v1E9OOp"}],"textureNames":["ExplosionHit.png"]}