{"__type__":"cc.BitmapFont","_name":"ArialBold_W-export","spriteFrame":{"__uuid__":"264R8JLhtAca3hLmRViBEz"},"fontSize":32,"_fntConfig":{"commonHeight":40,"fontSize":32,"atlasName":"ArialBold_W-export.png","fontDefDictionary":{"9":{"rect":{"x":0,"y":0,"width":0,"height":0},"xOffset":0,"yOffset":0,"xAdvance":128},"32":{"rect":{"x":0,"y":0,"width":0,"height":0},"xOffset":0,"yOffset":0,"xAdvance":16},"33":{"rect":{"x":256,"y":713,"width":13,"height":38},"xOffset":0,"yOffset":2,"xAdvance":11},"34":{"rect":{"x":201,"y":513,"width":22,"height":19},"xOffset":0,"yOffset":2,"xAdvance":20},"35":{"rect":{"x":142,"y":226,"width":29,"height":38},"xOffset":0,"yOffset":2,"xAdvance":27},"36":{"rect":{"x":229,"y":674,"width":26,"height":44},"xOffset":0,"yOffset":0,"xAdvance":24},"37":{"rect":{"x":0,"y":393,"width":39,"height":40},"xOffset":0,"yOffset":1,"xAdvance":37},"38":{"rect":{"x":82,"y":47,"width":33,"height":39},"xOffset":0,"yOffset":1,"xAdvance":31},"39":{"rect":{"x":256,"y":693,"width":13,"height":19},"xOffset":0,"yOffset":2,"xAdvance":11},"40":{"rect":{"x":255,"y":425,"width":17,"height":46},"xOffset":0,"yOffset":2,"xAdvance":15},"41":{"rect":{"x":255,"y":519,"width":16,"height":46},"xOffset":0,"yOffset":2,"xAdvance":14},"42":{"rect":{"x":228,"y":999,"width":21,"height":22},"xOffset":0,"yOffset":2,"xAdvance":19},"43":{"rect":{"x":111,"y":345,"width":28,"height":29},"xOffset":0,"yOffset":7,"xAdvance":26},"44":{"rect":{"x":256,"y":752,"width":13,"height":21},"xOffset":0,"yOffset":25,"xAdvance":11},"45":{"rect":{"x":75,"y":544,"width":18,"height":15},"xOffset":0,"yOffset":17,"xAdvance":16},"46":{"rect":{"x":94,"y":544,"width":13,"height":15},"xOffset":0,"yOffset":25,"xAdvance":11},"47":{"rect":{"x":255,"y":253,"width":18,"height":38},"xOffset":0,"yOffset":2,"xAdvance":16},"48":{"rect":{"x":229,"y":603,"width":26,"height":38},"xOffset":0,"yOffset":2,"xAdvance":24},"49":{"rect":{"x":255,"y":214,"width":20,"height":38},"xOffset":0,"yOffset":2,"xAdvance":18},"50":{"rect":{"x":173,"y":687,"width":27,"height":38},"xOffset":0,"yOffset":2,"xAdvance":25},"51":{"rect":{"x":228,"y":921,"width":26,"height":38},"xOffset":0,"yOffset":2,"xAdvance":24},"52":{"rect":{"x":172,"y":252,"width":28,"height":38},"xOffset":0,"yOffset":2,"xAdvance":26},"53":{"rect":{"x":228,"y":843,"width":26,"height":38},"xOffset":0,"yOffset":2,"xAdvance":24},"54":{"rect":{"x":228,"y":374,"width":26,"height":38},"xOffset":0,"yOffset":2,"xAdvance":24},"55":{"rect":{"x":228,"y":335,"width":26,"height":38},"xOffset":0,"yOffset":2,"xAdvance":24},"56":{"rect":{"x":228,"y":296,"width":26,"height":38},"xOffset":0,"yOffset":2,"xAdvance":24},"57":{"rect":{"x":228,"y":257,"width":26,"height":38},"xOffset":0,"yOffset":2,"xAdvance":24},"58":{"rect":{"x":255,"y":965,"width":13,"height":30},"xOffset":0,"yOffset":10,"xAdvance":11},"59":{"rect":{"x":270,"y":654,"width":13,"height":36},"xOffset":0,"yOffset":10,"xAdvance":11},"60":{"rect":{"x":173,"y":656,"width":27,"height":30},"xOffset":0,"yOffset":6,"xAdvance":25},"61":{"rect":{"x":110,"y":629,"width":27,"height":22},"xOffset":0,"yOffset":10,"xAdvance":25},"62":{"rect":{"x":172,"y":980,"width":27,"height":30},"xOffset":0,"yOffset":6,"xAdvance":25},"63":{"rect":{"x":172,"y":338,"width":28,"height":39},"xOffset":0,"yOffset":1,"xAdvance":26},"64":{"rect":{"x":0,"y":39,"width":45,"height":47},"xOffset":0,"yOffset":1,"xAdvance":43},"65":{"rect":{"x":37,"y":924,"width":36,"height":38},"xOffset":0,"yOffset":2,"xAdvance":34},"66":{"rect":{"x":109,"y":834,"width":32,"height":38},"xOffset":0,"yOffset":2,"xAdvance":30},"67":{"rect":{"x":109,"y":912,"width":32,"height":39},"xOffset":0,"yOffset":1,"xAdvance":30},"68":{"rect":{"x":109,"y":873,"width":32,"height":38},"xOffset":0,"yOffset":2,"xAdvance":30},"69":{"rect":{"x":171,"y":498,"width":29,"height":38},"xOffset":0,"yOffset":2,"xAdvance":27},"70":{"rect":{"x":201,"y":648,"width":27,"height":38},"xOffset":0,"yOffset":2,"xAdvance":25},"71":{"rect":{"x":74,"y":654,"width":34,"height":39},"xOffset":0,"yOffset":1,"xAdvance":32},"72":{"rect":{"x":110,"y":426,"width":31,"height":38},"xOffset":0,"yOffset":2,"xAdvance":29},"73":{"rect":{"x":256,"y":654,"width":13,"height":38},"xOffset":0,"yOffset":2,"xAdvance":11},"74":{"rect":{"x":228,"y":564,"width":26,"height":38},"xOffset":0,"yOffset":2,"xAdvance":24},"75":{"rect":{"x":109,"y":952,"width":32,"height":38},"xOffset":0,"yOffset":2,"xAdvance":30},"76":{"rect":{"x":200,"y":937,"width":27,"height":38},"xOffset":0,"yOffset":2,"xAdvance":25},"77":{"rect":{"x":37,"y":963,"width":36,"height":38},"xOffset":0,"yOffset":2,"xAdvance":34},"78":{"rect":{"x":111,"y":134,"width":30,"height":38},"xOffset":0,"yOffset":2,"xAdvance":28},"79":{"rect":{"x":46,"y":47,"width":35,"height":39},"xOffset":0,"yOffset":1,"xAdvance":33},"80":{"rect":{"x":146,"y":47,"width":29,"height":38},"xOffset":0,"yOffset":2,"xAdvance":27},"81":{"rect":{"x":37,"y":785,"width":36,"height":41},"xOffset":0,"yOffset":1,"xAdvance":34},"82":{"rect":{"x":76,"y":379,"width":33,"height":38},"xOffset":0,"yOffset":2,"xAdvance":31},"83":{"rect":{"x":110,"y":543,"width":30,"height":39},"xOffset":0,"yOffset":1,"xAdvance":28},"84":{"rect":{"x":111,"y":173,"width":30,"height":38},"xOffset":0,"yOffset":2,"xAdvance":28},"85":{"rect":{"x":110,"y":465,"width":31,"height":38},"xOffset":0,"yOffset":2,"xAdvance":29},"86":{"rect":{"x":75,"y":466,"width":34,"height":38},"xOffset":0,"yOffset":2,"xAdvance":32},"87":{"rect":{"x":0,"y":0,"width":45,"height":38},"xOffset":0,"yOffset":2,"xAdvance":43},"88":{"rect":{"x":77,"y":180,"width":33,"height":38},"xOffset":0,"yOffset":2,"xAdvance":31},"89":{"rect":{"x":109,"y":748,"width":33,"height":38},"xOffset":0,"yOffset":2,"xAdvance":31},"90":{"rect":{"x":111,"y":306,"width":30,"height":38},"xOffset":0,"yOffset":2,"xAdvance":28},"91":{"rect":{"x":255,"y":472,"width":17,"height":46},"xOffset":0,"yOffset":2,"xAdvance":15},"92":{"rect":{"x":255,"y":292,"width":18,"height":38},"xOffset":0,"yOffset":2,"xAdvance":16},"93":{"rect":{"x":255,"y":378,"width":17,"height":46},"xOffset":0,"yOffset":2,"xAdvance":15},"94":{"rect":{"x":143,"y":808,"width":26,"height":24},"xOffset":0,"yOffset":2,"xAdvance":24},"95":{"rect":{"x":40,"y":420,"width":31,"height":13},"xOffset":0,"yOffset":35,"xAdvance":29},"96":{"rect":{"x":250,"y":999,"width":16,"height":14},"xOffset":0,"yOffset":2,"xAdvance":14},"97":{"rect":{"x":173,"y":624,"width":27,"height":31},"xOffset":0,"yOffset":9,"xAdvance":25},"98":{"rect":{"x":173,"y":766,"width":27,"height":38},"xOffset":0,"yOffset":2,"xAdvance":25},"99":{"rect":{"x":173,"y":91,"width":27,"height":31},"xOffset":0,"yOffset":9,"xAdvance":25},"100":{"rect":{"x":172,"y":126,"width":28,"height":38},"xOffset":0,"yOffset":2,"xAdvance":26},"101":{"rect":{"x":201,"y":734,"width":27,"height":31},"xOffset":0,"yOffset":9,"xAdvance":25},"102":{"rect":{"x":231,"y":0,"width":21,"height":39},"xOffset":0,"yOffset":1,"xAdvance":19},"103":{"rect":{"x":200,"y":976,"width":27,"height":39},"xOffset":0,"yOffset":9,"xAdvance":25},"104":{"rect":{"x":228,"y":882,"width":26,"height":38},"xOffset":0,"yOffset":2,"xAdvance":24},"105":{"rect":{"x":269,"y":965,"width":13,"height":38},"xOffset":0,"yOffset":2,"xAdvance":11},"106":{"rect":{"x":255,"y":331,"width":18,"height":46},"xOffset":0,"yOffset":2,"xAdvance":16},"107":{"rect":{"x":228,"y":960,"width":26,"height":38},"xOffset":0,"yOffset":2,"xAdvance":24},"108":{"rect":{"x":271,"y":918,"width":13,"height":38},"xOffset":0,"yOffset":2,"xAdvance":11},"109":{"rect":{"x":0,"y":434,"width":38,"height":31},"xOffset":0,"yOffset":9,"xAdvance":36},"110":{"rect":{"x":229,"y":642,"width":26,"height":31},"xOffset":0,"yOffset":9,"xAdvance":24},"111":{"rect":{"x":109,"y":991,"width":29,"height":31},"xOffset":0,"yOffset":9,"xAdvance":27},"112":{"rect":{"x":172,"y":458,"width":28,"height":39},"xOffset":0,"yOffset":9,"xAdvance":26},"113":{"rect":{"x":200,"y":577,"width":27,"height":39},"xOffset":0,"yOffset":9,"xAdvance":25},"114":{"rect":{"x":255,"y":182,"width":20,"height":31},"xOffset":0,"yOffset":9,"xAdvance":18},"115":{"rect":{"x":229,"y":719,"width":26,"height":31},"xOffset":0,"yOffset":9,"xAdvance":24},"116":{"rect":{"x":255,"y":95,"width":20,"height":38},"xOffset":0,"yOffset":2,"xAdvance":18},"117":{"rect":{"x":228,"y":413,"width":26,"height":30},"xOffset":0,"yOffset":10,"xAdvance":24},"118":{"rect":{"x":201,"y":617,"width":27,"height":30},"xOffset":0,"yOffset":10,"xAdvance":25},"119":{"rect":{"x":0,"y":228,"width":39,"height":30},"xOffset":0,"yOffset":10,"xAdvance":37},"120":{"rect":{"x":172,"y":427,"width":28,"height":30},"xOffset":0,"yOffset":10,"xAdvance":26},"121":{"rect":{"x":171,"y":537,"width":28,"height":38},"xOffset":0,"yOffset":10,"xAdvance":26},"122":{"rect":{"x":228,"y":226,"width":26,"height":30},"xOffset":0,"yOffset":10,"xAdvance":24},"123":{"rect":{"x":255,"y":47,"width":20,"height":47},"xOffset":0,"yOffset":1,"xAdvance":18},"124":{"rect":{"x":272,"y":783,"width":12,"height":46},"xOffset":0,"yOffset":2,"xAdvance":10},"125":{"rect":{"x":255,"y":134,"width":20,"height":47},"xOffset":0,"yOffset":1,"xAdvance":18},"126":{"rect":{"x":37,"y":1002,"width":28,"height":16},"xOffset":0,"yOffset":13,"xAdvance":26},"192":{"rect":{"x":40,"y":275,"width":35,"height":46},"xOffset":0,"yOffset":-6,"xAdvance":33},"193":{"rect":{"x":38,"y":606,"width":35,"height":46},"xOffset":0,"yOffset":-6,"xAdvance":33},"194":{"rect":{"x":38,"y":513,"width":36,"height":46},"xOffset":0,"yOffset":-6,"xAdvance":34},"195":{"rect":{"x":40,"y":322,"width":35,"height":46},"xOffset":0,"yOffset":-6,"xAdvance":33},"200":{"rect":{"x":146,"y":0,"width":29,"height":46},"xOffset":0,"yOffset":-6,"xAdvance":27},"201":{"rect":{"x":143,"y":761,"width":29,"height":46},"xOffset":0,"yOffset":-6,"xAdvance":27},"202":{"rect":{"x":142,"y":405,"width":29,"height":46},"xOffset":0,"yOffset":-6,"xAdvance":27},"204":{"rect":{"x":255,"y":831,"width":16,"height":46},"xOffset":0,"yOffset":-6,"xAdvance":14},"205":{"rect":{"x":256,"y":566,"width":15,"height":46},"xOffset":0,"yOffset":-6,"xAdvance":13},"210":{"rect":{"x":74,"y":607,"width":35,"height":46},"xOffset":0,"yOffset":-6,"xAdvance":33},"211":{"rect":{"x":74,"y":805,"width":34,"height":46},"xOffset":0,"yOffset":-6,"xAdvance":32},"212":{"rect":{"x":74,"y":939,"width":34,"height":46},"xOffset":0,"yOffset":-6,"xAdvance":32},"213":{"rect":{"x":74,"y":560,"width":35,"height":46},"xOffset":0,"yOffset":-6,"xAdvance":33},"217":{"rect":{"x":110,"y":379,"width":31,"height":46},"xOffset":0,"yOffset":-6,"xAdvance":29},"218":{"rect":{"x":111,"y":212,"width":30,"height":46},"xOffset":0,"yOffset":-6,"xAdvance":28},"221":{"rect":{"x":109,"y":787,"width":33,"height":46},"xOffset":0,"yOffset":-6,"xAdvance":31},"224":{"rect":{"x":201,"y":91,"width":26,"height":39},"xOffset":0,"yOffset":1,"xAdvance":24},"225":{"rect":{"x":201,"y":211,"width":26,"height":39},"xOffset":0,"yOffset":1,"xAdvance":24},"226":{"rect":{"x":204,"y":46,"width":26,"height":39},"xOffset":0,"yOffset":1,"xAdvance":24},"227":{"rect":{"x":201,"y":172,"width":26,"height":38},"xOffset":0,"yOffset":2,"xAdvance":24},"232":{"rect":{"x":173,"y":726,"width":27,"height":39},"xOffset":0,"yOffset":1,"xAdvance":25},"233":{"rect":{"x":200,"y":537,"width":27,"height":39},"xOffset":0,"yOffset":1,"xAdvance":25},"234":{"rect":{"x":172,"y":855,"width":27,"height":39},"xOffset":0,"yOffset":1,"xAdvance":25},"236":{"rect":{"x":255,"y":791,"width":16,"height":39},"xOffset":0,"yOffset":1,"xAdvance":14},"237":{"rect":{"x":255,"y":878,"width":16,"height":39},"xOffset":0,"yOffset":1,"xAdvance":14},"242":{"rect":{"x":143,"y":628,"width":29,"height":39},"xOffset":0,"yOffset":1,"xAdvance":27},"243":{"rect":{"x":141,"y":588,"width":29,"height":39},"xOffset":0,"yOffset":1,"xAdvance":27},"244":{"rect":{"x":116,"y":47,"width":29,"height":39},"xOffset":0,"yOffset":1,"xAdvance":27},"245":{"rect":{"x":143,"y":87,"width":29,"height":38},"xOffset":0,"yOffset":2,"xAdvance":27},"249":{"rect":{"x":228,"y":444,"width":26,"height":39},"xOffset":0,"yOffset":1,"xAdvance":24},"250":{"rect":{"x":229,"y":751,"width":26,"height":39},"xOffset":0,"yOffset":1,"xAdvance":24},"253":{"rect":{"x":172,"y":204,"width":28,"height":47},"xOffset":0,"yOffset":1,"xAdvance":26},"258":{"rect":{"x":38,"y":653,"width":35,"height":46},"xOffset":0,"yOffset":-6,"xAdvance":33},"259":{"rect":{"x":201,"y":290,"width":26,"height":38},"xOffset":0,"yOffset":2,"xAdvance":24},"272":{"rect":{"x":38,"y":700,"width":35,"height":38},"xOffset":0,"yOffset":2,"xAdvance":33},"273":{"rect":{"x":110,"y":504,"width":30,"height":38},"xOffset":0,"yOffset":2,"xAdvance":28},"296":{"rect":{"x":253,"y":0,"width":20,"height":46},"xOffset":0,"yOffset":-6,"xAdvance":18},"297":{"rect":{"x":231,"y":40,"width":21,"height":38},"xOffset":0,"yOffset":2,"xAdvance":19},"360":{"rect":{"x":111,"y":259,"width":30,"height":46},"xOffset":0,"yOffset":-6,"xAdvance":28},"361":{"rect":{"x":228,"y":525,"width":26,"height":38},"xOffset":0,"yOffset":2,"xAdvance":24},"416":{"rect":{"x":0,"y":306,"width":39,"height":39},"xOffset":0,"yOffset":1,"xAdvance":37},"417":{"rect":{"x":39,"y":434,"width":35,"height":31},"xOffset":0,"yOffset":9,"xAdvance":33},"431":{"rect":{"x":0,"y":606,"width":37,"height":38},"xOffset":0,"yOffset":2,"xAdvance":35},"432":{"rect":{"x":74,"y":694,"width":34,"height":30},"xOffset":0,"yOffset":10,"xAdvance":32},"7840":{"rect":{"x":38,"y":560,"width":35,"height":45},"xOffset":0,"yOffset":2,"xAdvance":33},"7841":{"rect":{"x":201,"y":251,"width":26,"height":38},"xOffset":0,"yOffset":9,"xAdvance":24},"7842":{"rect":{"x":40,"y":228,"width":35,"height":46},"xOffset":0,"yOffset":-6,"xAdvance":33},"7843":{"rect":{"x":201,"y":131,"width":26,"height":40},"xOffset":0,"yOffset":0,"xAdvance":24},"7844":{"rect":{"x":37,"y":739,"width":36,"height":45},"xOffset":0,"yOffset":-5,"xAdvance":34},"7845":{"rect":{"x":176,"y":0,"width":27,"height":45},"xOffset":0,"yOffset":-5,"xAdvance":25},"7846":{"rect":{"x":37,"y":878,"width":36,"height":45},"xOffset":0,"yOffset":-5,"xAdvance":34},"7847":{"rect":{"x":228,"y":86,"width":26,"height":45},"xOffset":0,"yOffset":-5,"xAdvance":24},"7848":{"rect":{"x":38,"y":466,"width":36,"height":46},"xOffset":0,"yOffset":-6,"xAdvance":34},"7849":{"rect":{"x":228,"y":132,"width":26,"height":46},"xOffset":0,"yOffset":-6,"xAdvance":24},"7850":{"rect":{"x":0,"y":924,"width":36,"height":45},"xOffset":0,"yOffset":-5,"xAdvance":34},"7851":{"rect":{"x":200,"y":846,"width":27,"height":44},"xOffset":0,"yOffset":-4,"xAdvance":25},"7852":{"rect":{"x":37,"y":827,"width":36,"height":50},"xOffset":0,"yOffset":-3,"xAdvance":34},"7853":{"rect":{"x":201,"y":687,"width":27,"height":46},"xOffset":0,"yOffset":1,"xAdvance":25},"7854":{"rect":{"x":0,"y":785,"width":36,"height":45},"xOffset":0,"yOffset":-5,"xAdvance":34},"7855":{"rect":{"x":201,"y":467,"width":26,"height":45},"xOffset":0,"yOffset":-5,"xAdvance":24},"7856":{"rect":{"x":0,"y":739,"width":36,"height":45},"xOffset":0,"yOffset":-5,"xAdvance":34},"7857":{"rect":{"x":201,"y":329,"width":26,"height":45},"xOffset":0,"yOffset":-5,"xAdvance":24},"7858":{"rect":{"x":0,"y":877,"width":36,"height":46},"xOffset":0,"yOffset":-6,"xAdvance":34},"7859":{"rect":{"x":201,"y":375,"width":26,"height":46},"xOffset":0,"yOffset":-6,"xAdvance":24},"7860":{"rect":{"x":0,"y":831,"width":36,"height":45},"xOffset":0,"yOffset":-5,"xAdvance":34},"7861":{"rect":{"x":201,"y":422,"width":26,"height":44},"xOffset":0,"yOffset":-4,"xAdvance":24},"7862":{"rect":{"x":0,"y":970,"width":36,"height":50},"xOffset":0,"yOffset":-3,"xAdvance":34},"7863":{"rect":{"x":204,"y":0,"width":26,"height":45},"xOffset":0,"yOffset":2,"xAdvance":24},"7864":{"rect":{"x":142,"y":359,"width":29,"height":45},"xOffset":0,"yOffset":2,"xAdvance":27},"7865":{"rect":{"x":172,"y":941,"width":27,"height":38},"xOffset":0,"yOffset":9,"xAdvance":25},"7866":{"rect":{"x":142,"y":312,"width":29,"height":46},"xOffset":0,"yOffset":-6,"xAdvance":27},"7867":{"rect":{"x":200,"y":805,"width":27,"height":40},"xOffset":0,"yOffset":0,"xAdvance":25},"7868":{"rect":{"x":142,"y":265,"width":29,"height":46},"xOffset":0,"yOffset":-6,"xAdvance":27},"7869":{"rect":{"x":201,"y":766,"width":27,"height":38},"xOffset":0,"yOffset":2,"xAdvance":25},"7870":{"rect":{"x":142,"y":922,"width":29,"height":45},"xOffset":0,"yOffset":-5,"xAdvance":27},"7871":{"rect":{"x":200,"y":891,"width":27,"height":45},"xOffset":0,"yOffset":-5,"xAdvance":25},"7872":{"rect":{"x":142,"y":180,"width":29,"height":45},"xOffset":0,"yOffset":-5,"xAdvance":27},"7873":{"rect":{"x":172,"y":895,"width":27,"height":45},"xOffset":0,"yOffset":-5,"xAdvance":25},"7874":{"rect":{"x":142,"y":875,"width":29,"height":46},"xOffset":0,"yOffset":-6,"xAdvance":27},"7875":{"rect":{"x":172,"y":808,"width":27,"height":46},"xOffset":0,"yOffset":-6,"xAdvance":25},"7876":{"rect":{"x":142,"y":452,"width":29,"height":45},"xOffset":0,"yOffset":-5,"xAdvance":27},"7877":{"rect":{"x":176,"y":46,"width":27,"height":44},"xOffset":0,"yOffset":-4,"xAdvance":25},"7878":{"rect":{"x":142,"y":968,"width":29,"height":50},"xOffset":0,"yOffset":-3,"xAdvance":27},"7879":{"rect":{"x":228,"y":179,"width":26,"height":46},"xOffset":0,"yOffset":1,"xAdvance":24},"7880":{"rect":{"x":255,"y":918,"width":15,"height":46},"xOffset":0,"yOffset":-6,"xAdvance":13},"7881":{"rect":{"x":256,"y":613,"width":15,"height":40},"xOffset":0,"yOffset":0,"xAdvance":13},"7882":{"rect":{"x":270,"y":691,"width":13,"height":45},"xOffset":0,"yOffset":2,"xAdvance":11},"7883":{"rect":{"x":270,"y":737,"width":13,"height":45},"xOffset":0,"yOffset":2,"xAdvance":11},"7884":{"rect":{"x":74,"y":892,"width":34,"height":46},"xOffset":0,"yOffset":1,"xAdvance":32},"7885":{"rect":{"x":141,"y":549,"width":29,"height":38},"xOffset":0,"yOffset":9,"xAdvance":27},"7886":{"rect":{"x":46,"y":0,"width":35,"height":46},"xOffset":0,"yOffset":-6,"xAdvance":33},"7887":{"rect":{"x":142,"y":834,"width":29,"height":40},"xOffset":0,"yOffset":0,"xAdvance":27},"7888":{"rect":{"x":41,"y":127,"width":35,"height":45},"xOffset":0,"yOffset":-5,"xAdvance":33},"7889":{"rect":{"x":143,"y":715,"width":29,"height":45},"xOffset":0,"yOffset":-5,"xAdvance":27},"7890":{"rect":{"x":75,"y":420,"width":34,"height":45},"xOffset":0,"yOffset":-5,"xAdvance":32},"7891":{"rect":{"x":142,"y":134,"width":29,"height":45},"xOffset":0,"yOffset":-5,"xAdvance":27},"7892":{"rect":{"x":77,"y":87,"width":34,"height":46},"xOffset":0,"yOffset":-6,"xAdvance":32},"7893":{"rect":{"x":116,"y":0,"width":29,"height":46},"xOffset":0,"yOffset":-6,"xAdvance":27},"7894":{"rect":{"x":41,"y":173,"width":35,"height":45},"xOffset":0,"yOffset":-5,"xAdvance":33},"7895":{"rect":{"x":141,"y":504,"width":29,"height":44},"xOffset":0,"yOffset":-4,"xAdvance":27},"7896":{"rect":{"x":40,"y":369,"width":35,"height":50},"xOffset":0,"yOffset":-3,"xAdvance":33},"7897":{"rect":{"x":143,"y":668,"width":29,"height":46},"xOffset":0,"yOffset":1,"xAdvance":27},"7898":{"rect":{"x":0,"y":181,"width":40,"height":46},"xOffset":0,"yOffset":-6,"xAdvance":38},"7899":{"rect":{"x":74,"y":852,"width":34,"height":39},"xOffset":0,"yOffset":1,"xAdvance":32},"7900":{"rect":{"x":0,"y":346,"width":39,"height":46},"xOffset":0,"yOffset":-6,"xAdvance":37},"7901":{"rect":{"x":41,"y":87,"width":35,"height":39},"xOffset":0,"yOffset":1,"xAdvance":33},"7902":{"rect":{"x":0,"y":259,"width":39,"height":46},"xOffset":0,"yOffset":-6,"xAdvance":37},"7903":{"rect":{"x":74,"y":725,"width":34,"height":40},"xOffset":0,"yOffset":0,"xAdvance":32},"7904":{"rect":{"x":0,"y":87,"width":40,"height":46},"xOffset":0,"yOffset":-6,"xAdvance":38},"7905":{"rect":{"x":74,"y":766,"width":34,"height":38},"xOffset":0,"yOffset":2,"xAdvance":32},"7906":{"rect":{"x":0,"y":134,"width":40,"height":46},"xOffset":0,"yOffset":1,"xAdvance":38},"7907":{"rect":{"x":75,"y":505,"width":34,"height":38},"xOffset":0,"yOffset":9,"xAdvance":32},"7908":{"rect":{"x":110,"y":583,"width":30,"height":45},"xOffset":0,"yOffset":2,"xAdvance":28},"7909":{"rect":{"x":228,"y":805,"width":26,"height":37},"xOffset":0,"yOffset":10,"xAdvance":24},"7910":{"rect":{"x":112,"y":87,"width":30,"height":46},"xOffset":0,"yOffset":-6,"xAdvance":28},"7911":{"rect":{"x":228,"y":484,"width":26,"height":40},"xOffset":0,"yOffset":0,"xAdvance":24},"7912":{"rect":{"x":0,"y":559,"width":37,"height":46},"xOffset":0,"yOffset":-6,"xAdvance":35},"7913":{"rect":{"x":76,"y":339,"width":34,"height":39},"xOffset":0,"yOffset":1,"xAdvance":32},"7914":{"rect":{"x":0,"y":645,"width":37,"height":46},"xOffset":0,"yOffset":-6,"xAdvance":35},"7915":{"rect":{"x":76,"y":219,"width":34,"height":39},"xOffset":0,"yOffset":1,"xAdvance":32},"7916":{"rect":{"x":0,"y":692,"width":37,"height":46},"xOffset":0,"yOffset":-6,"xAdvance":35},"7917":{"rect":{"x":76,"y":259,"width":34,"height":40},"xOffset":0,"yOffset":0,"xAdvance":32},"7918":{"rect":{"x":0,"y":466,"width":37,"height":46},"xOffset":0,"yOffset":-6,"xAdvance":35},"7919":{"rect":{"x":76,"y":300,"width":34,"height":38},"xOffset":0,"yOffset":2,"xAdvance":32},"7920":{"rect":{"x":0,"y":513,"width":37,"height":45},"xOffset":0,"yOffset":2,"xAdvance":35},"7921":{"rect":{"x":74,"y":986,"width":34,"height":37},"xOffset":0,"yOffset":10,"xAdvance":32},"7922":{"rect":{"x":82,"y":0,"width":33,"height":46},"xOffset":0,"yOffset":-6,"xAdvance":31},"7923":{"rect":{"x":171,"y":576,"width":28,"height":47},"xOffset":0,"yOffset":1,"xAdvance":26},"7924":{"rect":{"x":77,"y":134,"width":33,"height":45},"xOffset":0,"yOffset":2,"xAdvance":31},"7925":{"rect":{"x":172,"y":165,"width":28,"height":38},"xOffset":0,"yOffset":10,"xAdvance":26},"7926":{"rect":{"x":109,"y":654,"width":33,"height":46},"xOffset":0,"yOffset":-6,"xAdvance":31},"7927":{"rect":{"x":172,"y":378,"width":28,"height":48},"xOffset":0,"yOffset":0,"xAdvance":26},"7928":{"rect":{"x":109,"y":701,"width":33,"height":46},"xOffset":0,"yOffset":-6,"xAdvance":31},"7929":{"rect":{"x":172,"y":291,"width":28,"height":46},"xOffset":0,"yOffset":2,"xAdvance":26}},"kerningDict":{}}}