[{"__type__":"cc.Prefab","_name":"FrankyRocket","data":{"__id__":1}},{"__type__":"cc.Node","_name":"FrankyRocket","_level":1,"_components":[{"__type__":"sp.Skeleton","node":{"__id__":1},"_materials":[{"__uuid__":"7a/QZLET9IDreTiBfRn2PD"}],"_preCacheMode":1,"_cacheMode":1,"_animationName":"Rocket_lv1","_N$skeletonData":{"__uuid__":"f2aNBLVV1EA4ZyrbHHSyeR"}},{"__type__":"4bfb32qiTZD9JmpRZ+Mv0k4","node":{"__id__":1}}],"_prefab":{"__type__":"cc.PrefabInfo","root":{"__id__":1},"asset":{"__uuid__":"9chH32GRxKSqw5W8Dra7iJ"},"fileId":"38vC9XqgRMfpA41kmYBB4r"},"_contentSize":{"__type__":"cc.Size","width":51,"height":124.51}}]