{"__type__":"sp.SkeletonData","_name":"explode_bomb","skeletonJsonStr":"{\"skeleton\":{\"hash\":\"THNOnWz1nV55kZVhSwQp01b63cM\",\"spine\":\"3.7.94\",\"width\":665,\"height\":667,\"images\":\"./image/\",\"audio\":\"F:/DIEM/camu/animation ca1/NEW_195_720/animation_720/Effects/explode\"},\"bones\":[{\"name\":\"root\"},{\"name\":\"bone2\",\"parent\":\"root\"},{\"name\":\"bone\",\"parent\":\"bone2\",\"x\":-0.62,\"y\":0.27,\"scaleX\":0.439,\"scaleY\":0.439},{\"name\":\"bone3\",\"parent\":\"bone2\",\"x\":0.06,\"y\":-0.32},{\"name\":\"bone4\",\"parent\":\"bone2\",\"x\":-10.23,\"y\":6},{\"name\":\"bone5\",\"parent\":\"bone2\",\"x\":-10.23,\"y\":6,\"scaleX\":1.253,\"scaleY\":1.253},{\"name\":\"bone6\",\"parent\":\"bone2\",\"x\":-10.23,\"y\":6,\"scaleX\":1.253,\"scaleY\":1.253},{\"name\":\"bone7\",\"parent\":\"root\",\"rotation\":180},{\"name\":\"bone8\",\"parent\":\"bone7\",\"x\":-0.62,\"y\":0.27,\"scaleX\":0.439,\"scaleY\":0.439},{\"name\":\"bone9\",\"parent\":\"bone7\",\"x\":0.06,\"y\":-0.32},{\"name\":\"bone10\",\"parent\":\"bone7\",\"x\":-10.23,\"y\":6},{\"name\":\"bone11\",\"parent\":\"bone7\",\"x\":-10.23,\"y\":6,\"scaleX\":1.253,\"scaleY\":1.253},{\"name\":\"bone12\",\"parent\":\"bone7\",\"x\":4.46,\"y\":6,\"scaleX\":1.253,\"scaleY\":1.253},{\"name\":\"bone13\",\"parent\":\"root\",\"scaleX\":2,\"scaleY\":2},{\"name\":\"bone14\",\"parent\":\"root\",\"rotation\":1.54},{\"name\":\"bone15\",\"parent\":\"root\"}],\"slots\":[{\"name\":\"fx\",\"bone\":\"bone15\",\"color\":\"ffffff7e\",\"attachment\":\"fx\",\"blend\":\"additive\"},{\"name\":\"fx3\",\"bone\":\"bone15\",\"color\":\"ffffff7e\",\"attachment\":\"fx\",\"blend\":\"additive\"},{\"name\":\"fx2\",\"bone\":\"bone15\",\"color\":\"ffffff7e\",\"attachment\":\"fx\",\"blend\":\"additive\"},{\"name\":\"fx4\",\"bone\":\"bone15\",\"color\":\"ffffff7e\",\"attachment\":\"fx\",\"blend\":\"additive\"},{\"name\":\"exp3\",\"bone\":\"bone\",\"color\":\"ffffff00\",\"attachment\":\"exp3\",\"blend\":\"additive\"},{\"name\":\"exp7\",\"bone\":\"bone8\",\"color\":\"ffffff00\",\"attachment\":\"exp3\",\"blend\":\"additive\"},{\"name\":\"exp4\",\"bone\":\"bone3\",\"color\":\"ffffff00\",\"attachment\":\"exp4\",\"blend\":\"additive\"},{\"name\":\"exp8\",\"bone\":\"bone9\",\"color\":\"ffffff00\",\"attachment\":\"exp4\",\"blend\":\"additive\"},{\"name\":\"exp2\",\"bone\":\"bone4\",\"color\":\"ffffff00\",\"attachment\":\"exp2\",\"blend\":\"additive\"},{\"name\":\"exp9\",\"bone\":\"bone10\",\"color\":\"ffffff00\",\"attachment\":\"exp2\",\"blend\":\"additive\"},{\"name\":\"exp5\",\"bone\":\"bone5\",\"color\":\"ffffff00\",\"attachment\":\"exp2\",\"blend\":\"additive\"},{\"name\":\"exp10\",\"bone\":\"bone11\",\"color\":\"ffffff00\",\"attachment\":\"exp2\",\"blend\":\"additive\"},{\"name\":\"exp6\",\"bone\":\"bone6\",\"color\":\"ffffff00\",\"attachment\":\"exp2\",\"blend\":\"additive\"},{\"name\":\"exp11\",\"bone\":\"bone12\",\"attachment\":\"exp2\",\"blend\":\"additive\"},{\"name\":\"Explosion 03\",\"bone\":\"bone13\",\"color\":\"ff9300ff\",\"attachment\":\"Explosion 03\",\"blend\":\"additive\"},{\"name\":\"Explosion 3\",\"bone\":\"bone13\",\"color\":\"ff9300ff\",\"attachment\":\"Explosion 03\",\"blend\":\"additive\"},{\"name\":\"blur\",\"bone\":\"bone14\",\"attachment\":\"blur\",\"blend\":\"additive\"}],\"skins\":{\"default\":{\"Explosion 03\":{\"Explosion 03\":{\"rotation\":179.82,\"width\":136,\"height\":127}},\"Explosion 3\":{\"Explosion 03\":{\"scaleX\":0.5,\"scaleY\":0.5,\"rotation\":-180,\"width\":136,\"height\":127}},\"blur\":{\"blur\":{\"color\":\"ff9700ff\",\"width\":12,\"height\":12}},\"exp10\":{\"exp2\":{\"color\":\"ff6f13ff\",\"x\":0.5,\"width\":118,\"height\":126}},\"exp11\":{\"exp2\":{\"color\":\"ff6f13ff\",\"x\":0.5,\"scaleX\":0.601,\"scaleY\":0.601,\"width\":118,\"height\":126}},\"exp2\":{\"exp2\":{\"color\":\"ffa100ff\",\"x\":0.5,\"width\":118,\"height\":126}},\"exp3\":{\"exp3\":{\"color\":\"ffa100ff\",\"x\":2.43,\"y\":-5.32,\"scaleX\":1.648,\"scaleY\":1.648,\"width\":141,\"height\":141}},\"exp4\":{\"exp4\":{\"color\":\"ffa100ff\",\"scaleX\":0.186,\"scaleY\":0.186,\"width\":182,\"height\":174}},\"exp5\":{\"exp2\":{\"color\":\"ffa100ff\",\"x\":0.5,\"width\":118,\"height\":126}},\"exp6\":{\"exp2\":{\"color\":\"ffa100ff\",\"x\":0.5,\"scaleX\":0.601,\"scaleY\":0.601,\"width\":118,\"height\":126}},\"exp7\":{\"exp3\":{\"color\":\"ffa100ff\",\"x\":2.43,\"y\":-5.32,\"scaleX\":1.648,\"scaleY\":1.648,\"width\":141,\"height\":141}},\"exp8\":{\"exp4\":{\"color\":\"ffa100ff\",\"scaleX\":0.186,\"scaleY\":0.186,\"width\":182,\"height\":174}},\"exp9\":{\"exp2\":{\"color\":\"ff6f13ff\",\"x\":0.5,\"width\":118,\"height\":126}},\"fx\":{\"fx\":{\"x\":-166,\"y\":166,\"width\":333,\"height\":335}},\"fx2\":{\"fx\":{\"x\":166,\"y\":166,\"scaleX\":-1,\"width\":333,\"height\":335}},\"fx3\":{\"fx\":{\"x\":-166,\"y\":-166,\"scaleY\":-1,\"width\":333,\"height\":335}},\"fx4\":{\"fx\":{\"x\":166,\"y\":-166,\"scaleX\":-1,\"scaleY\":-1,\"width\":333,\"height\":335}}}},\"animations\":{\"animation\":{\"slots\":{\"Explosion 03\":{\"color\":[{\"time\":0,\"color\":\"ffffffff\",\"curve\":\"stepped\"},{\"time\":0.2667,\"color\":\"ffffffff\"},{\"time\":0.5333,\"color\":\"ffffff00\"}]},\"Explosion 3\":{\"color\":[{\"time\":0,\"color\":\"ffffffff\",\"curve\":\"stepped\"},{\"time\":0.2667,\"color\":\"ffffffff\"},{\"time\":0.5333,\"color\":\"ffffff00\"}]},\"blur\":{\"color\":[{\"time\":0.2667,\"color\":\"ffffffff\"},{\"time\":0.6667,\"color\":\"ffffff00\"}]},\"exp2\":{\"color\":[{\"time\":0,\"color\":\"ffffff00\",\"curve\":[0.25,0,0.472,1]},{\"time\":0.1,\"color\":\"ffffffff\",\"curve\":[0.25,0,0.472,1]},{\"time\":0.4,\"color\":\"ffffff00\"}]},\"exp3\":{\"color\":[{\"time\":0,\"color\":\"ffffff00\"},{\"time\":0.0667,\"color\":\"ffffffff\"},{\"time\":0.4,\"color\":\"ffffff00\"}]},\"exp4\":{\"color\":[{\"time\":0,\"color\":\"ffffff00\",\"curve\":[0.529,0.39,1,0.65]},{\"time\":0.0667,\"color\":\"ffffffff\",\"curve\":[0.529,0.39,1,0.65]},{\"time\":0.4,\"color\":\"ffffff00\"}]},\"exp5\":{\"color\":[{\"time\":0,\"color\":\"ffffff00\",\"curve\":[0.25,0,0.472,1]},{\"time\":0.1,\"color\":\"ffffffff\",\"curve\":[0.25,0,0.472,1]},{\"time\":0.2667,\"color\":\"ffffff00\"}]},\"exp6\":{\"color\":[{\"time\":0,\"color\":\"ffffff00\",\"curve\":[0.25,0,0.472,1]},{\"time\":0.1,\"color\":\"ffffffff\",\"curve\":[0.25,0,0.472,1]},{\"time\":0.2667,\"color\":\"ffffff00\"}]},\"exp7\":{\"color\":[{\"time\":0,\"color\":\"ffffff00\"},{\"time\":0.0667,\"color\":\"ffffffff\"},{\"time\":0.4,\"color\":\"ffffff00\"}]},\"exp8\":{\"color\":[{\"time\":0,\"color\":\"ffffff00\",\"curve\":[0.529,0.39,1,0.65]},{\"time\":0.0667,\"color\":\"ffffffff\",\"curve\":[0.529,0.39,1,0.65]},{\"time\":0.4,\"color\":\"ffffff00\"}]},\"exp9\":{\"color\":[{\"time\":0,\"color\":\"ffffff00\",\"curve\":[0.25,0,0.472,1]},{\"time\":0.1,\"color\":\"ffffffff\",\"curve\":[0.25,0,0.472,1]},{\"time\":0.4,\"color\":\"ffffff00\"}]},\"exp10\":{\"color\":[{\"time\":0,\"color\":\"ffffff00\",\"curve\":[0.25,0,0.472,1]},{\"time\":0.1,\"color\":\"ffffffff\",\"curve\":[0.25,0,0.472,1]},{\"time\":0.2667,\"color\":\"ffffff00\"}]},\"exp11\":{\"color\":[{\"time\":0,\"color\":\"ffffff00\",\"curve\":[0.25,0,0.472,1]},{\"time\":0.1,\"color\":\"ffffffff\",\"curve\":[0.25,0,0.472,1]},{\"time\":0.2667,\"color\":\"ffffff00\"}]},\"fx\":{\"color\":[{\"time\":0,\"color\":\"ffffff00\"},{\"time\":0.3333,\"color\":\"ffffff81\"},{\"time\":0.7667,\"color\":\"ffffff00\"}]},\"fx2\":{\"color\":[{\"time\":0,\"color\":\"ffffff00\"},{\"time\":0.3333,\"color\":\"ffffff81\"},{\"time\":0.7667,\"color\":\"ffffff00\"}]},\"fx3\":{\"color\":[{\"time\":0,\"color\":\"ffffff00\"},{\"time\":0.3333,\"color\":\"ffffff81\"},{\"time\":0.7667,\"color\":\"ffffff00\"}]},\"fx4\":{\"color\":[{\"time\":0,\"color\":\"ffffff00\"},{\"time\":0.3333,\"color\":\"ffffff81\"},{\"time\":0.7667,\"color\":\"ffffff00\"}]}},\"bones\":{\"bone4\":{\"translate\":[{\"time\":0,\"x\":0,\"y\":0},{\"time\":0.2667,\"x\":-178.97,\"y\":91.56}],\"scale\":[{\"time\":0,\"x\":1,\"y\":1},{\"time\":0.2667,\"x\":1.317,\"y\":1.317},{\"time\":0.4,\"x\":1.452,\"y\":1.452}]},\"bone\":{\"scale\":[{\"time\":0,\"x\":1,\"y\":1},{\"time\":0.2667,\"x\":6.349,\"y\":6.349},{\"time\":0.4,\"x\":7.001,\"y\":7.001}]},\"bone3\":{\"scale\":[{\"time\":0,\"x\":1,\"y\":1,\"curve\":[0.25,0,0.736,0.97]},{\"time\":0.2667,\"x\":27.467,\"y\":27.467},{\"time\":0.4,\"x\":31.929,\"y\":31.929}]},\"bone5\":{\"translate\":[{\"time\":0,\"x\":0,\"y\":0},{\"time\":0.2667,\"x\":158.48,\"y\":54.07}],\"scale\":[{\"time\":0,\"x\":1,\"y\":1},{\"time\":0.2667,\"x\":1.317,\"y\":1.317}]},\"bone6\":{\"translate\":[{\"time\":0,\"x\":0,\"y\":0},{\"time\":0.2667,\"x\":33.27,\"y\":-120.01}],\"scale\":[{\"time\":0,\"x\":1,\"y\":1},{\"time\":0.2667,\"x\":1.317,\"y\":1.317}]},\"bone8\":{\"scale\":[{\"time\":0,\"x\":1,\"y\":1},{\"time\":0.2667,\"x\":6.349,\"y\":6.349},{\"time\":0.4,\"x\":7.001,\"y\":7.001}]},\"bone9\":{\"scale\":[{\"time\":0,\"x\":1,\"y\":1,\"curve\":[0.25,0,0.736,0.97]},{\"time\":0.2667,\"x\":27.467,\"y\":27.467},{\"time\":0.4,\"x\":31.929,\"y\":31.929}]},\"bone10\":{\"translate\":[{\"time\":0,\"x\":0,\"y\":0},{\"time\":0.2667,\"x\":-178.97,\"y\":91.56}],\"scale\":[{\"time\":0,\"x\":1,\"y\":1},{\"time\":0.2667,\"x\":1.317,\"y\":1.317},{\"time\":0.4,\"x\":1.452,\"y\":1.452}]},\"bone11\":{\"translate\":[{\"time\":0,\"x\":0,\"y\":0},{\"time\":0.2667,\"x\":158.48,\"y\":54.07}],\"scale\":[{\"time\":0,\"x\":1,\"y\":1},{\"time\":0.2667,\"x\":1.317,\"y\":1.317}]},\"bone12\":{\"translate\":[{\"time\":0,\"x\":0,\"y\":0},{\"time\":0.2667,\"x\":33.27,\"y\":-120.01}],\"scale\":[{\"time\":0,\"x\":1,\"y\":1},{\"time\":0.2667,\"x\":1.317,\"y\":1.317}]},\"bone13\":{\"rotate\":[{\"time\":0,\"angle\":-0.06}],\"scale\":[{\"time\":0,\"x\":0,\"y\":0,\"curve\":[0,0.5,0.75,1]},{\"time\":0.6667,\"x\":5,\"y\":5}]},\"bone14\":{\"scale\":[{\"time\":0,\"x\":1,\"y\":1},{\"time\":0.6667,\"x\":70,\"y\":70}]},\"bone15\":{\"scale\":[{\"time\":0,\"x\":0,\"y\":0,\"curve\":\"stepped\"},{\"time\":0.2,\"x\":0,\"y\":0,\"curve\":[0.145,0.37,0.75,1]},{\"time\":0.7667,\"x\":4,\"y\":4}]}}}}}","_skeletonJson":{"skeleton":{"hash":"THNOnWz1nV55kZVhSwQp01b63cM","spine":"3.7.94","width":665,"height":667,"images":"./image/","audio":"F:/DIEM/camu/animation ca1/NEW_195_720/animation_720/Effects/explode"},"bones":[{"name":"root"},{"name":"bone2","parent":"root"},{"name":"bone","parent":"bone2","x":-0.62,"y":0.27,"scaleX":0.439,"scaleY":0.439},{"name":"bone3","parent":"bone2","x":0.06,"y":-0.32},{"name":"bone4","parent":"bone2","x":-10.23,"y":6},{"name":"bone5","parent":"bone2","x":-10.23,"y":6,"scaleX":1.253,"scaleY":1.253},{"name":"bone6","parent":"bone2","x":-10.23,"y":6,"scaleX":1.253,"scaleY":1.253},{"name":"bone7","parent":"root","rotation":180},{"name":"bone8","parent":"bone7","x":-0.62,"y":0.27,"scaleX":0.439,"scaleY":0.439},{"name":"bone9","parent":"bone7","x":0.06,"y":-0.32},{"name":"bone10","parent":"bone7","x":-10.23,"y":6},{"name":"bone11","parent":"bone7","x":-10.23,"y":6,"scaleX":1.253,"scaleY":1.253},{"name":"bone12","parent":"bone7","x":4.46,"y":6,"scaleX":1.253,"scaleY":1.253},{"name":"bone13","parent":"root","scaleX":2,"scaleY":2},{"name":"bone14","parent":"root","rotation":1.54},{"name":"bone15","parent":"root"}],"slots":[{"name":"fx","bone":"bone15","color":"ffffff7e","attachment":"fx","blend":"additive"},{"name":"fx3","bone":"bone15","color":"ffffff7e","attachment":"fx","blend":"additive"},{"name":"fx2","bone":"bone15","color":"ffffff7e","attachment":"fx","blend":"additive"},{"name":"fx4","bone":"bone15","color":"ffffff7e","attachment":"fx","blend":"additive"},{"name":"exp3","bone":"bone","color":"ffffff00","attachment":"exp3","blend":"additive"},{"name":"exp7","bone":"bone8","color":"ffffff00","attachment":"exp3","blend":"additive"},{"name":"exp4","bone":"bone3","color":"ffffff00","attachment":"exp4","blend":"additive"},{"name":"exp8","bone":"bone9","color":"ffffff00","attachment":"exp4","blend":"additive"},{"name":"exp2","bone":"bone4","color":"ffffff00","attachment":"exp2","blend":"additive"},{"name":"exp9","bone":"bone10","color":"ffffff00","attachment":"exp2","blend":"additive"},{"name":"exp5","bone":"bone5","color":"ffffff00","attachment":"exp2","blend":"additive"},{"name":"exp10","bone":"bone11","color":"ffffff00","attachment":"exp2","blend":"additive"},{"name":"exp6","bone":"bone6","color":"ffffff00","attachment":"exp2","blend":"additive"},{"name":"exp11","bone":"bone12","attachment":"exp2","blend":"additive"},{"name":"Explosion 03","bone":"bone13","color":"ff9300ff","attachment":"Explosion 03","blend":"additive"},{"name":"Explosion 3","bone":"bone13","color":"ff9300ff","attachment":"Explosion 03","blend":"additive"},{"name":"blur","bone":"bone14","attachment":"blur","blend":"additive"}],"skins":{"default":{"Explosion 03":{"Explosion 03":{"rotation":179.82,"width":136,"height":127}},"Explosion 3":{"Explosion 03":{"scaleX":0.5,"scaleY":0.5,"rotation":-180,"width":136,"height":127}},"blur":{"blur":{"color":"ff9700ff","width":12,"height":12}},"exp10":{"exp2":{"color":"ff6f13ff","x":0.5,"width":118,"height":126}},"exp11":{"exp2":{"color":"ff6f13ff","x":0.5,"scaleX":0.601,"scaleY":0.601,"width":118,"height":126}},"exp2":{"exp2":{"color":"ffa100ff","x":0.5,"width":118,"height":126}},"exp3":{"exp3":{"color":"ffa100ff","x":2.43,"y":-5.32,"scaleX":1.648,"scaleY":1.648,"width":141,"height":141}},"exp4":{"exp4":{"color":"ffa100ff","scaleX":0.186,"scaleY":0.186,"width":182,"height":174}},"exp5":{"exp2":{"color":"ffa100ff","x":0.5,"width":118,"height":126}},"exp6":{"exp2":{"color":"ffa100ff","x":0.5,"scaleX":0.601,"scaleY":0.601,"width":118,"height":126}},"exp7":{"exp3":{"color":"ffa100ff","x":2.43,"y":-5.32,"scaleX":1.648,"scaleY":1.648,"width":141,"height":141}},"exp8":{"exp4":{"color":"ffa100ff","scaleX":0.186,"scaleY":0.186,"width":182,"height":174}},"exp9":{"exp2":{"color":"ff6f13ff","x":0.5,"width":118,"height":126}},"fx":{"fx":{"x":-166,"y":166,"width":333,"height":335}},"fx2":{"fx":{"x":166,"y":166,"scaleX":-1,"width":333,"height":335}},"fx3":{"fx":{"x":-166,"y":-166,"scaleY":-1,"width":333,"height":335}},"fx4":{"fx":{"x":166,"y":-166,"scaleX":-1,"scaleY":-1,"width":333,"height":335}}}},"animations":{"animation":{"slots":{"Explosion 03":{"color":[{"time":0,"color":"ffffffff","curve":"stepped"},{"time":0.2667,"color":"ffffffff"},{"time":0.5333,"color":"ffffff00"}]},"Explosion 3":{"color":[{"time":0,"color":"ffffffff","curve":"stepped"},{"time":0.2667,"color":"ffffffff"},{"time":0.5333,"color":"ffffff00"}]},"blur":{"color":[{"time":0.2667,"color":"ffffffff"},{"time":0.6667,"color":"ffffff00"}]},"exp2":{"color":[{"time":0,"color":"ffffff00","curve":[0.25,0,0.472,1]},{"time":0.1,"color":"ffffffff","curve":[0.25,0,0.472,1]},{"time":0.4,"color":"ffffff00"}]},"exp3":{"color":[{"time":0,"color":"ffffff00"},{"time":0.0667,"color":"ffffffff"},{"time":0.4,"color":"ffffff00"}]},"exp4":{"color":[{"time":0,"color":"ffffff00","curve":[0.529,0.39,1,0.65]},{"time":0.0667,"color":"ffffffff","curve":[0.529,0.39,1,0.65]},{"time":0.4,"color":"ffffff00"}]},"exp5":{"color":[{"time":0,"color":"ffffff00","curve":[0.25,0,0.472,1]},{"time":0.1,"color":"ffffffff","curve":[0.25,0,0.472,1]},{"time":0.2667,"color":"ffffff00"}]},"exp6":{"color":[{"time":0,"color":"ffffff00","curve":[0.25,0,0.472,1]},{"time":0.1,"color":"ffffffff","curve":[0.25,0,0.472,1]},{"time":0.2667,"color":"ffffff00"}]},"exp7":{"color":[{"time":0,"color":"ffffff00"},{"time":0.0667,"color":"ffffffff"},{"time":0.4,"color":"ffffff00"}]},"exp8":{"color":[{"time":0,"color":"ffffff00","curve":[0.529,0.39,1,0.65]},{"time":0.0667,"color":"ffffffff","curve":[0.529,0.39,1,0.65]},{"time":0.4,"color":"ffffff00"}]},"exp9":{"color":[{"time":0,"color":"ffffff00","curve":[0.25,0,0.472,1]},{"time":0.1,"color":"ffffffff","curve":[0.25,0,0.472,1]},{"time":0.4,"color":"ffffff00"}]},"exp10":{"color":[{"time":0,"color":"ffffff00","curve":[0.25,0,0.472,1]},{"time":0.1,"color":"ffffffff","curve":[0.25,0,0.472,1]},{"time":0.2667,"color":"ffffff00"}]},"exp11":{"color":[{"time":0,"color":"ffffff00","curve":[0.25,0,0.472,1]},{"time":0.1,"color":"ffffffff","curve":[0.25,0,0.472,1]},{"time":0.2667,"color":"ffffff00"}]},"fx":{"color":[{"time":0,"color":"ffffff00"},{"time":0.3333,"color":"ffffff81"},{"time":0.7667,"color":"ffffff00"}]},"fx2":{"color":[{"time":0,"color":"ffffff00"},{"time":0.3333,"color":"ffffff81"},{"time":0.7667,"color":"ffffff00"}]},"fx3":{"color":[{"time":0,"color":"ffffff00"},{"time":0.3333,"color":"ffffff81"},{"time":0.7667,"color":"ffffff00"}]},"fx4":{"color":[{"time":0,"color":"ffffff00"},{"time":0.3333,"color":"ffffff81"},{"time":0.7667,"color":"ffffff00"}]}},"bones":{"bone4":{"translate":[{"time":0,"x":0,"y":0},{"time":0.2667,"x":-178.97,"y":91.56}],"scale":[{"time":0,"x":1,"y":1},{"time":0.2667,"x":1.317,"y":1.317},{"time":0.4,"x":1.452,"y":1.452}]},"bone":{"scale":[{"time":0,"x":1,"y":1},{"time":0.2667,"x":6.349,"y":6.349},{"time":0.4,"x":7.001,"y":7.001}]},"bone3":{"scale":[{"time":0,"x":1,"y":1,"curve":[0.25,0,0.736,0.97]},{"time":0.2667,"x":27.467,"y":27.467},{"time":0.4,"x":31.929,"y":31.929}]},"bone5":{"translate":[{"time":0,"x":0,"y":0},{"time":0.2667,"x":158.48,"y":54.07}],"scale":[{"time":0,"x":1,"y":1},{"time":0.2667,"x":1.317,"y":1.317}]},"bone6":{"translate":[{"time":0,"x":0,"y":0},{"time":0.2667,"x":33.27,"y":-120.01}],"scale":[{"time":0,"x":1,"y":1},{"time":0.2667,"x":1.317,"y":1.317}]},"bone8":{"scale":[{"time":0,"x":1,"y":1},{"time":0.2667,"x":6.349,"y":6.349},{"time":0.4,"x":7.001,"y":7.001}]},"bone9":{"scale":[{"time":0,"x":1,"y":1,"curve":[0.25,0,0.736,0.97]},{"time":0.2667,"x":27.467,"y":27.467},{"time":0.4,"x":31.929,"y":31.929}]},"bone10":{"translate":[{"time":0,"x":0,"y":0},{"time":0.2667,"x":-178.97,"y":91.56}],"scale":[{"time":0,"x":1,"y":1},{"time":0.2667,"x":1.317,"y":1.317},{"time":0.4,"x":1.452,"y":1.452}]},"bone11":{"translate":[{"time":0,"x":0,"y":0},{"time":0.2667,"x":158.48,"y":54.07}],"scale":[{"time":0,"x":1,"y":1},{"time":0.2667,"x":1.317,"y":1.317}]},"bone12":{"translate":[{"time":0,"x":0,"y":0},{"time":0.2667,"x":33.27,"y":-120.01}],"scale":[{"time":0,"x":1,"y":1},{"time":0.2667,"x":1.317,"y":1.317}]},"bone13":{"rotate":[{"time":0,"angle":-0.06}],"scale":[{"time":0,"x":0,"y":0,"curve":[0,0.5,0.75,1]},{"time":0.6667,"x":5,"y":5}]},"bone14":{"scale":[{"time":0,"x":1,"y":1},{"time":0.6667,"x":70,"y":70}]},"bone15":{"scale":[{"time":0,"x":0,"y":0,"curve":"stepped"},{"time":0.2,"x":0,"y":0,"curve":[0.145,0.37,0.75,1]},{"time":0.7667,"x":4,"y":4}]}}}}},"_atlasText":"\nexplode_bomb.png\nsize: 641,339\nformat: RGBA8888\nfilter: Linear,Linear\nrepeat: none\nExplosion 03\n  rotate: true\n  xy: 480, 25\n  size: 136, 127\n  orig: 136, 127\n  offset: 0, 0\n  index: -1\nblur\n  rotate: false\n  xy: 337, 6\n  size: 12, 12\n  orig: 12, 12\n  offset: 0, 0\n  index: -1\nexp2\n  rotate: false\n  xy: 521, 211\n  size: 118, 126\n  orig: 118, 126\n  offset: 0, 0\n  index: -1\nexp3\n  rotate: false\n  xy: 337, 20\n  size: 141, 141\n  orig: 141, 141\n  offset: 0, 0\n  index: -1\nexp4\n  rotate: false\n  xy: 337, 163\n  size: 182, 174\n  orig: 182, 174\n  offset: 0, 0\n  index: -1\nfx\n  rotate: false\n  xy: 2, 2\n  size: 333, 335\n  orig: 333, 335\n  offset: 0, 0\n  index: -1\n","textures":[{"__uuid__":"2cydXk1cZHMpX2tO6pHtmg"}],"textureNames":["explode_bomb.png"]}