[{"__type__":"cc.Prefab","_name":"SpriteFish","data":{"__id__":1}},{"__type__":"cc.Node","_name":"Fish","_children":[{"__id__":2},{"__id__":3},{"__id__":5}],"_level":1,"_components":[{"__type__":"cc.BoxCollider","node":{"__id__":1},"_size":{"__type__":"cc.Size","width":50,"height":20}},{"__type__":"6f452jxgJhPKrZEahuaBZ8Q","node":{"__id__":1},"_isFishGroup":true,"_isOutScreen":false,"_HIT_COLOR":{"__type__":"cc.Color"},"luckyEffect":{"__id__":2},"iceEffect":{"__id__":5},"fishAnim":{"__id__":4}}],"_prefab":{"__type__":"cc.PrefabInfo","root":{"__id__":1},"asset":{"__uuid__":"034+0qo5BMwrR/oGRjtXBz"},"fileId":"b1x1ZmNGNONq0wV62dGypg"},"groupIndex":4},{"__type__":"cc.Node","_name":"LuckyCircle","_parent":{"__id__":1},"_active":false,"_level":2,"_components":[{"__type__":"cc.Sprite","node":{"__id__":2},"_materials":[{"__uuid__":"3a5WA6APBKZKkN553rbcMp"}],"_spriteFrame":{"__uuid__":"952bONEUdLOriNEF7pVD/z"}},{"__type__":"cc.Animation","node":{"__id__":2},"_defaultClip":{"__uuid__":"174G/xbIFNBojRX6kN3euC"},"_clips":[{"__uuid__":"174G/xbIFNBojRX6kN3euC"}],"playOnLoad":true}],"_prefab":{"__type__":"cc.PrefabInfo","root":{"__id__":1},"asset":{"__uuid__":"034+0qo5BMwrR/oGRjtXBz"},"fileId":"e32xxwmiBPraMmcXpPO1/q"},"_contentSize":{"__type__":"cc.Size","width":155,"height":156}},{"__type__":"cc.Node","_name":"MainFish","_parent":{"__id__":1},"_level":6,"_components":[{"__type__":"cc.Sprite","node":{"__id__":3},"_materials":[{"__uuid__":"91o9b746dE9I8EfBrUX2S2"}],"_sizeMode":2,"_isTrimmedMode":false},{"__id__":4}],"_prefab":{"__type__":"cc.PrefabInfo","root":{"__id__":1},"asset":{"__uuid__":"034+0qo5BMwrR/oGRjtXBz"},"fileId":"48/wbgOEhBMYvwPIwCFQT2"},"_contentSize":{"__type__":"cc.Size","width":34,"height":48}},{"__type__":"cc.Animation","node":{"__id__":3}},{"__type__":"cc.Node","_name":"iceEffect","_parent":{"__id__":1},"_level":2,"_components":[{"__type__":"sp.Skeleton","node":{"__id__":5},"_materials":[{"__uuid__":"7a/QZLET9IDreTiBfRn2PD"}],"_preCacheMode":1,"_cacheMode":1,"_animationName":"snow","_N$skeletonData":{"__uuid__":"7abjWPYzJB/bY7jYBKOSvz"},"_N$enableBatch":true}],"_prefab":{"__type__":"cc.PrefabInfo","root":{"__id__":1},"asset":{"__uuid__":"034+0qo5BMwrR/oGRjtXBz"},"fileId":"f9UdYj2IpMt4Sp943m9N5d"},"_contentSize":{"__type__":"cc.Size","width":226.02,"height":218.51}}]