[{"__type__":"cc.Prefab","_name":"DragonDieSmallExplosion","data":{"__id__":1}},{"__type__":"cc.Node","_name":"DragonDieSmallExplosion","_level":1,"_components":[{"__type__":"sp.Skeleton","node":{"__id__":1},"_materials":[{"__uuid__":"7a/QZLET9IDreTiBfRn2PD"}],"defaultAnimation":"animation","_preCacheMode":0,"loop":false,"_animationName":"animation","_playTimes":1,"_N$skeletonData":{"__uuid__":"a4Mp1y4cNEuaS1yjBUfAV8"},"_N$enableBatch":true},{"__type__":"305c1d3YnVLXJyO6otInrLX","node":{"__id__":1}}],"_prefab":{"__type__":"cc.PrefabInfo","root":{"__id__":1},"asset":{"__uuid__":"a3dgg6IdlMQKNIdYWJ3Z1+"},"fileId":"8eXlOmIF5PjIA3c29n2rgx"},"_contentSize":{"__type__":"cc.Size","width":335.67,"height":335.67}}]