[{"__type__":"cc.Prefab","_name":"ItemFreezeEffect","data":{"__id__":1}},{"__type__":"cc.Node","_name":"ItemFreezeEffect","_children":[{"__id__":2},{"__id__":3},{"__id__":4},{"__id__":5},{"__id__":6},{"__id__":7}],"_level":4,"_components":[{"__id__":8},{"__type__":"8e7b3ZoyiRDkp/Dh8gVx7UM","node":{"__id__":1},"freezeItemAnim":{"__id__":8}}],"_prefab":{"__type__":"cc.PrefabInfo","root":{"__id__":1},"asset":{"__uuid__":"bd9DrS/kBDDaokKtiZ/G2y"},"fileId":"ceN0YfV8dIBIsGMApqgyK1"},"_position":{"__type__":"cc.Vec3","x":115,"y":-319}},{"__type__":"cc.Node","_name":"dropEff2","_parent":{"__id__":1},"_active":false,"_level":2,"_components":[{"__type__":"cc.Sprite","node":{"__id__":2},"_materials":[{"__uuid__":"ecpdLyjvZBwrvm+cedCcQy"}],"_spriteFrame":{"__uuid__":"249SNtp+VOYKuIMdA0e7FH"},"_sizeMode":2}],"_prefab":{"__type__":"cc.PrefabInfo","root":{"__id__":1},"asset":{"__uuid__":"bd9DrS/kBDDaokKtiZ/G2y"},"fileId":"46DU+kRH9GZrpW6Pckfp1m"},"_contentSize":{"__type__":"cc.Size","width":132,"height":116},"_position":{"__type__":"cc.Vec3","x":-4}},{"__type__":"cc.Node","_name":"dropEff1","_parent":{"__id__":1},"_active":false,"_level":2,"_components":[{"__type__":"cc.Sprite","node":{"__id__":3},"_materials":[{"__uuid__":"ecpdLyjvZBwrvm+cedCcQy"}],"_spriteFrame":{"__uuid__":"e3z3XFVLRJMpmCINsrbWql"},"_sizeMode":2}],"_prefab":{"__type__":"cc.PrefabInfo","root":{"__id__":1},"asset":{"__uuid__":"bd9DrS/kBDDaokKtiZ/G2y"},"fileId":"c3Yrgh49lP0KiC5tZ7b4/9"},"_contentSize":{"__type__":"cc.Size","width":113,"height":106}},{"__type__":"cc.Node","_name":"eff1","_parent":{"__id__":1},"_level":2,"_components":[{"__type__":"cc.Sprite","node":{"__id__":4},"_materials":[{"__uuid__":"ecpdLyjvZBwrvm+cedCcQy"}],"_spriteFrame":{"__uuid__":"0ecWDRO/FGlJw5rjUzXb43"},"_sizeMode":2}],"_prefab":{"__type__":"cc.PrefabInfo","root":{"__id__":1},"asset":{"__uuid__":"bd9DrS/kBDDaokKtiZ/G2y"},"fileId":"74e8eYKrJLw7Yq4eveWmEP"},"_contentSize":{"__type__":"cc.Size","width":143,"height":142}},{"__type__":"cc.Node","_name":"eff3","_parent":{"__id__":1},"_level":2,"_components":[{"__type__":"cc.Sprite","node":{"__id__":5},"_materials":[{"__uuid__":"ecpdLyjvZBwrvm+cedCcQy"}],"_spriteFrame":{"__uuid__":"cdzp3+nghM/K4yQOYbPPI+"},"_sizeMode":2,"_isTrimmedMode":false}],"_prefab":{"__type__":"cc.PrefabInfo","root":{"__id__":1},"asset":{"__uuid__":"bd9DrS/kBDDaokKtiZ/G2y"},"fileId":"1bj/zo2MZO7onPe3ROM2Qi"},"_contentSize":{"__type__":"cc.Size","width":74,"height":74}},{"__type__":"cc.Node","_name":"Image","_parent":{"__id__":1},"_level":2,"_components":[{"__type__":"cc.Sprite","node":{"__id__":6},"_materials":[{"__uuid__":"ecpdLyjvZBwrvm+cedCcQy"}],"_spriteFrame":{"__uuid__":"3fD2d8nEhJQ4GDx/ldTfn6"},"_sizeMode":2,"_isTrimmedMode":false}],"_prefab":{"__type__":"cc.PrefabInfo","root":{"__id__":1},"asset":{"__uuid__":"bd9DrS/kBDDaokKtiZ/G2y"},"fileId":"a69R3/uyFI/IOvllseIKJh"},"_contentSize":{"__type__":"cc.Size","width":90,"height":90},"_position":{"__type__":"cc.Vec3","y":1.5}},{"__type__":"cc.Node","_name":"eff2","_parent":{"__id__":1},"_level":2,"_components":[{"__type__":"cc.Sprite","node":{"__id__":7},"_materials":[{"__uuid__":"ecpdLyjvZBwrvm+cedCcQy"}],"_spriteFrame":{"__uuid__":"77W+v5l3tGyrfQvAzCWeDA"},"_sizeMode":2,"_isTrimmedMode":false}],"_prefab":{"__type__":"cc.PrefabInfo","root":{"__id__":1},"asset":{"__uuid__":"bd9DrS/kBDDaokKtiZ/G2y"},"fileId":"f9IOs9YsZNC4zSgdj7+GHH"},"_contentSize":{"__type__":"cc.Size","width":113,"height":106}},{"__type__":"cc.Animation","node":{"__id__":1},"_defaultClip":{"__uuid__":"b4ASSzKw9IILG5WifXYfJt"},"_clips":[{"__uuid__":"b4ASSzKw9IILG5WifXYfJt"}],"playOnLoad":true}]