{"__type__":"sp.SkeletonData","_name":"PopupJackpot","skeletonJsonStr":"{\"skeleton\":{\"hash\":\"1cCGiu0/vdd86B5ChxhkDoXRJOA\",\"spine\":\"3.7.94\",\"width\":926.07,\"height\":774.78},\"bones\":[{\"name\":\"root\"},{\"name\":\"all\",\"parent\":\"root\"},{\"name\":\"man\",\"parent\":\"all\",\"x\":287.74,\"y\":-132.71},{\"name\":\"banner\",\"parent\":\"all\",\"x\":5.58,\"y\":-220.47},{\"name\":\"hom1\",\"parent\":\"all\",\"x\":3.08,\"y\":-131.58},{\"name\":\"hom\",\"parent\":\"hom1\",\"x\":-3.34,\"y\":228.98},{\"name\":\"title\",\"parent\":\"all\",\"x\":3.97,\"y\":229.1},{\"name\":\"Group 12 copy\",\"parent\":\"all\",\"x\":18.11,\"scaleX\":1.952,\"scaleY\":1.952},{\"name\":\"All Light\",\"parent\":\"all\",\"x\":18.11},{\"name\":\"light\",\"parent\":\"All Light\",\"x\":-107.42,\"y\":20.94},{\"name\":\"number\",\"parent\":\"banner\",\"x\":0.04,\"y\":46.41},{\"name\":\"rotate\",\"parent\":\"Group 12 copy\"},{\"name\":\"hom2\",\"parent\":\"hom\",\"x\":2.34,\"y\":67.71},{\"name\":\"Group 12 copy2\",\"parent\":\"all\",\"x\":18.11,\"scaleX\":1.95,\"scaleY\":1.95},{\"name\":\"rotate2\",\"parent\":\"Group 12 copy2\"},{\"name\":\"banner2\",\"parent\":\"banner\",\"x\":-180.1,\"y\":57.99},{\"name\":\"banner3\",\"parent\":\"banner\",\"x\":172.61,\"y\":55.99},{\"name\":\"banner4\",\"parent\":\"banner\",\"x\":-89.76,\"y\":47.67},{\"name\":\"banner5\",\"parent\":\"banner\",\"x\":92.37,\"y\":48.17},{\"name\":\"banner6\",\"parent\":\"banner\",\"x\":-0.44,\"y\":32.2},{\"name\":\"light2\",\"parent\":\"All Light\",\"x\":33.02,\"y\":48.25},{\"name\":\"light3\",\"parent\":\"All Light\",\"x\":-83.15,\"y\":-48.68},{\"name\":\"light4\",\"parent\":\"All Light\",\"x\":58.37,\"y\":28.72},{\"name\":\"light5\",\"parent\":\"All Light\",\"x\":-137.65,\"y\":-73.41},{\"name\":\"light6\",\"parent\":\"All Light\",\"x\":8.45,\"y\":-73.41},{\"name\":\"light7\",\"parent\":\"All Light\",\"x\":86.88,\"y\":-73.41},{\"name\":\"clip\",\"parent\":\"title\",\"x\":-338.66,\"y\":-1.18},{\"name\":\"Shira\",\"parent\":\"all\",\"x\":-267.16,\"y\":-111.71},{\"name\":\"null/body\",\"parent\":\"Shira\",\"length\":80.52,\"rotation\":90,\"x\":30.36,\"y\":-1.76},{\"name\":\"null/body2\",\"parent\":\"null/body\",\"length\":104.54,\"rotation\":8.47,\"x\":80.52},{\"name\":\"null/dau\",\"parent\":\"null/body2\",\"length\":66.34,\"rotation\":0.3,\"x\":104.48,\"y\":-0.44},{\"name\":\"null/hair\",\"parent\":\"null/dau\",\"length\":97.3,\"rotation\":-92.07,\"x\":59.12,\"y\":7.4,\"transform\":\"noRotationOrReflection\"},{\"name\":\"null/hair2\",\"parent\":\"null/hair\",\"length\":75.4,\"rotation\":-1.61,\"x\":155.93},{\"name\":\"null/vai1\",\"parent\":\"null/dau\",\"x\":-29.04,\"y\":-15.11},{\"name\":\"null/vai\",\"parent\":\"null/vai1\",\"x\":80.77,\"y\":21.37},{\"name\":\"null/tail\",\"parent\":\"null/body\",\"length\":86.21,\"rotation\":11.48,\"x\":29.68,\"y\":142.12},{\"name\":\"body\",\"parent\":\"man\",\"length\":253.05,\"rotation\":89.6,\"x\":-74.54,\"y\":49.88},{\"name\":\"fin\",\"parent\":\"body\",\"length\":36.5,\"rotation\":-61.8,\"x\":-36.55,\"y\":-49.96},{\"name\":\"fin2\",\"parent\":\"fin\",\"length\":34.4,\"rotation\":36.95,\"x\":36.5},{\"name\":\"fin3\",\"parent\":\"fin2\",\"length\":36.76,\"rotation\":5.66,\"x\":34.4},{\"name\":\"fin4\",\"parent\":\"fin3\",\"length\":55.43,\"rotation\":-4.8,\"x\":36.76},{\"name\":\"banner7\",\"parent\":\"banner2\",\"x\":-26.9,\"y\":18.78},{\"name\":\"banner8\",\"parent\":\"banner3\",\"x\":24.43,\"y\":25.26},{\"name\":\"null/eye\",\"parent\":\"null/dau\",\"x\":19.6,\"y\":-14.57,\"scaleX\":1.089,\"scaleY\":0.968},{\"name\":\"Rong\",\"parent\":\"all\",\"x\":-44.58,\"y\":-13.06},{\"name\":\"Rong2\",\"parent\":\"all\",\"x\":-7.54,\"y\":-13.25,\"scaleX\":-0.964,\"scaleY\":0.941},{\"name\":\"Hair2\",\"parent\":\"null/dau\",\"rotation\":-85.95,\"x\":68.45,\"y\":13.12},{\"name\":\"light8\",\"parent\":\"All Light\",\"x\":-34.21,\"y\":55.65}],\"slots\":[{\"name\":\"fx\",\"bone\":\"rotate\",\"attachment\":\"fx\"},{\"name\":\"fx1\",\"bone\":\"rotate2\",\"attachment\":\"fx\"},{\"name\":\"rong3\",\"bone\":\"Rong\",\"attachment\":\"rong2\"},{\"name\":\"rong5\",\"bone\":\"Rong\",\"attachment\":\"rong2\"},{\"name\":\"rong6\",\"bone\":\"Rong\",\"attachment\":\"rong2\"},{\"name\":\"rong4\",\"bone\":\"Rong2\",\"attachment\":\"rong2\"},{\"name\":\"fin\",\"bone\":\"fin\",\"attachment\":\"fin\"},{\"name\":\"title\",\"bone\":\"title\",\"attachment\":\"title1\"},{\"name\":\"clip\",\"bone\":\"clip\",\"attachment\":\"clip\"},{\"name\":\"title_add\",\"bone\":\"title\",\"attachment\":\"title1_add\"},{\"name\":\"body\",\"bone\":\"body\",\"attachment\":\"body\"},{\"name\":\"rong\",\"bone\":\"man\",\"attachment\":\"rong\"},{\"name\":\"null/vai\",\"bone\":\"null/vai\",\"attachment\":\"null/vai\"},{\"name\":\"null/tail\",\"bone\":\"null/tail\",\"attachment\":\"null/tail\"},{\"name\":\"null/hair\",\"bone\":\"null/hair\",\"attachment\":\"null/hair\"},{\"name\":\"null/vai1\",\"bone\":\"null/vai1\",\"attachment\":\"null/vai1\"},{\"name\":\"null/body\",\"bone\":\"null/body\",\"attachment\":\"null/body\"},{\"name\":\"null/hair2\",\"bone\":\"Hair2\",\"attachment\":\"null/hair2\"},{\"name\":\"null/dau\",\"bone\":\"null/dau\",\"attachment\":\"null/dau\"},{\"name\":\"null/eye\",\"bone\":\"null/eye\",\"attachment\":\"null/eye\"},{\"name\":\"rong2\",\"bone\":\"Shira\",\"attachment\":\"rong\"},{\"name\":\"hom\",\"bone\":\"hom\",\"attachment\":\"hom\"},{\"name\":\"hom1\",\"bone\":\"hom1\",\"attachment\":\"hom1\"},{\"name\":\"hom1_add\",\"bone\":\"hom1\",\"attachment\":\"hom1_add\"},{\"name\":\"banner\",\"bone\":\"banner\",\"attachment\":\"banner\"},{\"name\":\"light\",\"bone\":\"light\"},{\"name\":\"light2\",\"bone\":\"light2\"},{\"name\":\"light3\",\"bone\":\"light3\"},{\"name\":\"light4\",\"bone\":\"light4\"},{\"name\":\"light5\",\"bone\":\"light5\"},{\"name\":\"light6\",\"bone\":\"light6\"},{\"name\":\"light7\",\"bone\":\"light7\"},{\"name\":\"light8\",\"bone\":\"light8\"}],\"skins\":{\"default\":{\"banner\":{\"banner\":{\"type\":\"mesh\",\"uvs\":[1,1,0.84096,1,0.66481,1,0.5069,1,0.35594,1,0.20122,1,0,1,0,0,0.2207,0,0.2701,0.42091,0.3546,0.43417,0.5015,0.43417,0.6666,0.42533,0.768,0.37231,0.7654,0,1,0,0.91554,0.69614,0.87397,0.48069,0.86381,0.25237,0.12885,0.2781,0.12214,0.51928,0.08922,0.75402],\"triangles\":[16,17,15,17,18,15,0,16,15,20,7,19,21,6,7,21,7,20,12,13,17,1,16,0,1,2,16,13,18,17,13,14,18,18,14,15,16,12,17,16,2,12,3,12,2,11,12,3,3,4,11,4,21,10,4,10,11,20,9,10,6,21,5,4,5,21,10,21,20,20,19,9,19,8,9,19,7,8],\"vertices\":[1,42,60.94,-84.15,1,1,16,2.67,-58.9,1,3,19,60.88,-35.11,0.38157,18,-31.93,-51.07,0.6167,16,-112.17,-58.9,0.00174,3,17,83.63,-50.58,0.0777,19,-5.69,-35.11,0.90203,18,-98.5,-51.07,0.02027,3,15,95.47,-60.9,0.0402,17,5.14,-50.58,0.81778,19,-84.18,-35.11,0.14202,1,15,22.71,-60.9,1,1,41,-55.03,-79.68,1,1,41,-55.03,73.32,1,1,15,32.84,92.1,1,2,15,56.77,27.7,0.50363,17,-33.57,38.03,0.49637,3,15,97.68,25.67,0.03577,17,7.34,36,0.88398,19,-81.98,51.47,0.08026,3,17,80.83,36,0.17548,19,-8.49,51.47,0.75797,18,-101.31,35.5,0.06656,3,19,64.92,52.82,0.2491,18,-27.9,36.85,0.74733,16,-108.13,29.03,0.00357,2,18,42.04,44.96,0.31038,16,-38.2,37.14,0.68962,1,16,-36.62,94.1,1,1,42,60.94,68.85,1,3,18,120.62,-4.58,0.08498,16,40.38,-12.4,0.66703,42,15.95,-37.66,0.248,3,18,98.48,28.38,0.12679,16,18.24,20.56,0.62521,42,-6.19,-4.7,0.248,3,18,93.07,63.31,0.13702,16,12.83,55.49,0.61498,42,-11.6,30.23,0.248,3,15,-15.76,49.55,0.55562,17,-106.1,59.88,0.17238,41,11.13,30.77,0.272,3,15,-19.21,12.65,0.5646,17,-109.54,22.98,0.1634,41,7.69,-6.13,0.272,3,15,-35.94,-23.26,0.64439,17,-126.27,-12.94,0.08361,41,-9.04,-42.04,0.272],\"hull\":16}},\"body\":{\"body\":{\"type\":\"mesh\",\"uvs\":[1,0.82445,1,1,0,1,0,0.82041,0,0,1,0],\"triangles\":[3,4,5,3,5,0,2,3,0,2,0,1],\"vertices\":[2,2,33.27,42.49,0.7653,36,-6.63,-107.86,0.2347,1,2,33.27,-34.23,1,2,2,-190.73,-34.23,0.00154,36,-84.92,115.59,0.99846,1,36,-6.44,116.14,1,1,36,352.07,118.67,1,1,36,353.65,-105.33,1],\"hull\":6}},\"clip\":{\"clip\":{\"type\":\"clipping\",\"end\":\"title_add\",\"vertexCount\":4,\"vertices\":[-77.54,112.38,-36.25,-115.87,68.91,-114.31,28.4,111.6]}},\"fin\":{\"fin\":{\"type\":\"mesh\",\"uvs\":[0.72848,0.14025,1,0.16372,1,0.37132,0.85027,0.40021,0.72103,0.48867,0.56941,0.55365,0.53461,0.68002,0.47745,0.81722,0.39294,0.93276,0.27861,1,0,1,0,0.77047,0.09552,0.76922,0.1333,0.71059,0.16078,0.59209,0.25008,0.4948,0.36343,0.47484,0.35313,0.32391,0.40288,0.16733,0.35814,0,0.64397,0],\"triangles\":[18,19,20,18,20,0,3,0,1,2,3,1,0,17,18,4,0,3,0,4,17,17,5,16,4,5,17,6,16,5,6,15,16,6,7,15,7,14,15,7,13,14,8,13,7,9,12,13,10,11,12,9,10,12,13,8,9],\"vertices\":[1,40,59.55,-2.24,1,1,40,70.96,-38.2,1,2,39,67.12,-57.24,2.0E-5,40,35.04,-54.49,0.99998,2,39,55.02,-39.61,0.03794,40,21.51,-37.94,0.96206,2,39,33.2,-28.44,0.43111,40,-1.17,-28.64,0.56889,3,38,50.15,-11.37,0.01111,39,14.55,-12.87,0.97526,40,-21.05,-14.69,0.01363,2,38,26.39,-17.27,0.85475,39,-9.68,-16.4,0.14525,2,37,48.83,-17.32,0.32573,38,-0.56,-21.26,0.67427,2,37,28.28,-31.3,0.94357,38,-25.39,-20.08,0.05643,1,37,8.36,-35.25,1,1,37,-25.65,-17.31,1,2,37,-5.31,21.26,0.99994,38,-20.63,42.12,6.0E-5,3,37,6.46,15.33,0.96083,38,-14.79,30.3,0.03683,39,-45.96,35,0.00234,3,37,16.27,22.75,0.71813,38,-2.49,30.34,0.248,39,-33.72,33.83,0.03387,3,37,30.13,40.89,0.23483,38,19.49,36.51,0.51153,39,-11.24,37.81,0.25364,3,37,49.65,51.5,0.05642,38,41.46,33.25,0.32496,39,10.31,32.39,0.61862,4,37,65.26,47.56,0.00851,38,51.57,20.72,0.08069,39,19.13,18.93,0.86675,40,-19.15,17.39,0.04405,2,39,45.67,29.88,0.21135,40,6.37,30.53,0.78865,2,39,76,33.39,0.00111,40,36.31,36.56,0.99889,1,40,62.71,55.31,1,1,40,79,19.39,1],\"hull\":21}},\"fx\":{\"fx\":{\"width\":401,\"height\":397}},\"fx1\":{\"fx\":{\"width\":401,\"height\":397}},\"hom\":{\"hom\":{\"type\":\"mesh\",\"uvs\":[1,1,0,1,0,0.38169,0,0.2753,0,0,1,0,1,0.27841,1,0.38169],\"triangles\":[3,4,5,3,5,6,2,3,6,2,6,7,1,2,7,1,7,0],\"vertices\":[1,5,159.27,-13.58,1,1,5,-154.73,-13.58,1,1,12,-157.07,-10.79,1,1,12,-157.07,8.86,1,2,5,-154.73,127.42,0.5699,12,-157.07,59.71,0.4301,2,5,159.27,127.42,0.4841,12,156.93,59.71,0.5159,1,12,156.93,8.28,1,1,12,156.93,-10.79,1],\"hull\":8}},\"hom1\":{\"hom1\":{\"x\":-7.07,\"y\":89.71,\"width\":346,\"height\":227}},\"hom1_add\":{\"hom1_add\":{\"x\":-2.51,\"y\":118.89,\"width\":363,\"height\":241}},\"light\":{\"light\":{\"width\":64,\"height\":64}},\"light2\":{\"light\":{\"width\":64,\"height\":64}},\"light3\":{\"light\":{\"width\":64,\"height\":64}},\"light4\":{\"light\":{\"width\":64,\"height\":64}},\"light5\":{\"light\":{\"width\":64,\"height\":64}},\"light6\":{\"light\":{\"width\":64,\"height\":64}},\"light7\":{\"light\":{\"width\":64,\"height\":64}},\"light8\":{\"light\":{\"width\":64,\"height\":64}},\"null/body\":{\"null/body\":{\"type\":\"mesh\",\"uvs\":[0.97799,0.988,0.02201,0.988,0.02201,0.744,0.02201,0.5,0.02201,0.256,0.02201,0.012,0.97799,0.012,0.97799,0.256,0.97799,0.5,0.97799,0.744],\"triangles\":[3,7,8,3,4,7,4,6,7,4,5,6,1,9,0,1,2,9,2,8,9,2,3,8],\"vertices\":[1,28,-26.28,-110.21,1,1,28,-27.06,52.62,1,1,28,31.01,52.62,1,2,28,89.08,52.62,0.4872,29,16.21,50.78,0.5128,2,28,147.15,52.62,0.01302,29,73.65,42.23,0.98698,1,29,131.09,33.67,1,1,29,109.77,-109.45,1,2,28,147.15,-92.08,0.0392,29,52.33,-100.89,0.9608,2,28,89.08,-92.08,0.4111,29,-5.1,-92.34,0.5889,1,28,31.01,-92.08,1],\"hull\":10}},\"null/dau\":{\"null/dau\":{\"type\":\"mesh\",\"uvs\":[0.99999,0.99719,8.0E-5,0.98317,0,0,1,0],\"triangles\":[1,2,3,0,1,3],\"vertices\":[-65.33,-57.44,-46.01,54.92,89.05,34.08,71.66,-78.58],\"hull\":4}},\"null/eye\":{\"null/eye\":{\"x\":0.47,\"y\":3.61,\"rotation\":-98.78,\"width\":39,\"height\":25}},\"null/hair\":{\"null/hair\":{\"type\":\"mesh\",\"uvs\":[1,1,0,1,0,0.75,0,0.5,0,0.25,0,0,1,0,1,0.25,1,0.5,1,0.75],\"triangles\":[1,2,9,1,9,0,4,5,6,4,6,7,3,4,7,3,7,8,2,3,8,2,8,9],\"vertices\":[2,31,219.58,147.75,0.23664,32,118.08,151.12,0.76336,2,31,217.38,-103.09,0.0443,32,122.92,-99.68,0.9557,2,31,157.96,-105.69,0.25807,32,63.6,-103.95,0.74193,2,31,114.59,-108.29,0.74567,32,20.32,-107.77,0.25433,2,31,56.36,-110.9,0.97973,32,-37.82,-112,0.02027,1,31,-14.41,-113.5,1,1,31,-23.48,137.33,1,2,31,47.94,139.94,0.99094,32,-53.27,138.5,0.00906,2,31,110.65,142.54,0.83339,32,9.35,142.86,0.16661,2,31,159.95,145.15,0.44689,32,58.55,146.85,0.55311],\"hull\":10}},\"null/hair2\":{\"null/hair2\":{\"x\":21.57,\"y\":22.33,\"width\":90,\"height\":59}},\"null/tail\":{\"null/tail\":{\"x\":41.98,\"y\":-4.85,\"rotation\":-101.48,\"width\":119,\"height\":148}},\"null/vai\":{\"null/vai\":{\"x\":9.56,\"y\":-1.29,\"rotation\":-98.78,\"width\":82,\"height\":40}},\"null/vai1\":{\"null/vai1\":{\"type\":\"mesh\",\"uvs\":[1,0.38253,0.67206,1,0.61851,1,0.53412,0.91284,0.37994,0.85928,0.17059,0.8191,0,0.71465,0,0.38253,0.09432,0.18434,0.242,0.13881,0.76132,0,1,0,0.61364,0.83249,0.48056,0.74946,0.38968,0.70929,0.29231,0.63697,0.20954,0.56466,0.18195,0.40396,0.2777,0.33432,0.42051,0.39057,0.76781,0.23255,0.85058,0.21916,0.87817,0.30754,0.80189,0.48967,0.73535,0.60216,0.77755,0.7575,0.85707,0.58073,0.66882,0.1897,0.43837,0.26201,0.68667,0.28611],\"triangles\":[23,22,0,27,9,10,21,10,11,20,27,10,21,20,10,28,9,27,29,27,20,28,27,29,0,22,21,18,9,28,8,9,18,17,7,8,0,21,11,19,18,28,18,17,8,20,22,29,22,20,21,23,29,22,16,17,18,16,18,19,15,16,19,19,28,29,19,29,24,14,15,19,16,6,7,16,7,17,5,6,16,5,16,15,5,15,14,13,14,19,24,29,23,24,23,26,25,24,26,12,13,24,25,12,24,3,13,12,4,13,3,1,2,12,3,12,2,25,1,12,0,1,25,0,25,26,26,23,0,24,13,19,4,14,13,4,5,14],\"vertices\":[2,33,54.76,-74.6,0.28073,34,-26,-95.97,0.71927,1,33,-20.69,15.36,1,1,33,-18.76,27.85,1,1,33,-3.41,45.63,1,2,33,9.71,80.42,0.872,34,-71.05,59.05,0.128,2,33,22.93,128.37,0.46776,34,-57.84,107,0.53224,2,33,43.83,165.88,0.29204,34,-36.93,144.51,0.70796,2,33,90.77,158.64,0.00992,34,10,137.27,0.99008,2,33,115.38,132.32,2.5E-4,34,34.62,110.95,0.99975,2,33,116.5,96.88,3.2E-4,34,35.73,75.51,0.99968,2,33,117.42,-27.28,0.06829,34,36.65,-48.65,0.93171,2,33,108.83,-82.95,0.15349,34,28.06,-104.31,0.84651,1,33,5.08,25.33,1,1,33,21.61,54.56,1,2,33,30.56,74.88,0.66678,34,-50.21,53.51,0.33322,2,33,44.28,96.01,0.41445,34,-36.48,74.64,0.58555,2,33,57.48,113.74,0.26506,34,-23.28,92.37,0.73494,2,33,81.19,116.67,0.02579,34,0.42,95.3,0.97421,2,33,87.58,92.81,0.02607,34,6.82,71.45,0.97393,2,33,74.49,60.73,0.07079,34,-6.27,39.36,0.92921,2,33,84.32,-23.72,0.13838,34,3.56,-45.09,0.86162,2,33,83.23,-43.31,0.17993,34,2.47,-64.68,0.82007,2,33,69.75,-47.82,0.24923,34,-11.02,-69.19,0.75077,2,33,46.76,-26.06,0.904,34,-34.01,-47.43,0.096,1,33,33.25,-8.08,1,1,33,9.78,-14.54,1,2,33,31.9,-36.94,0.904,34,-48.87,-58.31,0.096,2,33,93.94,-1.56,0.03517,34,13.18,-22.93,0.96483,2,33,92.02,53.76,0.01318,34,11.25,32.4,0.98682,2,33,79.67,-3.62,0.0997,34,-1.09,-24.99,0.9003],\"hull\":12}},\"rong\":{\"rong\":{\"x\":44.93,\"y\":15.08,\"width\":182,\"height\":106}},\"rong2\":{\"rong\":{\"x\":-21.17,\"y\":7.46,\"scaleX\":-1,\"rotation\":-0.41,\"width\":182,\"height\":106}},\"rong3\":{\"rong2\":{\"x\":352.62,\"y\":62.69,\"width\":352,\"height\":426}},\"rong4\":{\"rong2\":{\"x\":252.14,\"y\":77.48,\"scaleY\":0.939,\"rotation\":4.59,\"width\":352,\"height\":426}},\"rong5\":{\"rong2\":{\"x\":235.61,\"y\":99.04,\"width\":352,\"height\":426}},\"rong6\":{\"rong2\":{\"x\":-90.42,\"y\":82,\"scaleX\":-1,\"width\":352,\"height\":426}},\"title\":{\"title1\":{\"x\":-0.91,\"y\":3.19,\"width\":573,\"height\":103}},\"title_add\":{\"title1_add\":{\"x\":-0.91,\"y\":3.18,\"width\":573,\"height\":103}}}},\"events\":{\"number\":{}},\"animations\":{\"begin\":{\"slots\":{\"clip\":{\"attachment\":[{\"time\":0,\"name\":null}]},\"fx\":{\"color\":[{\"time\":0.5667,\"color\":\"ffffffff\"},{\"time\":0.8,\"color\":\"ffffff00\"}]},\"fx1\":{\"color\":[{\"time\":0.5,\"color\":\"ffffff00\"},{\"time\":1,\"color\":\"ffffffff\"}]},\"hom1_add\":{\"color\":[{\"time\":0,\"color\":\"ffffff00\"},{\"time\":0.6667,\"color\":\"ffffffff\"}]},\"light\":{\"color\":[{\"time\":0,\"color\":\"ffffff00\"},{\"time\":1,\"color\":\"ffffff57\"}],\"attachment\":[{\"time\":0,\"name\":\"light\"}]},\"light2\":{\"color\":[{\"time\":0,\"color\":\"ffffff00\"},{\"time\":1,\"color\":\"ffffffff\"}],\"attachment\":[{\"time\":0,\"name\":\"light\"}]},\"light3\":{\"color\":[{\"time\":0,\"color\":\"ffffff00\"},{\"time\":1,\"color\":\"ffffff77\"}],\"attachment\":[{\"time\":0,\"name\":\"light\"}]},\"light4\":{\"color\":[{\"time\":0,\"color\":\"ffffff00\"},{\"time\":1,\"color\":\"ffffffa7\"}],\"attachment\":[{\"time\":0,\"name\":\"light\"}]},\"light5\":{\"color\":[{\"time\":0,\"color\":\"ffffff00\"},{\"time\":1,\"color\":\"ffffffff\"}],\"attachment\":[{\"time\":0,\"name\":\"light\"}]},\"light6\":{\"color\":[{\"time\":0,\"color\":\"ffffff00\"},{\"time\":1,\"color\":\"ffffff98\"}],\"attachment\":[{\"time\":0,\"name\":\"light\"}]},\"light7\":{\"color\":[{\"time\":0,\"color\":\"ffffff00\"}],\"attachment\":[{\"time\":0,\"name\":\"light\"}]},\"light8\":{\"color\":[{\"time\":0,\"color\":\"ffffff00\"}],\"attachment\":[{\"time\":0,\"name\":\"light\"}]},\"title_add\":{\"color\":[{\"time\":0,\"color\":\"ffffff00\"},{\"time\":0.8333,\"color\":\"ffffffff\"},{\"time\":1,\"color\":\"ffffff00\"}]}},\"bones\":{\"fin2\":{\"rotate\":[{\"time\":0,\"angle\":0,\"curve\":[0.25,0,0.75,1]},{\"time\":0.5,\"angle\":-13.72,\"curve\":[0.25,0,0.75,1]},{\"time\":1,\"angle\":10.38}]},\"null/hair2\":{\"rotate\":[{\"time\":0,\"angle\":0,\"curve\":[0.25,0,0.75,1]},{\"time\":0.5,\"angle\":-29.15,\"curve\":[0.25,0,0.75,1]},{\"time\":1,\"angle\":-3.9}]},\"fin3\":{\"rotate\":[{\"time\":0,\"angle\":0,\"curve\":[0.25,0,0.75,1]},{\"time\":0.5,\"angle\":-2.83,\"curve\":[0.25,0,0.75,1]},{\"time\":1,\"angle\":5.15}]},\"light\":{\"rotate\":[{\"time\":1,\"angle\":-121.03}]},\"banner2\":{\"translate\":[{\"time\":0,\"x\":91.67,\"y\":0,\"curve\":\"stepped\"},{\"time\":0.2,\"x\":91.67,\"y\":0},{\"time\":0.5,\"x\":0,\"y\":0}]},\"banner6\":{\"translate\":[{\"time\":0.2,\"x\":0,\"y\":0},{\"time\":0.5,\"x\":0,\"y\":2.12},{\"time\":0.6,\"x\":0,\"y\":0}]},\"title\":{\"scale\":[{\"time\":0,\"x\":0,\"y\":0,\"curve\":\"stepped\"},{\"time\":0.5,\"x\":0,\"y\":0},{\"time\":0.8333,\"x\":1.2,\"y\":1.2},{\"time\":1,\"x\":1,\"y\":1}]},\"hom\":{\"translate\":[{\"time\":0,\"x\":0,\"y\":0},{\"time\":0.0333,\"x\":0,\"y\":-87.04},{\"time\":0.5,\"x\":0,\"y\":0},{\"time\":0.8333,\"x\":0,\"y\":-41.08}]},\"null/hair\":{\"rotate\":[{\"time\":0,\"angle\":0},{\"time\":0.5,\"angle\":-6.08},{\"time\":1,\"angle\":0}]},\"banner3\":{\"translate\":[{\"time\":0,\"x\":-86.33,\"y\":0,\"curve\":\"stepped\"},{\"time\":0.2,\"x\":-86.33,\"y\":0},{\"time\":0.5,\"x\":0,\"y\":0}]},\"hom2\":{\"translate\":[{\"time\":0,\"x\":0,\"y\":-70.37,\"curve\":\"stepped\"},{\"time\":0.2,\"x\":0,\"y\":-70.37},{\"time\":0.4667,\"x\":0,\"y\":0}]},\"light4\":{\"rotate\":[{\"time\":1,\"angle\":-148.97}]},\"rotate\":{\"scale\":[{\"time\":0,\"x\":0,\"y\":0},{\"time\":0.8,\"x\":4.766,\"y\":4.766}]},\"light6\":{\"rotate\":[{\"time\":1,\"angle\":-36}]},\"null/vai\":{\"translate\":[{\"time\":0,\"x\":0,\"y\":0,\"curve\":[0.25,0,0.75,1]},{\"time\":0.6,\"x\":22.34,\"y\":-1.94,\"curve\":[0.25,0,0.75,1]},{\"time\":1,\"x\":0,\"y\":0}]},\"body\":{\"scale\":[{\"time\":0,\"x\":1,\"y\":1,\"curve\":[0.25,0,0.75,1]},{\"time\":0.5,\"x\":1.117,\"y\":1,\"curve\":[0.25,0,0.75,1]},{\"time\":1,\"x\":1,\"y\":1}]},\"all\":{\"scale\":[{\"time\":0,\"x\":0,\"y\":0},{\"time\":0.2,\"x\":1.2,\"y\":1.2},{\"time\":0.2667,\"x\":1,\"y\":1}]},\"null/dau\":{\"rotate\":[{\"time\":0,\"angle\":0,\"curve\":[0.25,0,0.75,1]},{\"time\":0.5,\"angle\":-4.39,\"curve\":[0.25,0,0.75,1]},{\"time\":1,\"angle\":-0.86}]},\"light3\":{\"rotate\":[{\"time\":1,\"angle\":-48}]},\"rotate2\":{\"rotate\":[{\"time\":0,\"angle\":63.58},{\"time\":1,\"angle\":0}],\"scale\":[{\"time\":0,\"x\":0,\"y\":0},{\"time\":1,\"x\":1,\"y\":1}]},\"light7\":{\"rotate\":[{\"time\":1,\"angle\":-90}]},\"banner4\":{\"translate\":[{\"time\":0.2,\"x\":40.63,\"y\":0},{\"time\":0.5,\"x\":-21.56,\"y\":6.8},{\"time\":0.6,\"x\":0,\"y\":0}]},\"banner5\":{\"translate\":[{\"time\":0.2,\"x\":-48.76,\"y\":0},{\"time\":0.5,\"x\":14.55,\"y\":6.8},{\"time\":0.6,\"x\":0,\"y\":0}]},\"null/tail\":{\"rotate\":[{\"time\":0,\"angle\":0,\"curve\":[0.25,0,0.75,1]},{\"time\":0.5,\"angle\":9.13,\"curve\":[0.25,0,0.75,1]},{\"time\":1,\"angle\":0}]},\"fin4\":{\"rotate\":[{\"time\":0,\"angle\":0,\"curve\":[0.25,0,0.75,1]},{\"time\":0.5,\"angle\":10.89,\"curve\":[0.25,0,0.75,1]},{\"time\":1,\"angle\":0}]},\"light8\":{\"rotate\":[{\"time\":1,\"angle\":-90}]}},\"deform\":{\"default\":{\"banner\":{\"banner\":[{\"time\":0},{\"time\":0.3667,\"offset\":3,\"vertices\":[-22.89598,0,-22.89598,0,-22.89598,0,-22.89598,0,-29.29495,0,-29.29495,0,-29.29495,0,-22.89598,0,-22.89598,0,-22.89598,0,-22.89598,0,0,0,0,0,0,0,26.22001,0,26.22001,0,26.22001,0,26.22001,0,26.22001,0,36.88496,0,36.88496,0,36.88496,0,26.22001,0,26.22001,0,26.22001,0,26.22001,0,26.22001]},{\"time\":0.6667}]},\"hom\":{\"hom\":[{\"time\":0},{\"time\":0.3333,\"offset\":1,\"vertices\":[-8.31263,0,-8.31263]},{\"time\":0.5,\"offset\":1,\"vertices\":[-44.23203,0,-44.23203]},{\"time\":0.8333}]}}},\"drawOrder\":[{\"time\":0,\"offsets\":[{\"slot\":\"hom\",\"offset\":2}]},{\"time\":0.3}],\"events\":[{\"time\":0.6,\"name\":\"number\"}]},\"continue\":{\"slots\":{\"fx\":{\"attachment\":[{\"time\":0,\"name\":null}]},\"fx1\":{\"color\":[{\"time\":0,\"color\":\"ffffff00\"},{\"time\":0.5,\"color\":\"ffffffff\",\"curve\":\"stepped\"},{\"time\":1.8333,\"color\":\"ffffffff\"},{\"time\":2.3333,\"color\":\"ffffff00\"}]},\"hom1_add\":{\"color\":[{\"time\":0,\"color\":\"ffffffff\",\"curve\":[0.25,0,0.75,1]},{\"time\":0.6,\"color\":\"ffffff8a\",\"curve\":[0.25,0,0.75,1]},{\"time\":1.1667,\"color\":\"ffffffff\",\"curve\":[0.25,0,0.75,1]},{\"time\":1.7667,\"color\":\"ffffff8a\",\"curve\":[0.25,0,0.75,1]},{\"time\":2.3333,\"color\":\"ffffffff\"}]},\"light\":{\"color\":[{\"time\":0,\"color\":\"ffffff57\"},{\"time\":0.3667,\"color\":\"ffffffff\",\"curve\":\"stepped\"},{\"time\":0.4,\"color\":\"ffffffff\"},{\"time\":0.9667,\"color\":\"ffffff00\"},{\"time\":1.1667,\"color\":\"ffffff57\"},{\"time\":1.5333,\"color\":\"ffffffff\",\"curve\":\"stepped\"},{\"time\":1.5667,\"color\":\"ffffffff\"},{\"time\":2.1333,\"color\":\"ffffff00\"},{\"time\":2.3333,\"color\":\"ffffff57\"}],\"attachment\":[{\"time\":0,\"name\":\"light\"}]},\"light2\":{\"color\":[{\"time\":0,\"color\":\"ffffffff\"},{\"time\":0.6,\"color\":\"ffffff00\"},{\"time\":1.1333,\"color\":\"ffffffff\",\"curve\":\"stepped\"},{\"time\":1.1667,\"color\":\"ffffffff\"},{\"time\":1.7667,\"color\":\"ffffff00\"},{\"time\":2.3,\"color\":\"ffffffff\"}],\"attachment\":[{\"time\":0,\"name\":\"light\"}]},\"light3\":{\"color\":[{\"time\":0,\"color\":\"ffffff77\"},{\"time\":0.2667,\"color\":\"ffffff00\"},{\"time\":0.8333,\"color\":\"ffffffff\",\"curve\":\"stepped\"},{\"time\":0.8667,\"color\":\"ffffffff\"},{\"time\":1.1667,\"color\":\"ffffff77\"},{\"time\":1.4333,\"color\":\"ffffff00\"},{\"time\":2,\"color\":\"ffffffff\",\"curve\":\"stepped\"},{\"time\":2.0333,\"color\":\"ffffffff\"},{\"time\":2.3333,\"color\":\"ffffff77\"}],\"attachment\":[{\"time\":0,\"name\":\"light\"}]},\"light4\":{\"color\":[{\"time\":0,\"color\":\"ffffffa7\"},{\"time\":0.2,\"color\":\"ffffffff\"},{\"time\":0.8,\"color\":\"ffffff00\"},{\"time\":1.1667,\"color\":\"ffffffa7\"},{\"time\":1.3667,\"color\":\"ffffffff\"},{\"time\":1.9667,\"color\":\"ffffff00\"},{\"time\":2.3333,\"color\":\"ffffffa7\"}],\"attachment\":[{\"time\":0,\"name\":\"light\"}]},\"light5\":{\"color\":[{\"time\":0,\"color\":\"ffffffff\"},{\"time\":0.6,\"color\":\"ffffff00\"},{\"time\":1.1333,\"color\":\"ffffffff\",\"curve\":\"stepped\"},{\"time\":1.1667,\"color\":\"ffffffff\"},{\"time\":1.7667,\"color\":\"ffffff00\"},{\"time\":2.3,\"color\":\"ffffffff\"}],\"attachment\":[{\"time\":0,\"name\":\"light\"}]},\"light6\":{\"color\":[{\"time\":0,\"color\":\"ffffff98\"},{\"time\":0.3667,\"color\":\"ffffff00\"},{\"time\":0.9,\"color\":\"ffffffff\",\"curve\":\"stepped\"},{\"time\":0.9333,\"color\":\"ffffffff\"},{\"time\":1.1667,\"color\":\"ffffff98\"},{\"time\":1.5333,\"color\":\"ffffff00\"},{\"time\":2.0667,\"color\":\"ffffffff\",\"curve\":\"stepped\"},{\"time\":2.1,\"color\":\"ffffffff\"},{\"time\":2.3333,\"color\":\"ffffff98\"}],\"attachment\":[{\"time\":0,\"name\":\"light\"}]},\"light7\":{\"color\":[{\"time\":0,\"color\":\"ffffff00\"},{\"time\":0.5667,\"color\":\"ffffffff\",\"curve\":\"stepped\"},{\"time\":0.6,\"color\":\"ffffffff\"},{\"time\":1.1667,\"color\":\"ffffff00\"},{\"time\":1.7333,\"color\":\"ffffffff\",\"curve\":\"stepped\"},{\"time\":1.7667,\"color\":\"ffffffff\"},{\"time\":2.3333,\"color\":\"ffffff00\"}],\"attachment\":[{\"time\":0,\"name\":\"light\"}]},\"light8\":{\"color\":[{\"time\":0,\"color\":\"ffffff00\"},{\"time\":0.5667,\"color\":\"ffffffff\",\"curve\":\"stepped\"},{\"time\":0.6,\"color\":\"ffffffff\"},{\"time\":1.1667,\"color\":\"ffffff00\"},{\"time\":1.7333,\"color\":\"ffffffff\",\"curve\":\"stepped\"},{\"time\":1.7667,\"color\":\"ffffffff\"},{\"time\":2.3333,\"color\":\"ffffff00\"}],\"attachment\":[{\"time\":0,\"name\":\"light\"}]},\"null/eye\":{\"attachment\":[{\"time\":0,\"name\":null},{\"time\":0.0333,\"name\":\"null/eye\"},{\"time\":0.1333,\"name\":null},{\"time\":1.3,\"name\":\"null/eye\"},{\"time\":1.3667,\"name\":null}]},\"title_add\":{\"color\":[{\"time\":0,\"color\":\"ffffff00\",\"curve\":\"stepped\"},{\"time\":0.5,\"color\":\"ffffff00\"},{\"time\":1.0667,\"color\":\"ffffffff\"},{\"time\":1.6667,\"color\":\"ffffff00\"}]}},\"bones\":{\"hom2\":{\"translate\":[{\"time\":0,\"x\":0,\"y\":5.14,\"curve\":[0.381,0.55,0.742,1]},{\"time\":0.4667,\"x\":0,\"y\":0,\"curve\":[0.25,0,0.75,1]},{\"time\":1.6333,\"x\":0,\"y\":13.96,\"curve\":[0.245,0,0.637,0.56]},{\"time\":2.3333,\"x\":0,\"y\":5.14}]},\"rotate2\":{\"rotate\":[{\"time\":0,\"angle\":0},{\"time\":1.1667,\"angle\":-120},{\"time\":2.3333,\"angle\":120}]},\"light\":{\"rotate\":[{\"time\":0,\"angle\":-121.03},{\"time\":0.3667,\"angle\":-180,\"curve\":\"stepped\"},{\"time\":0.4,\"angle\":0},{\"time\":0.9667,\"angle\":-90},{\"time\":1.1667,\"angle\":-121.03},{\"time\":1.5333,\"angle\":-180,\"curve\":\"stepped\"},{\"time\":1.5667,\"angle\":0},{\"time\":2.1333,\"angle\":-90},{\"time\":2.3333,\"angle\":-121.03}]},\"hom\":{\"translate\":[{\"time\":0,\"x\":0,\"y\":-41.08}]},\"hom1\":{\"translate\":[{\"time\":0,\"x\":0,\"y\":0,\"curve\":[0.25,0,0.75,1]},{\"time\":1.1667,\"x\":0,\"y\":8.8,\"curve\":[0.25,0,0.75,1]},{\"time\":2.3333,\"x\":0,\"y\":0}]},\"banner2\":{\"translate\":[{\"time\":0,\"x\":0,\"y\":0,\"curve\":[0.25,0,0.75,1]},{\"time\":1.1667,\"x\":-11.32,\"y\":0,\"curve\":[0.25,0,0.75,1]},{\"time\":2.3333,\"x\":0,\"y\":0}]},\"banner3\":{\"translate\":[{\"time\":0,\"x\":0,\"y\":0,\"curve\":[0.25,0,0.75,1]},{\"time\":1.1667,\"x\":11.23,\"y\":0,\"curve\":[0.25,0,0.75,1]},{\"time\":2.3333,\"x\":0,\"y\":0}]},\"banner4\":{\"translate\":[{\"time\":0,\"x\":0,\"y\":0,\"curve\":[0.25,0,0.75,1]},{\"time\":1.1667,\"x\":0,\"y\":4.01,\"curve\":[0.25,0,0.75,1]},{\"time\":2.3333,\"x\":0,\"y\":0}]},\"banner5\":{\"translate\":[{\"time\":0,\"x\":0,\"y\":4.01,\"curve\":[0.25,0,0.75,1]},{\"time\":1.1667,\"x\":0,\"y\":0,\"curve\":[0.25,0,0.75,1]},{\"time\":2.3333,\"x\":0,\"y\":4.01}]},\"banner6\":{\"translate\":[{\"time\":0,\"x\":0,\"y\":2,\"curve\":[0.375,0.5,0.75,1]},{\"time\":0.6,\"x\":0,\"y\":0,\"curve\":[0.25,0,0.75,1]},{\"time\":1.7667,\"x\":0,\"y\":4.01,\"curve\":[0.25,0,0.625,0.5]},{\"time\":2.3333,\"x\":0,\"y\":2}]},\"light2\":{\"rotate\":[{\"time\":0,\"angle\":0},{\"time\":0.6,\"angle\":-90},{\"time\":1.1333,\"angle\":-180,\"curve\":\"stepped\"},{\"time\":1.1667,\"angle\":0},{\"time\":1.7667,\"angle\":-90},{\"time\":2.3,\"angle\":-180,\"curve\":\"stepped\"},{\"time\":2.3333,\"angle\":0}]},\"light3\":{\"rotate\":[{\"time\":0,\"angle\":-48},{\"time\":0.2667,\"angle\":-90},{\"time\":0.8333,\"angle\":-180,\"curve\":\"stepped\"},{\"time\":0.8667,\"angle\":0},{\"time\":1.1667,\"angle\":-48},{\"time\":1.4333,\"angle\":-90},{\"time\":2,\"angle\":-180,\"curve\":\"stepped\"},{\"time\":2.0333,\"angle\":0},{\"time\":2.3333,\"angle\":-48}]},\"light4\":{\"rotate\":[{\"time\":0,\"angle\":-148.97},{\"time\":0.2,\"angle\":0},{\"time\":0.8,\"angle\":-90},{\"time\":1.1667,\"angle\":-148.97},{\"time\":1.3667,\"angle\":0},{\"time\":1.9667,\"angle\":-90},{\"time\":2.3333,\"angle\":-148.97}]},\"light5\":{\"rotate\":[{\"time\":0,\"angle\":0},{\"time\":0.6,\"angle\":-90},{\"time\":1.1333,\"angle\":-180,\"curve\":\"stepped\"},{\"time\":1.1667,\"angle\":0},{\"time\":1.7667,\"angle\":-90},{\"time\":2.3,\"angle\":-180,\"curve\":\"stepped\"},{\"time\":2.3333,\"angle\":0}]},\"light6\":{\"rotate\":[{\"time\":0,\"angle\":-36},{\"time\":0.3667,\"angle\":-90},{\"time\":0.9,\"angle\":-180,\"curve\":\"stepped\"},{\"time\":0.9333,\"angle\":0},{\"time\":1.1667,\"angle\":-36},{\"time\":1.5333,\"angle\":-90},{\"time\":2.0667,\"angle\":-180,\"curve\":\"stepped\"},{\"time\":2.1,\"angle\":0},{\"time\":2.3333,\"angle\":-36}]},\"light7\":{\"rotate\":[{\"time\":0,\"angle\":-90},{\"time\":0.5667,\"angle\":-180,\"curve\":\"stepped\"},{\"time\":0.6,\"angle\":0},{\"time\":1.1667,\"angle\":-90},{\"time\":1.7333,\"angle\":-180,\"curve\":\"stepped\"},{\"time\":1.7667,\"angle\":0},{\"time\":2.3333,\"angle\":-90}]},\"clip\":{\"translate\":[{\"time\":0.3667,\"x\":0,\"y\":0,\"curve\":[0.25,0,0.75,1]},{\"time\":1.6667,\"x\":685.49,\"y\":0}]},\"Group 12 copy2\":{\"scale\":[{\"time\":0,\"x\":1,\"y\":1,\"curve\":[0.25,0,0.75,1]},{\"time\":0.6,\"x\":1.211,\"y\":1.211,\"curve\":[0.25,0,0.75,1]},{\"time\":1.1667,\"x\":1,\"y\":1,\"curve\":[0.25,0,0.75,1]},{\"time\":1.7667,\"x\":1.211,\"y\":1.211,\"curve\":[0.25,0,0.75,1]},{\"time\":2.3333,\"x\":1,\"y\":1}]},\"null/hair2\":{\"rotate\":[{\"time\":0,\"angle\":-3.9,\"curve\":[0.363,0.44,0.755,1]},{\"time\":0.3667,\"angle\":-10.6,\"curve\":[0.25,0,0.75,1]},{\"time\":0.9333,\"angle\":0,\"curve\":[0.25,0,0.75,1]},{\"time\":1.5333,\"angle\":-10.6,\"curve\":[0.25,0,0.75,1]},{\"time\":2.1,\"angle\":0,\"curve\":[0.258,0,0.619,0.45]},{\"time\":2.3333,\"angle\":-3.9}]},\"null/body2\":{\"rotate\":[{\"time\":0,\"angle\":-2.21,\"curve\":[0.321,0.29,0.679,0.71]},{\"time\":0.2333,\"angle\":-1.13,\"curve\":[0.382,0.59,0.73,1]},{\"time\":0.4,\"angle\":-0.65,\"curve\":[0.25,0,0.75,1]},{\"time\":1,\"angle\":-2.69,\"curve\":[0.25,0,0.75,1]},{\"time\":1.5667,\"angle\":-0.65,\"curve\":[0.25,0,0.75,1]},{\"time\":2.1667,\"angle\":-2.69,\"curve\":[0.27,0,0.618,0.41]},{\"time\":2.3333,\"angle\":-2.21}]},\"null/vai\":{\"translate\":[{\"time\":0,\"x\":-19.25,\"y\":1.92,\"curve\":[0.25,0,0.75,1]},{\"time\":1.1667,\"x\":10.37,\"y\":3.89,\"curve\":[0.25,0,0.75,1]},{\"time\":2.3333,\"x\":-19.25,\"y\":1.92}]},\"null/tail\":{\"rotate\":[{\"time\":0,\"angle\":0,\"curve\":[0.25,0,0.75,1]},{\"time\":1.1667,\"angle\":17.69,\"curve\":[0.25,0,0.75,1]},{\"time\":2.3333,\"angle\":0}]},\"body\":{\"scale\":[{\"time\":0,\"x\":0.998,\"y\":1,\"curve\":[0.32,0.29,0.757,1]},{\"time\":0.4667,\"x\":0.981,\"y\":1,\"curve\":[0.25,0,0.75,1]},{\"time\":1.0667,\"x\":1,\"y\":1,\"curve\":[0.25,0,0.75,1]},{\"time\":1.6333,\"x\":0.981,\"y\":1,\"curve\":[0.25,0,0.75,1]},{\"time\":2.2333,\"x\":1,\"y\":1,\"curve\":[0.284,0,0.625,0.38]},{\"time\":2.3333,\"x\":0.998,\"y\":1}]},\"fin2\":{\"rotate\":[{\"time\":0,\"angle\":10.38,\"curve\":[0.25,0,0.75,1]},{\"time\":1.1667,\"angle\":-3.84,\"curve\":[0.25,0,0.75,1]},{\"time\":2.3333,\"angle\":10.38}]},\"fin3\":{\"rotate\":[{\"time\":0,\"angle\":5.15,\"curve\":[0.381,0.55,0.742,1]},{\"time\":0.4667,\"angle\":10.38,\"curve\":[0.25,0,0.75,1]},{\"time\":1.6333,\"angle\":-3.84,\"curve\":[0.245,0,0.637,0.56]},{\"time\":2.3333,\"angle\":5.15}]},\"title\":{\"translate\":[{\"time\":0,\"x\":0,\"y\":1.06,\"curve\":[0.375,0.62,0.716,1]},{\"time\":0.2333,\"x\":0,\"y\":0,\"curve\":[0.25,0,0.75,1]},{\"time\":1.4,\"x\":0,\"y\":8.14,\"curve\":[0.243,0,0.68,0.71]},{\"time\":2.3333,\"x\":0,\"y\":1.06}]},\"banner7\":{\"translate\":[{\"time\":0,\"x\":-6.6,\"y\":0,\"curve\":[0.375,0.5,0.75,1]},{\"time\":0.6,\"x\":0,\"y\":0,\"curve\":[0.25,0,0.75,1]},{\"time\":1.7667,\"x\":-13.21,\"y\":0,\"curve\":[0.25,0,0.625,0.5]},{\"time\":2.3333,\"x\":-6.6,\"y\":0}]},\"banner8\":{\"translate\":[{\"time\":0,\"x\":5.91,\"y\":0,\"curve\":[0.375,0.5,0.75,1]},{\"time\":0.6,\"x\":0,\"y\":0,\"curve\":[0.25,0,0.75,1]},{\"time\":1.7667,\"x\":11.82,\"y\":0,\"curve\":[0.25,0,0.625,0.5]},{\"time\":2.3333,\"x\":5.91,\"y\":0}]},\"Hair2\":{\"rotate\":[{\"time\":0,\"angle\":-8.12,\"curve\":[0.324,0.3,0.66,0.64]},{\"time\":0.0667,\"angle\":-6.54,\"curve\":[0.364,0.45,0.754,1]},{\"time\":0.4,\"angle\":0,\"curve\":[0.258,0,0.619,0.45]},{\"time\":0.6333,\"angle\":-3.9,\"curve\":[0.363,0.44,0.755,1]},{\"time\":1,\"angle\":-10.6,\"curve\":[0.25,0,0.75,1]},{\"time\":1.5667,\"angle\":0,\"curve\":[0.25,0,0.75,1]},{\"time\":2.1667,\"angle\":-10.6,\"curve\":[0.27,0,0.618,0.41]},{\"time\":2.3333,\"angle\":-8.12}]},\"null/body\":{\"rotate\":[{\"time\":0,\"angle\":-1.43,\"curve\":[0.381,0.54,0.743,1]},{\"time\":0.2333,\"angle\":-0.65,\"curve\":[0.25,0,0.75,1]},{\"time\":0.8333,\"angle\":-2.69,\"curve\":[0.25,0,0.75,1]},{\"time\":1.4,\"angle\":-0.65,\"curve\":[0.25,0,0.75,1]},{\"time\":2,\"angle\":-2.69,\"curve\":[0.246,0,0.636,0.55]},{\"time\":2.3333,\"angle\":-1.43}]},\"light8\":{\"rotate\":[{\"time\":0,\"angle\":-90},{\"time\":0.5667,\"angle\":-180,\"curve\":\"stepped\"},{\"time\":0.6,\"angle\":0},{\"time\":1.1667,\"angle\":-90},{\"time\":1.7333,\"angle\":-180,\"curve\":\"stepped\"},{\"time\":1.7667,\"angle\":0},{\"time\":2.3333,\"angle\":-90}]}}},\"end\":{\"slots\":{\"fx\":{\"attachment\":[{\"time\":0,\"name\":null}]},\"hom1_add\":{\"color\":[{\"time\":0,\"color\":\"ffffffff\",\"curve\":[0.25,0,0.75,1]},{\"time\":0.8333,\"color\":\"ffffff8a\"}]},\"light\":{\"color\":[{\"time\":0,\"color\":\"ffffff57\"},{\"time\":0.5333,\"color\":\"ffffffff\"}],\"attachment\":[{\"time\":0,\"name\":\"light\"}]},\"light2\":{\"color\":[{\"time\":0,\"color\":\"ffffffff\"},{\"time\":0.8333,\"color\":\"ffffff00\"}],\"attachment\":[{\"time\":0,\"name\":\"light\"}]},\"light3\":{\"color\":[{\"time\":0,\"color\":\"ffffff77\"},{\"time\":0.4,\"color\":\"ffffff00\"}],\"attachment\":[{\"time\":0,\"name\":\"light\"}]},\"light4\":{\"color\":[{\"time\":0,\"color\":\"ffffffa7\"},{\"time\":0.2667,\"color\":\"ffffffff\"}],\"attachment\":[{\"time\":0,\"name\":\"light\"}]},\"light5\":{\"color\":[{\"time\":0,\"color\":\"ffffffff\"},{\"time\":0.8333,\"color\":\"ffffff00\"}],\"attachment\":[{\"time\":0,\"name\":\"light\"}]},\"light6\":{\"color\":[{\"time\":0,\"color\":\"ffffff98\"},{\"time\":0.5,\"color\":\"ffffff00\"}],\"attachment\":[{\"time\":0,\"name\":\"light\"}]},\"light7\":{\"color\":[{\"time\":0,\"color\":\"ffffff00\"},{\"time\":0.8,\"color\":\"ffffffff\"}],\"attachment\":[{\"time\":0,\"name\":\"light\"}]},\"light8\":{\"color\":[{\"time\":0,\"color\":\"ffffff00\"},{\"time\":0.8,\"color\":\"ffffffff\"}],\"attachment\":[{\"time\":0,\"name\":\"light\"}]}},\"bones\":{\"all\":{\"scale\":[{\"time\":0,\"x\":1,\"y\":1},{\"time\":0.1667,\"x\":1.2,\"y\":1.2},{\"time\":0.3333,\"x\":0,\"y\":0}]},\"rotate2\":{\"rotate\":[{\"time\":0,\"angle\":0},{\"time\":1.1,\"angle\":-120}]},\"light\":{\"rotate\":[{\"time\":0,\"angle\":-121.03},{\"time\":0.5333,\"angle\":-180,\"curve\":\"stepped\"},{\"time\":0.5667,\"angle\":0}]},\"hom\":{\"translate\":[{\"time\":0,\"x\":0,\"y\":-41.08}]},\"banner2\":{\"translate\":[{\"time\":0,\"x\":0,\"y\":0}]},\"banner3\":{\"translate\":[{\"time\":0,\"x\":0,\"y\":0}]},\"banner4\":{\"translate\":[{\"time\":0,\"x\":0,\"y\":0}]},\"banner5\":{\"translate\":[{\"time\":0,\"x\":0,\"y\":0}]},\"light2\":{\"rotate\":[{\"time\":0,\"angle\":0},{\"time\":0.8333,\"angle\":-90}]},\"light3\":{\"rotate\":[{\"time\":0,\"angle\":-48},{\"time\":0.4,\"angle\":-90}]},\"light4\":{\"rotate\":[{\"time\":0,\"angle\":-148.97},{\"time\":0.2667,\"angle\":-180,\"curve\":\"stepped\"},{\"time\":0.3,\"angle\":0}]},\"light5\":{\"rotate\":[{\"time\":0,\"angle\":0},{\"time\":0.8333,\"angle\":-90}]},\"light6\":{\"rotate\":[{\"time\":0,\"angle\":-36},{\"time\":0.5,\"angle\":-90}]},\"light7\":{\"rotate\":[{\"time\":0,\"angle\":-90},{\"time\":0.8,\"angle\":-180,\"curve\":\"stepped\"},{\"time\":0.8333,\"angle\":0}]},\"Group 12 copy2\":{\"scale\":[{\"time\":0,\"x\":1,\"y\":1,\"curve\":[0.25,0,0.75,1]},{\"time\":0.8333,\"x\":1.211,\"y\":1.211}]},\"null/hair2\":{\"rotate\":[{\"time\":0,\"angle\":-3.9,\"curve\":[0.363,0.44,0.755,1]},{\"time\":0.5,\"angle\":-10.6}]},\"null/dau\":{\"rotate\":[{\"time\":0,\"angle\":-0.86,\"curve\":[0.381,0.55,0.742,1]},{\"time\":0.3333,\"angle\":0}]},\"null/body2\":{\"rotate\":[{\"time\":0,\"angle\":0,\"curve\":[0.25,0,0.75,1]},{\"time\":0.8333,\"angle\":-2.88}]},\"body\":{\"scale\":[{\"time\":0,\"x\":0.998,\"y\":1,\"curve\":[0.32,0.29,0.757,1]},{\"time\":0.6667,\"x\":0.981,\"y\":1}]},\"fin2\":{\"rotate\":[{\"time\":0,\"angle\":10.38}]},\"fin3\":{\"rotate\":[{\"time\":0,\"angle\":5.15,\"curve\":[0.381,0.55,0.742,1]},{\"time\":0.6667,\"angle\":10.38}]},\"light8\":{\"rotate\":[{\"time\":0,\"angle\":-90},{\"time\":0.8,\"angle\":-180,\"curve\":\"stepped\"},{\"time\":0.8333,\"angle\":0}]}}}}}","_skeletonJson":{"skeleton":{"hash":"1cCGiu0/vdd86B5ChxhkDoXRJOA","spine":"3.7.94","width":926.07,"height":774.78},"bones":[{"name":"root"},{"name":"all","parent":"root"},{"name":"man","parent":"all","x":287.74,"y":-132.71},{"name":"banner","parent":"all","x":5.58,"y":-220.47},{"name":"hom1","parent":"all","x":3.08,"y":-131.58},{"name":"hom","parent":"hom1","x":-3.34,"y":228.98},{"name":"title","parent":"all","x":3.97,"y":229.1},{"name":"Group 12 copy","parent":"all","x":18.11,"scaleX":1.952,"scaleY":1.952},{"name":"All Light","parent":"all","x":18.11},{"name":"light","parent":"All Light","x":-107.42,"y":20.94},{"name":"number","parent":"banner","x":0.04,"y":46.41},{"name":"rotate","parent":"Group 12 copy"},{"name":"hom2","parent":"hom","x":2.34,"y":67.71},{"name":"Group 12 copy2","parent":"all","x":18.11,"scaleX":1.95,"scaleY":1.95},{"name":"rotate2","parent":"Group 12 copy2"},{"name":"banner2","parent":"banner","x":-180.1,"y":57.99},{"name":"banner3","parent":"banner","x":172.61,"y":55.99},{"name":"banner4","parent":"banner","x":-89.76,"y":47.67},{"name":"banner5","parent":"banner","x":92.37,"y":48.17},{"name":"banner6","parent":"banner","x":-0.44,"y":32.2},{"name":"light2","parent":"All Light","x":33.02,"y":48.25},{"name":"light3","parent":"All Light","x":-83.15,"y":-48.68},{"name":"light4","parent":"All Light","x":58.37,"y":28.72},{"name":"light5","parent":"All Light","x":-137.65,"y":-73.41},{"name":"light6","parent":"All Light","x":8.45,"y":-73.41},{"name":"light7","parent":"All Light","x":86.88,"y":-73.41},{"name":"clip","parent":"title","x":-338.66,"y":-1.18},{"name":"Shira","parent":"all","x":-267.16,"y":-111.71},{"name":"null/body","parent":"Shira","length":80.52,"rotation":90,"x":30.36,"y":-1.76},{"name":"null/body2","parent":"null/body","length":104.54,"rotation":8.47,"x":80.52},{"name":"null/dau","parent":"null/body2","length":66.34,"rotation":0.3,"x":104.48,"y":-0.44},{"name":"null/hair","parent":"null/dau","length":97.3,"rotation":-92.07,"x":59.12,"y":7.4,"transform":"noRotationOrReflection"},{"name":"null/hair2","parent":"null/hair","length":75.4,"rotation":-1.61,"x":155.93},{"name":"null/vai1","parent":"null/dau","x":-29.04,"y":-15.11},{"name":"null/vai","parent":"null/vai1","x":80.77,"y":21.37},{"name":"null/tail","parent":"null/body","length":86.21,"rotation":11.48,"x":29.68,"y":142.12},{"name":"body","parent":"man","length":253.05,"rotation":89.6,"x":-74.54,"y":49.88},{"name":"fin","parent":"body","length":36.5,"rotation":-61.8,"x":-36.55,"y":-49.96},{"name":"fin2","parent":"fin","length":34.4,"rotation":36.95,"x":36.5},{"name":"fin3","parent":"fin2","length":36.76,"rotation":5.66,"x":34.4},{"name":"fin4","parent":"fin3","length":55.43,"rotation":-4.8,"x":36.76},{"name":"banner7","parent":"banner2","x":-26.9,"y":18.78},{"name":"banner8","parent":"banner3","x":24.43,"y":25.26},{"name":"null/eye","parent":"null/dau","x":19.6,"y":-14.57,"scaleX":1.089,"scaleY":0.968},{"name":"Rong","parent":"all","x":-44.58,"y":-13.06},{"name":"Rong2","parent":"all","x":-7.54,"y":-13.25,"scaleX":-0.964,"scaleY":0.941},{"name":"Hair2","parent":"null/dau","rotation":-85.95,"x":68.45,"y":13.12},{"name":"light8","parent":"All Light","x":-34.21,"y":55.65}],"slots":[{"name":"fx","bone":"rotate","attachment":"fx"},{"name":"fx1","bone":"rotate2","attachment":"fx"},{"name":"rong3","bone":"Rong","attachment":"rong2"},{"name":"rong5","bone":"Rong","attachment":"rong2"},{"name":"rong6","bone":"Rong","attachment":"rong2"},{"name":"rong4","bone":"Rong2","attachment":"rong2"},{"name":"fin","bone":"fin","attachment":"fin"},{"name":"title","bone":"title","attachment":"title1"},{"name":"clip","bone":"clip","attachment":"clip"},{"name":"title_add","bone":"title","attachment":"title1_add"},{"name":"body","bone":"body","attachment":"body"},{"name":"rong","bone":"man","attachment":"rong"},{"name":"null/vai","bone":"null/vai","attachment":"null/vai"},{"name":"null/tail","bone":"null/tail","attachment":"null/tail"},{"name":"null/hair","bone":"null/hair","attachment":"null/hair"},{"name":"null/vai1","bone":"null/vai1","attachment":"null/vai1"},{"name":"null/body","bone":"null/body","attachment":"null/body"},{"name":"null/hair2","bone":"Hair2","attachment":"null/hair2"},{"name":"null/dau","bone":"null/dau","attachment":"null/dau"},{"name":"null/eye","bone":"null/eye","attachment":"null/eye"},{"name":"rong2","bone":"Shira","attachment":"rong"},{"name":"hom","bone":"hom","attachment":"hom"},{"name":"hom1","bone":"hom1","attachment":"hom1"},{"name":"hom1_add","bone":"hom1","attachment":"hom1_add"},{"name":"banner","bone":"banner","attachment":"banner"},{"name":"light","bone":"light"},{"name":"light2","bone":"light2"},{"name":"light3","bone":"light3"},{"name":"light4","bone":"light4"},{"name":"light5","bone":"light5"},{"name":"light6","bone":"light6"},{"name":"light7","bone":"light7"},{"name":"light8","bone":"light8"}],"skins":{"default":{"banner":{"banner":{"type":"mesh","uvs":[1,1,0.84096,1,0.66481,1,0.5069,1,0.35594,1,0.20122,1,0,1,0,0,0.2207,0,0.2701,0.42091,0.3546,0.43417,0.5015,0.43417,0.6666,0.42533,0.768,0.37231,0.7654,0,1,0,0.91554,0.69614,0.87397,0.48069,0.86381,0.25237,0.12885,0.2781,0.12214,0.51928,0.08922,0.75402],"triangles":[16,17,15,17,18,15,0,16,15,20,7,19,21,6,7,21,7,20,12,13,17,1,16,0,1,2,16,13,18,17,13,14,18,18,14,15,16,12,17,16,2,12,3,12,2,11,12,3,3,4,11,4,21,10,4,10,11,20,9,10,6,21,5,4,5,21,10,21,20,20,19,9,19,8,9,19,7,8],"vertices":[1,42,60.94,-84.15,1,1,16,2.67,-58.9,1,3,19,60.88,-35.11,0.38157,18,-31.93,-51.07,0.6167,16,-112.17,-58.9,0.00174,3,17,83.63,-50.58,0.0777,19,-5.69,-35.11,0.90203,18,-98.5,-51.07,0.02027,3,15,95.47,-60.9,0.0402,17,5.14,-50.58,0.81778,19,-84.18,-35.11,0.14202,1,15,22.71,-60.9,1,1,41,-55.03,-79.68,1,1,41,-55.03,73.32,1,1,15,32.84,92.1,1,2,15,56.77,27.7,0.50363,17,-33.57,38.03,0.49637,3,15,97.68,25.67,0.03577,17,7.34,36,0.88398,19,-81.98,51.47,0.08026,3,17,80.83,36,0.17548,19,-8.49,51.47,0.75797,18,-101.31,35.5,0.06656,3,19,64.92,52.82,0.2491,18,-27.9,36.85,0.74733,16,-108.13,29.03,0.00357,2,18,42.04,44.96,0.31038,16,-38.2,37.14,0.68962,1,16,-36.62,94.1,1,1,42,60.94,68.85,1,3,18,120.62,-4.58,0.08498,16,40.38,-12.4,0.66703,42,15.95,-37.66,0.248,3,18,98.48,28.38,0.12679,16,18.24,20.56,0.62521,42,-6.19,-4.7,0.248,3,18,93.07,63.31,0.13702,16,12.83,55.49,0.61498,42,-11.6,30.23,0.248,3,15,-15.76,49.55,0.55562,17,-106.1,59.88,0.17238,41,11.13,30.77,0.272,3,15,-19.21,12.65,0.5646,17,-109.54,22.98,0.1634,41,7.69,-6.13,0.272,3,15,-35.94,-23.26,0.64439,17,-126.27,-12.94,0.08361,41,-9.04,-42.04,0.272],"hull":16}},"body":{"body":{"type":"mesh","uvs":[1,0.82445,1,1,0,1,0,0.82041,0,0,1,0],"triangles":[3,4,5,3,5,0,2,3,0,2,0,1],"vertices":[2,2,33.27,42.49,0.7653,36,-6.63,-107.86,0.2347,1,2,33.27,-34.23,1,2,2,-190.73,-34.23,0.00154,36,-84.92,115.59,0.99846,1,36,-6.44,116.14,1,1,36,352.07,118.67,1,1,36,353.65,-105.33,1],"hull":6}},"clip":{"clip":{"type":"clipping","end":"title_add","vertexCount":4,"vertices":[-77.54,112.38,-36.25,-115.87,68.91,-114.31,28.4,111.6]}},"fin":{"fin":{"type":"mesh","uvs":[0.72848,0.14025,1,0.16372,1,0.37132,0.85027,0.40021,0.72103,0.48867,0.56941,0.55365,0.53461,0.68002,0.47745,0.81722,0.39294,0.93276,0.27861,1,0,1,0,0.77047,0.09552,0.76922,0.1333,0.71059,0.16078,0.59209,0.25008,0.4948,0.36343,0.47484,0.35313,0.32391,0.40288,0.16733,0.35814,0,0.64397,0],"triangles":[18,19,20,18,20,0,3,0,1,2,3,1,0,17,18,4,0,3,0,4,17,17,5,16,4,5,17,6,16,5,6,15,16,6,7,15,7,14,15,7,13,14,8,13,7,9,12,13,10,11,12,9,10,12,13,8,9],"vertices":[1,40,59.55,-2.24,1,1,40,70.96,-38.2,1,2,39,67.12,-57.24,0.00002,40,35.04,-54.49,0.99998,2,39,55.02,-39.61,0.03794,40,21.51,-37.94,0.96206,2,39,33.2,-28.44,0.43111,40,-1.17,-28.64,0.56889,3,38,50.15,-11.37,0.01111,39,14.55,-12.87,0.97526,40,-21.05,-14.69,0.01363,2,38,26.39,-17.27,0.85475,39,-9.68,-16.4,0.14525,2,37,48.83,-17.32,0.32573,38,-0.56,-21.26,0.67427,2,37,28.28,-31.3,0.94357,38,-25.39,-20.08,0.05643,1,37,8.36,-35.25,1,1,37,-25.65,-17.31,1,2,37,-5.31,21.26,0.99994,38,-20.63,42.12,0.00006,3,37,6.46,15.33,0.96083,38,-14.79,30.3,0.03683,39,-45.96,35,0.00234,3,37,16.27,22.75,0.71813,38,-2.49,30.34,0.248,39,-33.72,33.83,0.03387,3,37,30.13,40.89,0.23483,38,19.49,36.51,0.51153,39,-11.24,37.81,0.25364,3,37,49.65,51.5,0.05642,38,41.46,33.25,0.32496,39,10.31,32.39,0.61862,4,37,65.26,47.56,0.00851,38,51.57,20.72,0.08069,39,19.13,18.93,0.86675,40,-19.15,17.39,0.04405,2,39,45.67,29.88,0.21135,40,6.37,30.53,0.78865,2,39,76,33.39,0.00111,40,36.31,36.56,0.99889,1,40,62.71,55.31,1,1,40,79,19.39,1],"hull":21}},"fx":{"fx":{"width":401,"height":397}},"fx1":{"fx":{"width":401,"height":397}},"hom":{"hom":{"type":"mesh","uvs":[1,1,0,1,0,0.38169,0,0.2753,0,0,1,0,1,0.27841,1,0.38169],"triangles":[3,4,5,3,5,6,2,3,6,2,6,7,1,2,7,1,7,0],"vertices":[1,5,159.27,-13.58,1,1,5,-154.73,-13.58,1,1,12,-157.07,-10.79,1,1,12,-157.07,8.86,1,2,5,-154.73,127.42,0.5699,12,-157.07,59.71,0.4301,2,5,159.27,127.42,0.4841,12,156.93,59.71,0.5159,1,12,156.93,8.28,1,1,12,156.93,-10.79,1],"hull":8}},"hom1":{"hom1":{"x":-7.07,"y":89.71,"width":346,"height":227}},"hom1_add":{"hom1_add":{"x":-2.51,"y":118.89,"width":363,"height":241}},"light":{"light":{"width":64,"height":64}},"light2":{"light":{"width":64,"height":64}},"light3":{"light":{"width":64,"height":64}},"light4":{"light":{"width":64,"height":64}},"light5":{"light":{"width":64,"height":64}},"light6":{"light":{"width":64,"height":64}},"light7":{"light":{"width":64,"height":64}},"light8":{"light":{"width":64,"height":64}},"null/body":{"null/body":{"type":"mesh","uvs":[0.97799,0.988,0.02201,0.988,0.02201,0.744,0.02201,0.5,0.02201,0.256,0.02201,0.012,0.97799,0.012,0.97799,0.256,0.97799,0.5,0.97799,0.744],"triangles":[3,7,8,3,4,7,4,6,7,4,5,6,1,9,0,1,2,9,2,8,9,2,3,8],"vertices":[1,28,-26.28,-110.21,1,1,28,-27.06,52.62,1,1,28,31.01,52.62,1,2,28,89.08,52.62,0.4872,29,16.21,50.78,0.5128,2,28,147.15,52.62,0.01302,29,73.65,42.23,0.98698,1,29,131.09,33.67,1,1,29,109.77,-109.45,1,2,28,147.15,-92.08,0.0392,29,52.33,-100.89,0.9608,2,28,89.08,-92.08,0.4111,29,-5.1,-92.34,0.5889,1,28,31.01,-92.08,1],"hull":10}},"null/dau":{"null/dau":{"type":"mesh","uvs":[0.99999,0.99719,0.00008,0.98317,0,0,1,0],"triangles":[1,2,3,0,1,3],"vertices":[-65.33,-57.44,-46.01,54.92,89.05,34.08,71.66,-78.58],"hull":4}},"null/eye":{"null/eye":{"x":0.47,"y":3.61,"rotation":-98.78,"width":39,"height":25}},"null/hair":{"null/hair":{"type":"mesh","uvs":[1,1,0,1,0,0.75,0,0.5,0,0.25,0,0,1,0,1,0.25,1,0.5,1,0.75],"triangles":[1,2,9,1,9,0,4,5,6,4,6,7,3,4,7,3,7,8,2,3,8,2,8,9],"vertices":[2,31,219.58,147.75,0.23664,32,118.08,151.12,0.76336,2,31,217.38,-103.09,0.0443,32,122.92,-99.68,0.9557,2,31,157.96,-105.69,0.25807,32,63.6,-103.95,0.74193,2,31,114.59,-108.29,0.74567,32,20.32,-107.77,0.25433,2,31,56.36,-110.9,0.97973,32,-37.82,-112,0.02027,1,31,-14.41,-113.5,1,1,31,-23.48,137.33,1,2,31,47.94,139.94,0.99094,32,-53.27,138.5,0.00906,2,31,110.65,142.54,0.83339,32,9.35,142.86,0.16661,2,31,159.95,145.15,0.44689,32,58.55,146.85,0.55311],"hull":10}},"null/hair2":{"null/hair2":{"x":21.57,"y":22.33,"width":90,"height":59}},"null/tail":{"null/tail":{"x":41.98,"y":-4.85,"rotation":-101.48,"width":119,"height":148}},"null/vai":{"null/vai":{"x":9.56,"y":-1.29,"rotation":-98.78,"width":82,"height":40}},"null/vai1":{"null/vai1":{"type":"mesh","uvs":[1,0.38253,0.67206,1,0.61851,1,0.53412,0.91284,0.37994,0.85928,0.17059,0.8191,0,0.71465,0,0.38253,0.09432,0.18434,0.242,0.13881,0.76132,0,1,0,0.61364,0.83249,0.48056,0.74946,0.38968,0.70929,0.29231,0.63697,0.20954,0.56466,0.18195,0.40396,0.2777,0.33432,0.42051,0.39057,0.76781,0.23255,0.85058,0.21916,0.87817,0.30754,0.80189,0.48967,0.73535,0.60216,0.77755,0.7575,0.85707,0.58073,0.66882,0.1897,0.43837,0.26201,0.68667,0.28611],"triangles":[23,22,0,27,9,10,21,10,11,20,27,10,21,20,10,28,9,27,29,27,20,28,27,29,0,22,21,18,9,28,8,9,18,17,7,8,0,21,11,19,18,28,18,17,8,20,22,29,22,20,21,23,29,22,16,17,18,16,18,19,15,16,19,19,28,29,19,29,24,14,15,19,16,6,7,16,7,17,5,6,16,5,16,15,5,15,14,13,14,19,24,29,23,24,23,26,25,24,26,12,13,24,25,12,24,3,13,12,4,13,3,1,2,12,3,12,2,25,1,12,0,1,25,0,25,26,26,23,0,24,13,19,4,14,13,4,5,14],"vertices":[2,33,54.76,-74.6,0.28073,34,-26,-95.97,0.71927,1,33,-20.69,15.36,1,1,33,-18.76,27.85,1,1,33,-3.41,45.63,1,2,33,9.71,80.42,0.872,34,-71.05,59.05,0.128,2,33,22.93,128.37,0.46776,34,-57.84,107,0.53224,2,33,43.83,165.88,0.29204,34,-36.93,144.51,0.70796,2,33,90.77,158.64,0.00992,34,10,137.27,0.99008,2,33,115.38,132.32,0.00025,34,34.62,110.95,0.99975,2,33,116.5,96.88,0.00032,34,35.73,75.51,0.99968,2,33,117.42,-27.28,0.06829,34,36.65,-48.65,0.93171,2,33,108.83,-82.95,0.15349,34,28.06,-104.31,0.84651,1,33,5.08,25.33,1,1,33,21.61,54.56,1,2,33,30.56,74.88,0.66678,34,-50.21,53.51,0.33322,2,33,44.28,96.01,0.41445,34,-36.48,74.64,0.58555,2,33,57.48,113.74,0.26506,34,-23.28,92.37,0.73494,2,33,81.19,116.67,0.02579,34,0.42,95.3,0.97421,2,33,87.58,92.81,0.02607,34,6.82,71.45,0.97393,2,33,74.49,60.73,0.07079,34,-6.27,39.36,0.92921,2,33,84.32,-23.72,0.13838,34,3.56,-45.09,0.86162,2,33,83.23,-43.31,0.17993,34,2.47,-64.68,0.82007,2,33,69.75,-47.82,0.24923,34,-11.02,-69.19,0.75077,2,33,46.76,-26.06,0.904,34,-34.01,-47.43,0.096,1,33,33.25,-8.08,1,1,33,9.78,-14.54,1,2,33,31.9,-36.94,0.904,34,-48.87,-58.31,0.096,2,33,93.94,-1.56,0.03517,34,13.18,-22.93,0.96483,2,33,92.02,53.76,0.01318,34,11.25,32.4,0.98682,2,33,79.67,-3.62,0.0997,34,-1.09,-24.99,0.9003],"hull":12}},"rong":{"rong":{"x":44.93,"y":15.08,"width":182,"height":106}},"rong2":{"rong":{"x":-21.17,"y":7.46,"scaleX":-1,"rotation":-0.41,"width":182,"height":106}},"rong3":{"rong2":{"x":352.62,"y":62.69,"width":352,"height":426}},"rong4":{"rong2":{"x":252.14,"y":77.48,"scaleY":0.939,"rotation":4.59,"width":352,"height":426}},"rong5":{"rong2":{"x":235.61,"y":99.04,"width":352,"height":426}},"rong6":{"rong2":{"x":-90.42,"y":82,"scaleX":-1,"width":352,"height":426}},"title":{"title1":{"x":-0.91,"y":3.19,"width":573,"height":103}},"title_add":{"title1_add":{"x":-0.91,"y":3.18,"width":573,"height":103}}}},"events":{"number":{}},"animations":{"begin":{"slots":{"clip":{"attachment":[{"time":0,"name":null}]},"fx":{"color":[{"time":0.5667,"color":"ffffffff"},{"time":0.8,"color":"ffffff00"}]},"fx1":{"color":[{"time":0.5,"color":"ffffff00"},{"time":1,"color":"ffffffff"}]},"hom1_add":{"color":[{"time":0,"color":"ffffff00"},{"time":0.6667,"color":"ffffffff"}]},"light":{"color":[{"time":0,"color":"ffffff00"},{"time":1,"color":"ffffff57"}],"attachment":[{"time":0,"name":"light"}]},"light2":{"color":[{"time":0,"color":"ffffff00"},{"time":1,"color":"ffffffff"}],"attachment":[{"time":0,"name":"light"}]},"light3":{"color":[{"time":0,"color":"ffffff00"},{"time":1,"color":"ffffff77"}],"attachment":[{"time":0,"name":"light"}]},"light4":{"color":[{"time":0,"color":"ffffff00"},{"time":1,"color":"ffffffa7"}],"attachment":[{"time":0,"name":"light"}]},"light5":{"color":[{"time":0,"color":"ffffff00"},{"time":1,"color":"ffffffff"}],"attachment":[{"time":0,"name":"light"}]},"light6":{"color":[{"time":0,"color":"ffffff00"},{"time":1,"color":"ffffff98"}],"attachment":[{"time":0,"name":"light"}]},"light7":{"color":[{"time":0,"color":"ffffff00"}],"attachment":[{"time":0,"name":"light"}]},"light8":{"color":[{"time":0,"color":"ffffff00"}],"attachment":[{"time":0,"name":"light"}]},"title_add":{"color":[{"time":0,"color":"ffffff00"},{"time":0.8333,"color":"ffffffff"},{"time":1,"color":"ffffff00"}]}},"bones":{"fin2":{"rotate":[{"time":0,"angle":0,"curve":[0.25,0,0.75,1]},{"time":0.5,"angle":-13.72,"curve":[0.25,0,0.75,1]},{"time":1,"angle":10.38}]},"null/hair2":{"rotate":[{"time":0,"angle":0,"curve":[0.25,0,0.75,1]},{"time":0.5,"angle":-29.15,"curve":[0.25,0,0.75,1]},{"time":1,"angle":-3.9}]},"fin3":{"rotate":[{"time":0,"angle":0,"curve":[0.25,0,0.75,1]},{"time":0.5,"angle":-2.83,"curve":[0.25,0,0.75,1]},{"time":1,"angle":5.15}]},"light":{"rotate":[{"time":1,"angle":-121.03}]},"banner2":{"translate":[{"time":0,"x":91.67,"y":0,"curve":"stepped"},{"time":0.2,"x":91.67,"y":0},{"time":0.5,"x":0,"y":0}]},"banner6":{"translate":[{"time":0.2,"x":0,"y":0},{"time":0.5,"x":0,"y":2.12},{"time":0.6,"x":0,"y":0}]},"title":{"scale":[{"time":0,"x":0,"y":0,"curve":"stepped"},{"time":0.5,"x":0,"y":0},{"time":0.8333,"x":1.2,"y":1.2},{"time":1,"x":1,"y":1}]},"hom":{"translate":[{"time":0,"x":0,"y":0},{"time":0.0333,"x":0,"y":-87.04},{"time":0.5,"x":0,"y":0},{"time":0.8333,"x":0,"y":-41.08}]},"null/hair":{"rotate":[{"time":0,"angle":0},{"time":0.5,"angle":-6.08},{"time":1,"angle":0}]},"banner3":{"translate":[{"time":0,"x":-86.33,"y":0,"curve":"stepped"},{"time":0.2,"x":-86.33,"y":0},{"time":0.5,"x":0,"y":0}]},"hom2":{"translate":[{"time":0,"x":0,"y":-70.37,"curve":"stepped"},{"time":0.2,"x":0,"y":-70.37},{"time":0.4667,"x":0,"y":0}]},"light4":{"rotate":[{"time":1,"angle":-148.97}]},"rotate":{"scale":[{"time":0,"x":0,"y":0},{"time":0.8,"x":4.766,"y":4.766}]},"light6":{"rotate":[{"time":1,"angle":-36}]},"null/vai":{"translate":[{"time":0,"x":0,"y":0,"curve":[0.25,0,0.75,1]},{"time":0.6,"x":22.34,"y":-1.94,"curve":[0.25,0,0.75,1]},{"time":1,"x":0,"y":0}]},"body":{"scale":[{"time":0,"x":1,"y":1,"curve":[0.25,0,0.75,1]},{"time":0.5,"x":1.117,"y":1,"curve":[0.25,0,0.75,1]},{"time":1,"x":1,"y":1}]},"all":{"scale":[{"time":0,"x":0,"y":0},{"time":0.2,"x":1.2,"y":1.2},{"time":0.2667,"x":1,"y":1}]},"null/dau":{"rotate":[{"time":0,"angle":0,"curve":[0.25,0,0.75,1]},{"time":0.5,"angle":-4.39,"curve":[0.25,0,0.75,1]},{"time":1,"angle":-0.86}]},"light3":{"rotate":[{"time":1,"angle":-48}]},"rotate2":{"rotate":[{"time":0,"angle":63.58},{"time":1,"angle":0}],"scale":[{"time":0,"x":0,"y":0},{"time":1,"x":1,"y":1}]},"light7":{"rotate":[{"time":1,"angle":-90}]},"banner4":{"translate":[{"time":0.2,"x":40.63,"y":0},{"time":0.5,"x":-21.56,"y":6.8},{"time":0.6,"x":0,"y":0}]},"banner5":{"translate":[{"time":0.2,"x":-48.76,"y":0},{"time":0.5,"x":14.55,"y":6.8},{"time":0.6,"x":0,"y":0}]},"null/tail":{"rotate":[{"time":0,"angle":0,"curve":[0.25,0,0.75,1]},{"time":0.5,"angle":9.13,"curve":[0.25,0,0.75,1]},{"time":1,"angle":0}]},"fin4":{"rotate":[{"time":0,"angle":0,"curve":[0.25,0,0.75,1]},{"time":0.5,"angle":10.89,"curve":[0.25,0,0.75,1]},{"time":1,"angle":0}]},"light8":{"rotate":[{"time":1,"angle":-90}]}},"deform":{"default":{"banner":{"banner":[{"time":0},{"time":0.3667,"offset":3,"vertices":[-22.89598,0,-22.89598,0,-22.89598,0,-22.89598,0,-29.29495,0,-29.29495,0,-29.29495,0,-22.89598,0,-22.89598,0,-22.89598,0,-22.89598,0,0,0,0,0,0,0,26.22001,0,26.22001,0,26.22001,0,26.22001,0,26.22001,0,36.88496,0,36.88496,0,36.88496,0,26.22001,0,26.22001,0,26.22001,0,26.22001,0,26.22001]},{"time":0.6667}]},"hom":{"hom":[{"time":0},{"time":0.3333,"offset":1,"vertices":[-8.31263,0,-8.31263]},{"time":0.5,"offset":1,"vertices":[-44.23203,0,-44.23203]},{"time":0.8333}]}}},"drawOrder":[{"time":0,"offsets":[{"slot":"hom","offset":2}]},{"time":0.3}],"events":[{"time":0.6,"name":"number"}]},"continue":{"slots":{"fx":{"attachment":[{"time":0,"name":null}]},"fx1":{"color":[{"time":0,"color":"ffffff00"},{"time":0.5,"color":"ffffffff","curve":"stepped"},{"time":1.8333,"color":"ffffffff"},{"time":2.3333,"color":"ffffff00"}]},"hom1_add":{"color":[{"time":0,"color":"ffffffff","curve":[0.25,0,0.75,1]},{"time":0.6,"color":"ffffff8a","curve":[0.25,0,0.75,1]},{"time":1.1667,"color":"ffffffff","curve":[0.25,0,0.75,1]},{"time":1.7667,"color":"ffffff8a","curve":[0.25,0,0.75,1]},{"time":2.3333,"color":"ffffffff"}]},"light":{"color":[{"time":0,"color":"ffffff57"},{"time":0.3667,"color":"ffffffff","curve":"stepped"},{"time":0.4,"color":"ffffffff"},{"time":0.9667,"color":"ffffff00"},{"time":1.1667,"color":"ffffff57"},{"time":1.5333,"color":"ffffffff","curve":"stepped"},{"time":1.5667,"color":"ffffffff"},{"time":2.1333,"color":"ffffff00"},{"time":2.3333,"color":"ffffff57"}],"attachment":[{"time":0,"name":"light"}]},"light2":{"color":[{"time":0,"color":"ffffffff"},{"time":0.6,"color":"ffffff00"},{"time":1.1333,"color":"ffffffff","curve":"stepped"},{"time":1.1667,"color":"ffffffff"},{"time":1.7667,"color":"ffffff00"},{"time":2.3,"color":"ffffffff"}],"attachment":[{"time":0,"name":"light"}]},"light3":{"color":[{"time":0,"color":"ffffff77"},{"time":0.2667,"color":"ffffff00"},{"time":0.8333,"color":"ffffffff","curve":"stepped"},{"time":0.8667,"color":"ffffffff"},{"time":1.1667,"color":"ffffff77"},{"time":1.4333,"color":"ffffff00"},{"time":2,"color":"ffffffff","curve":"stepped"},{"time":2.0333,"color":"ffffffff"},{"time":2.3333,"color":"ffffff77"}],"attachment":[{"time":0,"name":"light"}]},"light4":{"color":[{"time":0,"color":"ffffffa7"},{"time":0.2,"color":"ffffffff"},{"time":0.8,"color":"ffffff00"},{"time":1.1667,"color":"ffffffa7"},{"time":1.3667,"color":"ffffffff"},{"time":1.9667,"color":"ffffff00"},{"time":2.3333,"color":"ffffffa7"}],"attachment":[{"time":0,"name":"light"}]},"light5":{"color":[{"time":0,"color":"ffffffff"},{"time":0.6,"color":"ffffff00"},{"time":1.1333,"color":"ffffffff","curve":"stepped"},{"time":1.1667,"color":"ffffffff"},{"time":1.7667,"color":"ffffff00"},{"time":2.3,"color":"ffffffff"}],"attachment":[{"time":0,"name":"light"}]},"light6":{"color":[{"time":0,"color":"ffffff98"},{"time":0.3667,"color":"ffffff00"},{"time":0.9,"color":"ffffffff","curve":"stepped"},{"time":0.9333,"color":"ffffffff"},{"time":1.1667,"color":"ffffff98"},{"time":1.5333,"color":"ffffff00"},{"time":2.0667,"color":"ffffffff","curve":"stepped"},{"time":2.1,"color":"ffffffff"},{"time":2.3333,"color":"ffffff98"}],"attachment":[{"time":0,"name":"light"}]},"light7":{"color":[{"time":0,"color":"ffffff00"},{"time":0.5667,"color":"ffffffff","curve":"stepped"},{"time":0.6,"color":"ffffffff"},{"time":1.1667,"color":"ffffff00"},{"time":1.7333,"color":"ffffffff","curve":"stepped"},{"time":1.7667,"color":"ffffffff"},{"time":2.3333,"color":"ffffff00"}],"attachment":[{"time":0,"name":"light"}]},"light8":{"color":[{"time":0,"color":"ffffff00"},{"time":0.5667,"color":"ffffffff","curve":"stepped"},{"time":0.6,"color":"ffffffff"},{"time":1.1667,"color":"ffffff00"},{"time":1.7333,"color":"ffffffff","curve":"stepped"},{"time":1.7667,"color":"ffffffff"},{"time":2.3333,"color":"ffffff00"}],"attachment":[{"time":0,"name":"light"}]},"null/eye":{"attachment":[{"time":0,"name":null},{"time":0.0333,"name":"null/eye"},{"time":0.1333,"name":null},{"time":1.3,"name":"null/eye"},{"time":1.3667,"name":null}]},"title_add":{"color":[{"time":0,"color":"ffffff00","curve":"stepped"},{"time":0.5,"color":"ffffff00"},{"time":1.0667,"color":"ffffffff"},{"time":1.6667,"color":"ffffff00"}]}},"bones":{"hom2":{"translate":[{"time":0,"x":0,"y":5.14,"curve":[0.381,0.55,0.742,1]},{"time":0.4667,"x":0,"y":0,"curve":[0.25,0,0.75,1]},{"time":1.6333,"x":0,"y":13.96,"curve":[0.245,0,0.637,0.56]},{"time":2.3333,"x":0,"y":5.14}]},"rotate2":{"rotate":[{"time":0,"angle":0},{"time":1.1667,"angle":-120},{"time":2.3333,"angle":120}]},"light":{"rotate":[{"time":0,"angle":-121.03},{"time":0.3667,"angle":-180,"curve":"stepped"},{"time":0.4,"angle":0},{"time":0.9667,"angle":-90},{"time":1.1667,"angle":-121.03},{"time":1.5333,"angle":-180,"curve":"stepped"},{"time":1.5667,"angle":0},{"time":2.1333,"angle":-90},{"time":2.3333,"angle":-121.03}]},"hom":{"translate":[{"time":0,"x":0,"y":-41.08}]},"hom1":{"translate":[{"time":0,"x":0,"y":0,"curve":[0.25,0,0.75,1]},{"time":1.1667,"x":0,"y":8.8,"curve":[0.25,0,0.75,1]},{"time":2.3333,"x":0,"y":0}]},"banner2":{"translate":[{"time":0,"x":0,"y":0,"curve":[0.25,0,0.75,1]},{"time":1.1667,"x":-11.32,"y":0,"curve":[0.25,0,0.75,1]},{"time":2.3333,"x":0,"y":0}]},"banner3":{"translate":[{"time":0,"x":0,"y":0,"curve":[0.25,0,0.75,1]},{"time":1.1667,"x":11.23,"y":0,"curve":[0.25,0,0.75,1]},{"time":2.3333,"x":0,"y":0}]},"banner4":{"translate":[{"time":0,"x":0,"y":0,"curve":[0.25,0,0.75,1]},{"time":1.1667,"x":0,"y":4.01,"curve":[0.25,0,0.75,1]},{"time":2.3333,"x":0,"y":0}]},"banner5":{"translate":[{"time":0,"x":0,"y":4.01,"curve":[0.25,0,0.75,1]},{"time":1.1667,"x":0,"y":0,"curve":[0.25,0,0.75,1]},{"time":2.3333,"x":0,"y":4.01}]},"banner6":{"translate":[{"time":0,"x":0,"y":2,"curve":[0.375,0.5,0.75,1]},{"time":0.6,"x":0,"y":0,"curve":[0.25,0,0.75,1]},{"time":1.7667,"x":0,"y":4.01,"curve":[0.25,0,0.625,0.5]},{"time":2.3333,"x":0,"y":2}]},"light2":{"rotate":[{"time":0,"angle":0},{"time":0.6,"angle":-90},{"time":1.1333,"angle":-180,"curve":"stepped"},{"time":1.1667,"angle":0},{"time":1.7667,"angle":-90},{"time":2.3,"angle":-180,"curve":"stepped"},{"time":2.3333,"angle":0}]},"light3":{"rotate":[{"time":0,"angle":-48},{"time":0.2667,"angle":-90},{"time":0.8333,"angle":-180,"curve":"stepped"},{"time":0.8667,"angle":0},{"time":1.1667,"angle":-48},{"time":1.4333,"angle":-90},{"time":2,"angle":-180,"curve":"stepped"},{"time":2.0333,"angle":0},{"time":2.3333,"angle":-48}]},"light4":{"rotate":[{"time":0,"angle":-148.97},{"time":0.2,"angle":0},{"time":0.8,"angle":-90},{"time":1.1667,"angle":-148.97},{"time":1.3667,"angle":0},{"time":1.9667,"angle":-90},{"time":2.3333,"angle":-148.97}]},"light5":{"rotate":[{"time":0,"angle":0},{"time":0.6,"angle":-90},{"time":1.1333,"angle":-180,"curve":"stepped"},{"time":1.1667,"angle":0},{"time":1.7667,"angle":-90},{"time":2.3,"angle":-180,"curve":"stepped"},{"time":2.3333,"angle":0}]},"light6":{"rotate":[{"time":0,"angle":-36},{"time":0.3667,"angle":-90},{"time":0.9,"angle":-180,"curve":"stepped"},{"time":0.9333,"angle":0},{"time":1.1667,"angle":-36},{"time":1.5333,"angle":-90},{"time":2.0667,"angle":-180,"curve":"stepped"},{"time":2.1,"angle":0},{"time":2.3333,"angle":-36}]},"light7":{"rotate":[{"time":0,"angle":-90},{"time":0.5667,"angle":-180,"curve":"stepped"},{"time":0.6,"angle":0},{"time":1.1667,"angle":-90},{"time":1.7333,"angle":-180,"curve":"stepped"},{"time":1.7667,"angle":0},{"time":2.3333,"angle":-90}]},"clip":{"translate":[{"time":0.3667,"x":0,"y":0,"curve":[0.25,0,0.75,1]},{"time":1.6667,"x":685.49,"y":0}]},"Group 12 copy2":{"scale":[{"time":0,"x":1,"y":1,"curve":[0.25,0,0.75,1]},{"time":0.6,"x":1.211,"y":1.211,"curve":[0.25,0,0.75,1]},{"time":1.1667,"x":1,"y":1,"curve":[0.25,0,0.75,1]},{"time":1.7667,"x":1.211,"y":1.211,"curve":[0.25,0,0.75,1]},{"time":2.3333,"x":1,"y":1}]},"null/hair2":{"rotate":[{"time":0,"angle":-3.9,"curve":[0.363,0.44,0.755,1]},{"time":0.3667,"angle":-10.6,"curve":[0.25,0,0.75,1]},{"time":0.9333,"angle":0,"curve":[0.25,0,0.75,1]},{"time":1.5333,"angle":-10.6,"curve":[0.25,0,0.75,1]},{"time":2.1,"angle":0,"curve":[0.258,0,0.619,0.45]},{"time":2.3333,"angle":-3.9}]},"null/body2":{"rotate":[{"time":0,"angle":-2.21,"curve":[0.321,0.29,0.679,0.71]},{"time":0.2333,"angle":-1.13,"curve":[0.382,0.59,0.73,1]},{"time":0.4,"angle":-0.65,"curve":[0.25,0,0.75,1]},{"time":1,"angle":-2.69,"curve":[0.25,0,0.75,1]},{"time":1.5667,"angle":-0.65,"curve":[0.25,0,0.75,1]},{"time":2.1667,"angle":-2.69,"curve":[0.27,0,0.618,0.41]},{"time":2.3333,"angle":-2.21}]},"null/vai":{"translate":[{"time":0,"x":-19.25,"y":1.92,"curve":[0.25,0,0.75,1]},{"time":1.1667,"x":10.37,"y":3.89,"curve":[0.25,0,0.75,1]},{"time":2.3333,"x":-19.25,"y":1.92}]},"null/tail":{"rotate":[{"time":0,"angle":0,"curve":[0.25,0,0.75,1]},{"time":1.1667,"angle":17.69,"curve":[0.25,0,0.75,1]},{"time":2.3333,"angle":0}]},"body":{"scale":[{"time":0,"x":0.998,"y":1,"curve":[0.32,0.29,0.757,1]},{"time":0.4667,"x":0.981,"y":1,"curve":[0.25,0,0.75,1]},{"time":1.0667,"x":1,"y":1,"curve":[0.25,0,0.75,1]},{"time":1.6333,"x":0.981,"y":1,"curve":[0.25,0,0.75,1]},{"time":2.2333,"x":1,"y":1,"curve":[0.284,0,0.625,0.38]},{"time":2.3333,"x":0.998,"y":1}]},"fin2":{"rotate":[{"time":0,"angle":10.38,"curve":[0.25,0,0.75,1]},{"time":1.1667,"angle":-3.84,"curve":[0.25,0,0.75,1]},{"time":2.3333,"angle":10.38}]},"fin3":{"rotate":[{"time":0,"angle":5.15,"curve":[0.381,0.55,0.742,1]},{"time":0.4667,"angle":10.38,"curve":[0.25,0,0.75,1]},{"time":1.6333,"angle":-3.84,"curve":[0.245,0,0.637,0.56]},{"time":2.3333,"angle":5.15}]},"title":{"translate":[{"time":0,"x":0,"y":1.06,"curve":[0.375,0.62,0.716,1]},{"time":0.2333,"x":0,"y":0,"curve":[0.25,0,0.75,1]},{"time":1.4,"x":0,"y":8.14,"curve":[0.243,0,0.68,0.71]},{"time":2.3333,"x":0,"y":1.06}]},"banner7":{"translate":[{"time":0,"x":-6.6,"y":0,"curve":[0.375,0.5,0.75,1]},{"time":0.6,"x":0,"y":0,"curve":[0.25,0,0.75,1]},{"time":1.7667,"x":-13.21,"y":0,"curve":[0.25,0,0.625,0.5]},{"time":2.3333,"x":-6.6,"y":0}]},"banner8":{"translate":[{"time":0,"x":5.91,"y":0,"curve":[0.375,0.5,0.75,1]},{"time":0.6,"x":0,"y":0,"curve":[0.25,0,0.75,1]},{"time":1.7667,"x":11.82,"y":0,"curve":[0.25,0,0.625,0.5]},{"time":2.3333,"x":5.91,"y":0}]},"Hair2":{"rotate":[{"time":0,"angle":-8.12,"curve":[0.324,0.3,0.66,0.64]},{"time":0.0667,"angle":-6.54,"curve":[0.364,0.45,0.754,1]},{"time":0.4,"angle":0,"curve":[0.258,0,0.619,0.45]},{"time":0.6333,"angle":-3.9,"curve":[0.363,0.44,0.755,1]},{"time":1,"angle":-10.6,"curve":[0.25,0,0.75,1]},{"time":1.5667,"angle":0,"curve":[0.25,0,0.75,1]},{"time":2.1667,"angle":-10.6,"curve":[0.27,0,0.618,0.41]},{"time":2.3333,"angle":-8.12}]},"null/body":{"rotate":[{"time":0,"angle":-1.43,"curve":[0.381,0.54,0.743,1]},{"time":0.2333,"angle":-0.65,"curve":[0.25,0,0.75,1]},{"time":0.8333,"angle":-2.69,"curve":[0.25,0,0.75,1]},{"time":1.4,"angle":-0.65,"curve":[0.25,0,0.75,1]},{"time":2,"angle":-2.69,"curve":[0.246,0,0.636,0.55]},{"time":2.3333,"angle":-1.43}]},"light8":{"rotate":[{"time":0,"angle":-90},{"time":0.5667,"angle":-180,"curve":"stepped"},{"time":0.6,"angle":0},{"time":1.1667,"angle":-90},{"time":1.7333,"angle":-180,"curve":"stepped"},{"time":1.7667,"angle":0},{"time":2.3333,"angle":-90}]}}},"end":{"slots":{"fx":{"attachment":[{"time":0,"name":null}]},"hom1_add":{"color":[{"time":0,"color":"ffffffff","curve":[0.25,0,0.75,1]},{"time":0.8333,"color":"ffffff8a"}]},"light":{"color":[{"time":0,"color":"ffffff57"},{"time":0.5333,"color":"ffffffff"}],"attachment":[{"time":0,"name":"light"}]},"light2":{"color":[{"time":0,"color":"ffffffff"},{"time":0.8333,"color":"ffffff00"}],"attachment":[{"time":0,"name":"light"}]},"light3":{"color":[{"time":0,"color":"ffffff77"},{"time":0.4,"color":"ffffff00"}],"attachment":[{"time":0,"name":"light"}]},"light4":{"color":[{"time":0,"color":"ffffffa7"},{"time":0.2667,"color":"ffffffff"}],"attachment":[{"time":0,"name":"light"}]},"light5":{"color":[{"time":0,"color":"ffffffff"},{"time":0.8333,"color":"ffffff00"}],"attachment":[{"time":0,"name":"light"}]},"light6":{"color":[{"time":0,"color":"ffffff98"},{"time":0.5,"color":"ffffff00"}],"attachment":[{"time":0,"name":"light"}]},"light7":{"color":[{"time":0,"color":"ffffff00"},{"time":0.8,"color":"ffffffff"}],"attachment":[{"time":0,"name":"light"}]},"light8":{"color":[{"time":0,"color":"ffffff00"},{"time":0.8,"color":"ffffffff"}],"attachment":[{"time":0,"name":"light"}]}},"bones":{"all":{"scale":[{"time":0,"x":1,"y":1},{"time":0.1667,"x":1.2,"y":1.2},{"time":0.3333,"x":0,"y":0}]},"rotate2":{"rotate":[{"time":0,"angle":0},{"time":1.1,"angle":-120}]},"light":{"rotate":[{"time":0,"angle":-121.03},{"time":0.5333,"angle":-180,"curve":"stepped"},{"time":0.5667,"angle":0}]},"hom":{"translate":[{"time":0,"x":0,"y":-41.08}]},"banner2":{"translate":[{"time":0,"x":0,"y":0}]},"banner3":{"translate":[{"time":0,"x":0,"y":0}]},"banner4":{"translate":[{"time":0,"x":0,"y":0}]},"banner5":{"translate":[{"time":0,"x":0,"y":0}]},"light2":{"rotate":[{"time":0,"angle":0},{"time":0.8333,"angle":-90}]},"light3":{"rotate":[{"time":0,"angle":-48},{"time":0.4,"angle":-90}]},"light4":{"rotate":[{"time":0,"angle":-148.97},{"time":0.2667,"angle":-180,"curve":"stepped"},{"time":0.3,"angle":0}]},"light5":{"rotate":[{"time":0,"angle":0},{"time":0.8333,"angle":-90}]},"light6":{"rotate":[{"time":0,"angle":-36},{"time":0.5,"angle":-90}]},"light7":{"rotate":[{"time":0,"angle":-90},{"time":0.8,"angle":-180,"curve":"stepped"},{"time":0.8333,"angle":0}]},"Group 12 copy2":{"scale":[{"time":0,"x":1,"y":1,"curve":[0.25,0,0.75,1]},{"time":0.8333,"x":1.211,"y":1.211}]},"null/hair2":{"rotate":[{"time":0,"angle":-3.9,"curve":[0.363,0.44,0.755,1]},{"time":0.5,"angle":-10.6}]},"null/dau":{"rotate":[{"time":0,"angle":-0.86,"curve":[0.381,0.55,0.742,1]},{"time":0.3333,"angle":0}]},"null/body2":{"rotate":[{"time":0,"angle":0,"curve":[0.25,0,0.75,1]},{"time":0.8333,"angle":-2.88}]},"body":{"scale":[{"time":0,"x":0.998,"y":1,"curve":[0.32,0.29,0.757,1]},{"time":0.6667,"x":0.981,"y":1}]},"fin2":{"rotate":[{"time":0,"angle":10.38}]},"fin3":{"rotate":[{"time":0,"angle":5.15,"curve":[0.381,0.55,0.742,1]},{"time":0.6667,"angle":10.38}]},"light8":{"rotate":[{"time":0,"angle":-90},{"time":0.8,"angle":-180,"curve":"stepped"},{"time":0.8333,"angle":0}]}}}}},"_atlasText":"\nPopupJackpot.png\nsize: 1700,655\nformat: RGBA8888\nfilter: Linear,Linear\nrepeat: none\nbanner\n  rotate: true\n  xy: 206, 135\n  size: 520, 153\n  orig: 520, 153\n  offset: 0, 0\n  index: -1\nbody\n  rotate: false\n  xy: 359, 212\n  size: 229, 443\n  orig: 229, 443\n  offset: 0, 0\n  index: -1\nfin\n  rotate: false\n  xy: 367, 16\n  size: 142, 196\n  orig: 142, 196\n  offset: 0, 0\n  index: -1\nfx\n  rotate: true\n  xy: 940, 254\n  size: 401, 397\n  orig: 401, 397\n  offset: 0, 0\n  index: -1\nhom\n  rotate: false\n  xy: 1346, 128\n  size: 314, 141\n  orig: 314, 141\n  offset: 0, 0\n  index: -1\nhom1\n  rotate: false\n  xy: 615, 2\n  size: 346, 227\n  orig: 346, 227\n  offset: 0, 0\n  index: -1\nhom1_add\n  rotate: false\n  xy: 1337, 414\n  size: 363, 241\n  orig: 363, 241\n  offset: 0, 0\n  index: -1\nlight\n  rotate: false\n  xy: 40, 18\n  size: 64, 64\n  orig: 64, 64\n  offset: 0, 0\n  index: -1\nnull/body\n  rotate: false\n  xy: 1187, 4\n  size: 159, 250\n  orig: 159, 250\n  offset: 0, 0\n  index: -1\nnull/dau\n  rotate: false\n  xy: 1577, 271\n  size: 118, 143\n  orig: 118, 143\n  offset: 0, 0\n  index: -1\nnull/eye\n  rotate: true\n  xy: 194, 43\n  size: 39, 25\n  orig: 39, 25\n  offset: 0, 0\n  index: -1\nnull/hair\n  rotate: true\n  xy: 961, 0\n  size: 254, 226\n  orig: 254, 226\n  offset: 0, 0\n  index: -1\nnull/hair2\n  rotate: false\n  xy: 104, 23\n  size: 90, 59\n  orig: 90, 59\n  offset: 0, 0\n  index: -1\nnull/tail\n  rotate: true\n  xy: 219, 16\n  size: 119, 148\n  orig: 119, 148\n  offset: 0, 0\n  index: -1\nnull/vai\n  rotate: true\n  xy: 0, 0\n  size: 82, 40\n  orig: 82, 40\n  offset: 0, 0\n  index: -1\nnull/vai1\n  rotate: false\n  xy: 1337, 269\n  size: 240, 145\n  orig: 240, 145\n  offset: 0, 0\n  index: -1\nrong\n  rotate: true\n  xy: 509, 30\n  size: 182, 106\n  orig: 182, 106\n  offset: 0, 0\n  index: -1\nrong2\n  rotate: false\n  xy: 588, 229\n  size: 352, 426\n  orig: 352, 426\n  offset: 0, 0\n  index: -1\ntitle1\n  rotate: true\n  xy: 0, 82\n  size: 573, 103\n  orig: 573, 103\n  offset: 0, 0\n  index: -1\ntitle1_add\n  rotate: true\n  xy: 103, 82\n  size: 573, 103\n  orig: 573, 103\n  offset: 0, 0\n  index: -1\n","textures":[{"__uuid__":"2dyb2afnlPv5lo/ZZ7llj3"}],"textureNames":["PopupJackpot.png"]}