{"__type__":"sp.SkeletonData","_name":"FX_Noah_Explosion","skeletonJsonStr":"{\"skeleton\":{\"hash\":\"vCIzt/xVzZRSaPWSXXvac23yAzU\",\"spine\":\"3.7.94\",\"width\":608.33,\"height\":576.61,\"images\":\"./images/\",\"audio\":\"D:/Hai Nguyen/_Project KTEK/Ca/Ca5/Effs/miniboss explosion\"},\"bones\":[{\"name\":\"root\"},{\"name\":\"ALL\",\"parent\":\"root\"},{\"name\":\"underlightfx\",\"parent\":\"ALL\"},{\"name\":\"Light\",\"parent\":\"ALL\",\"scaleX\":1.556,\"scaleY\":1.556},{\"name\":\"lightline\",\"parent\":\"Light\",\"length\":42.09,\"rotation\":-0.04,\"x\":-34.16,\"scaleX\":1.359,\"scaleY\":1.555},{\"name\":\"lightgroup\",\"parent\":\"Light\",\"length\":15.85,\"rotation\":-90,\"x\":-168,\"y\":31.39,\"scaleX\":1.359,\"scaleY\":1.555},{\"name\":\"shockwavefx\",\"parent\":\"ALL\",\"scaleX\":2,\"scaleY\":2},{\"name\":\"lightline3\",\"parent\":\"Light\",\"length\":42.09,\"rotation\":-0.04,\"x\":-34.16,\"scaleX\":1.359,\"scaleY\":1.555},{\"name\":\"lightline4\",\"parent\":\"Light\",\"length\":42.09,\"rotation\":-0.04,\"x\":-34.16,\"scaleX\":1.359,\"scaleY\":1.555},{\"name\":\"lightline5\",\"parent\":\"Light\",\"length\":42.09,\"rotation\":-0.04,\"x\":-34.16,\"scaleX\":1.359,\"scaleY\":1.555},{\"name\":\"lightline6\",\"parent\":\"Light\",\"length\":42.09,\"rotation\":-0.04,\"x\":-34.16,\"scaleX\":1.359,\"scaleY\":1.555},{\"name\":\"lightline7\",\"parent\":\"Light\",\"length\":42.09,\"rotation\":-0.04,\"x\":-34.16,\"scaleX\":1.359,\"scaleY\":1.555},{\"name\":\"lightline8\",\"parent\":\"Light\",\"length\":42.09,\"rotation\":-0.04,\"x\":-34.16,\"scaleX\":1.359,\"scaleY\":1.555},{\"name\":\"lightgroup2\",\"parent\":\"Light\",\"length\":15.85,\"rotation\":-90,\"x\":-168,\"y\":57,\"scaleX\":1.359,\"scaleY\":1.555},{\"name\":\"lightgroup3\",\"parent\":\"Light\",\"length\":15.85,\"rotation\":-90,\"x\":-168,\"y\":57,\"scaleX\":1.359,\"scaleY\":1.555},{\"name\":\"lightgroup4\",\"parent\":\"Light\",\"length\":15.85,\"rotation\":-90,\"x\":-168,\"y\":57,\"scaleX\":1.359,\"scaleY\":1.555},{\"name\":\"lightline9\",\"parent\":\"Light\",\"length\":42.09,\"rotation\":-0.04,\"x\":-34.16,\"scaleX\":1.359,\"scaleY\":1.555},{\"name\":\"shockwave2\",\"parent\":\"ALL\",\"scaleX\":2,\"scaleY\":2},{\"name\":\"shockwave2_underlayer\",\"parent\":\"ALL\",\"scaleX\":2,\"scaleY\":2},{\"name\":\"piece1\",\"parent\":\"ALL\",\"x\":1.36,\"y\":165.31,\"scaleX\":1.388,\"scaleY\":1.388},{\"name\":\"piece2\",\"parent\":\"ALL\",\"x\":1.36,\"y\":165.31,\"scaleX\":1.44,\"scaleY\":1.44},{\"name\":\"piece3\",\"parent\":\"ALL\",\"x\":1.36,\"y\":165.31,\"scaleX\":1.44,\"scaleY\":1.44},{\"name\":\"piece4\",\"parent\":\"ALL\",\"x\":1.36,\"y\":165.31,\"scaleX\":1.44,\"scaleY\":1.44},{\"name\":\"piece5\",\"parent\":\"ALL\",\"x\":1.36,\"y\":165.31,\"scaleX\":1.388,\"scaleY\":1.388},{\"name\":\"piece6\",\"parent\":\"ALL\",\"x\":1.36,\"y\":165.31,\"scaleX\":1.44,\"scaleY\":1.44},{\"name\":\"piece7\",\"parent\":\"ALL\",\"x\":1.36,\"y\":165.31,\"scaleX\":0.956,\"scaleY\":0.956},{\"name\":\"Explosion/1 (1)\",\"parent\":\"ALL\",\"x\":2.45,\"y\":18.23,\"scaleX\":4.046,\"scaleY\":4.046},{\"name\":\"glow\",\"parent\":\"ALL\",\"x\":-1.34,\"y\":1.15,\"scaleX\":5.506,\"scaleY\":5.506},{\"name\":\"piece8\",\"parent\":\"ALL\",\"x\":1.36,\"y\":165.31,\"scaleX\":1.388,\"scaleY\":1.388},{\"name\":\"piece9\",\"parent\":\"ALL\",\"x\":1.36,\"y\":165.31,\"scaleX\":0.615,\"scaleY\":0.615}],\"slots\":[{\"name\":\"underlightfx\",\"bone\":\"underlightfx\",\"attachment\":\"underlightfx\"},{\"name\":\"1shockwave\",\"bone\":\"shockwave2_underlayer\",\"attachment\":\"1shockwave\"},{\"name\":\"1\",\"bone\":\"shockwave2\",\"attachment\":\"roundfx\"},{\"name\":\"3\",\"bone\":\"shockwavefx\",\"attachment\":\"roundfx\"},{\"name\":\"piece1\",\"bone\":\"piece1\"},{\"name\":\"piece2\",\"bone\":\"piece2\"},{\"name\":\"piece3\",\"bone\":\"piece3\"},{\"name\":\"piece8\",\"bone\":\"piece8\"},{\"name\":\"piece4\",\"bone\":\"piece4\"},{\"name\":\"piece5\",\"bone\":\"piece5\"},{\"name\":\"piece9\",\"bone\":\"piece9\"},{\"name\":\"piece6\",\"bone\":\"piece6\"},{\"name\":\"piece7\",\"bone\":\"piece7\"},{\"name\":\"glow\",\"bone\":\"glow\"},{\"name\":\"lightline\",\"bone\":\"lightline\",\"attachment\":\"lightline\"},{\"name\":\"lightline8\",\"bone\":\"lightline8\",\"attachment\":\"lightline\"},{\"name\":\"lightline7\",\"bone\":\"lightline7\",\"attachment\":\"lightline\"},{\"name\":\"lightline9\",\"bone\":\"lightline9\",\"attachment\":\"lightline\"},{\"name\":\"lightline5\",\"bone\":\"lightline5\",\"attachment\":\"lightline\"},{\"name\":\"lightline3\",\"bone\":\"lightline3\",\"attachment\":\"lightline\"},{\"name\":\"lightline6\",\"bone\":\"lightline6\",\"attachment\":\"lightline\"},{\"name\":\"lightline4\",\"bone\":\"lightline4\",\"attachment\":\"lightline\"},{\"name\":\"lightgroup\",\"bone\":\"lightgroup\",\"attachment\":\"lightgroup\"},{\"name\":\"lightgroup2\",\"bone\":\"lightgroup2\",\"attachment\":\"lightgroup\"},{\"name\":\"lightgroup3\",\"bone\":\"lightgroup3\",\"attachment\":\"lightgroup\"},{\"name\":\"lightgroup4\",\"bone\":\"lightgroup4\",\"attachment\":\"lightgroup\"},{\"name\":\"Explosion/1 (1)\",\"bone\":\"Explosion/1 (1)\"}],\"skins\":{\"default\":{\"1\":{\"roundfx\":{\"x\":-0.28,\"y\":0.5,\"width\":129,\"height\":129}},\"1shockwave\":{\"1shockwave\":{\"x\":-0.3,\"width\":125,\"height\":125}},\"3\":{\"roundfx\":{\"x\":-0.5,\"width\":129,\"height\":129}},\"Explosion/1 (1)\":{\"Explosion/1 (1)\":{\"x\":-1.85,\"y\":-0.21,\"scaleX\":1.815,\"scaleY\":1.815,\"width\":250,\"height\":250},\"Explosion/1 (2)\":{\"x\":-1.85,\"y\":-0.21,\"scaleX\":1.254,\"scaleY\":1.254,\"width\":250,\"height\":250},\"Explosion/1 (3)\":{\"x\":-1.85,\"y\":-0.21,\"width\":250,\"height\":250},\"Explosion/1 (4)\":{\"x\":-1.85,\"y\":-0.21,\"width\":250,\"height\":250},\"Explosion/1 (5)\":{\"x\":-1.85,\"y\":-0.21,\"width\":250,\"height\":250},\"Explosion/1 (6)\":{\"x\":-1.85,\"y\":-0.21,\"width\":250,\"height\":250},\"Explosion/1 (7)\":{\"x\":-1.85,\"y\":-0.21,\"width\":250,\"height\":250},\"Explosion/1 (8)\":{\"x\":-1.85,\"y\":-0.21,\"width\":250,\"height\":250},\"Explosion/1 (9)\":{\"x\":-1.85,\"y\":-0.21,\"width\":250,\"height\":250},\"Explosion/1 (10)\":{\"x\":-1.85,\"y\":-0.21,\"width\":250,\"height\":250},\"Explosion/1 (11)\":{\"x\":-1.85,\"y\":-0.21,\"width\":250,\"height\":250},\"Explosion/1 (12)\":{\"x\":-1.85,\"y\":-0.21,\"width\":250,\"height\":250}},\"glow\":{\"glow\":{\"x\":-1.28,\"y\":-1.95,\"width\":63,\"height\":63}},\"lightgroup\":{\"lightgroup\":{\"x\":-93.61,\"y\":1,\"scaleX\":2,\"scaleY\":2,\"rotation\":90,\"width\":44,\"height\":95}},\"lightgroup2\":{\"lightgroup\":{\"x\":-68,\"y\":1,\"scaleX\":2,\"scaleY\":2,\"rotation\":90,\"width\":44,\"height\":95}},\"lightgroup3\":{\"lightgroup\":{\"x\":-68,\"y\":1,\"scaleX\":2,\"scaleY\":2,\"rotation\":90,\"width\":44,\"height\":95}},\"lightgroup4\":{\"lightgroup\":{\"x\":-68,\"y\":1,\"scaleX\":2,\"scaleY\":2,\"rotation\":90,\"width\":44,\"height\":95}},\"lightline\":{\"lightline\":{\"x\":-98.84,\"y\":-0.07,\"scaleX\":2,\"scaleY\":2,\"rotation\":-89.96,\"width\":10,\"height\":103}},\"lightline3\":{\"lightline\":{\"x\":-98.84,\"y\":-0.07,\"scaleX\":2,\"scaleY\":2,\"rotation\":-89.96,\"width\":10,\"height\":103}},\"lightline4\":{\"lightline\":{\"x\":-98.84,\"y\":-0.07,\"scaleX\":2,\"scaleY\":2,\"rotation\":-89.96,\"width\":10,\"height\":103}},\"lightline5\":{\"lightline\":{\"x\":-98.84,\"y\":-0.07,\"scaleX\":2,\"scaleY\":2,\"rotation\":-89.96,\"width\":10,\"height\":103}},\"lightline6\":{\"lightline\":{\"x\":-98.84,\"y\":-0.07,\"scaleX\":2,\"scaleY\":2,\"rotation\":-89.96,\"width\":10,\"height\":103}},\"lightline7\":{\"lightline\":{\"x\":-98.84,\"y\":-0.07,\"scaleX\":2,\"scaleY\":2,\"rotation\":-89.96,\"width\":10,\"height\":103}},\"lightline8\":{\"lightline\":{\"x\":-98.84,\"y\":-0.07,\"scaleX\":2,\"scaleY\":2,\"rotation\":-89.96,\"width\":10,\"height\":103}},\"lightline9\":{\"lightline\":{\"x\":-98.84,\"y\":-0.07,\"scaleX\":2,\"scaleY\":2,\"rotation\":-89.96,\"width\":10,\"height\":103}},\"piece1\":{\"piece/piece1\":{\"y\":0.5,\"scaleX\":0.712,\"scaleY\":0.712,\"rotation\":71.41,\"width\":17,\"height\":82}},\"piece2\":{\"piece/piece2\":{\"y\":0.5,\"scaleX\":0.503,\"scaleY\":0.503,\"rotation\":-4.69,\"width\":23,\"height\":80}},\"piece3\":{\"piece/piece3\":{\"y\":0.5,\"scaleX\":0.517,\"scaleY\":0.517,\"rotation\":28.32,\"width\":29,\"height\":82}},\"piece4\":{\"piece/piece4\":{\"y\":0.5,\"scaleX\":0.856,\"scaleY\":0.856,\"rotation\":-15.91,\"width\":26,\"height\":83}},\"piece5\":{\"piece/piece1\":{\"y\":0.5,\"scaleX\":0.928,\"scaleY\":0.928,\"width\":17,\"height\":82}},\"piece6\":{\"piece/piece2\":{\"y\":0.5,\"scaleX\":0.762,\"scaleY\":0.762,\"rotation\":11.66,\"width\":23,\"height\":80}},\"piece7\":{\"piece/piece3\":{\"y\":0.5,\"scaleX\":0.694,\"scaleY\":0.694,\"rotation\":-6.67,\"width\":29,\"height\":82}},\"piece8\":{\"piece/piece3\":{\"y\":0.5,\"scaleX\":0.517,\"scaleY\":0.517,\"rotation\":28.32,\"width\":29,\"height\":82}},\"piece9\":{\"piece/piece3\":{\"y\":0.5,\"scaleX\":0.928,\"scaleY\":0.928,\"width\":29,\"height\":82}},\"underlightfx\":{\"underlightfx\":{\"x\":0.5,\"y\":0.5,\"scaleX\":2,\"scaleY\":2,\"width\":108,\"height\":108}}}},\"animations\":{\"animation\":{\"slots\":{\"1\":{\"color\":[{\"time\":0,\"color\":\"ffffff00\",\"curve\":\"stepped\"},{\"time\":0.3333,\"color\":\"ffffff00\",\"curve\":[0.24,0.62,0.446,1]},{\"time\":0.6333,\"color\":\"ffffffff\",\"curve\":[0.236,0.64,0.535,1]},{\"time\":1.1333,\"color\":\"ef805900\"}]},\"1shockwave\":{\"color\":[{\"time\":0.0667,\"color\":\"ffffff00\",\"curve\":[0.25,0,0.75,1]},{\"time\":0.2333,\"color\":\"ffffffe8\",\"curve\":\"stepped\"},{\"time\":0.5,\"color\":\"ffffffe8\"},{\"time\":0.8,\"color\":\"ffffff00\"}]},\"3\":{\"color\":[{\"time\":0,\"color\":\"ffffff00\",\"curve\":\"stepped\"},{\"time\":0.1667,\"color\":\"ffffff00\",\"curve\":[0.24,0.62,0.446,1]},{\"time\":0.2667,\"color\":\"ffffffff\"},{\"time\":1.0333,\"color\":\"ef575700\"}]},\"Explosion/1 (1)\":{\"color\":[{\"time\":0.4,\"color\":\"ffffffff\"},{\"time\":0.5667,\"color\":\"ffffff00\"}],\"attachment\":[{\"time\":0,\"name\":\"Explosion/1 (1)\"},{\"time\":0.0667,\"name\":\"Explosion/1 (2)\"},{\"time\":0.1333,\"name\":\"Explosion/1 (3)\"},{\"time\":0.1667,\"name\":\"Explosion/1 (4)\"},{\"time\":0.2,\"name\":\"Explosion/1 (5)\"},{\"time\":0.2667,\"name\":\"Explosion/1 (6)\"},{\"time\":0.3,\"name\":\"Explosion/1 (7)\"},{\"time\":0.3333,\"name\":\"Explosion/1 (8)\"},{\"time\":0.4,\"name\":\"Explosion/1 (9)\"},{\"time\":0.4333,\"name\":\"Explosion/1 (10)\"},{\"time\":0.4667,\"name\":\"Explosion/1 (11)\"},{\"time\":0.5333,\"name\":\"Explosion/1 (12)\"},{\"time\":0.5667,\"name\":null}]},\"glow\":{\"color\":[{\"time\":0.1,\"color\":\"ffffff00\"},{\"time\":0.1667,\"color\":\"ffffffff\"},{\"time\":0.5,\"color\":\"ffffff00\"}],\"attachment\":[{\"time\":0.1,\"name\":\"glow\"}]},\"lightgroup\":{\"color\":[{\"time\":0.5,\"color\":\"ffffffff\",\"curve\":[0,1,0.671,0.68]},{\"time\":0.7,\"color\":\"ffffff00\"}]},\"lightgroup2\":{\"color\":[{\"time\":0.5333,\"color\":\"ffffffff\",\"curve\":[0,0.6,0.786,0.88]},{\"time\":0.7667,\"color\":\"ffffff00\"}]},\"lightgroup3\":{\"color\":[{\"time\":0.5333,\"color\":\"ffffffff\",\"curve\":[0,0.6,0.786,0.88]},{\"time\":0.7667,\"color\":\"ffffff00\"}]},\"lightgroup4\":{\"color\":[{\"time\":0.5333,\"color\":\"ffffffff\",\"curve\":[0,0.6,0.786,0.88]},{\"time\":0.7667,\"color\":\"ffffff00\"}]},\"piece1\":{\"color\":[{\"time\":0.7,\"color\":\"ffffffff\"},{\"time\":0.9333,\"color\":\"ffffff00\"}],\"attachment\":[{\"time\":0.0667,\"name\":\"piece/piece1\"},{\"time\":0.9333,\"name\":null}]},\"piece2\":{\"color\":[{\"time\":0.6,\"color\":\"ffffffff\"},{\"time\":0.8,\"color\":\"ffffff00\"}],\"attachment\":[{\"time\":0.0333,\"name\":\"piece/piece2\"},{\"time\":0.8,\"name\":null}]},\"piece3\":{\"attachment\":[{\"time\":0.1333,\"name\":\"piece/piece3\"},{\"time\":1,\"name\":null}]},\"piece4\":{\"color\":[{\"time\":0.5333,\"color\":\"ffffffff\"},{\"time\":0.7667,\"color\":\"ffffff00\"}],\"attachment\":[{\"time\":0.1333,\"name\":\"piece/piece4\"},{\"time\":0.7667,\"name\":null}]},\"piece5\":{\"color\":[{\"time\":0.6667,\"color\":\"ffffffff\"},{\"time\":0.8667,\"color\":\"ffffff00\"}],\"attachment\":[{\"time\":0.0333,\"name\":\"piece/piece1\"},{\"time\":0.8667,\"name\":null}]},\"piece6\":{\"color\":[{\"time\":0.7667,\"color\":\"ffffffff\"},{\"time\":1,\"color\":\"ffffff00\"}],\"attachment\":[{\"time\":0.1333,\"name\":\"piece/piece2\"},{\"time\":1,\"name\":null}]},\"piece7\":{\"color\":[{\"time\":0.6667,\"color\":\"ffffffff\"},{\"time\":0.9667,\"color\":\"ffffff00\"}],\"attachment\":[{\"time\":0.1,\"name\":\"piece/piece3\"},{\"time\":0.9667,\"name\":null}]},\"piece8\":{\"color\":[{\"time\":0.6333,\"color\":\"ffffffff\"},{\"time\":0.8,\"color\":\"ffffff00\"}],\"attachment\":[{\"time\":0.2333,\"name\":\"piece/piece3\"},{\"time\":0.8,\"name\":null}]},\"piece9\":{\"color\":[{\"time\":0.6,\"color\":\"ffffffff\"},{\"time\":0.8667,\"color\":\"ffffff00\"}],\"attachment\":[{\"time\":0.1,\"name\":\"piece/piece3\"},{\"time\":0.8667,\"name\":null}]},\"underlightfx\":{\"color\":[{\"time\":0,\"color\":\"ffffff00\"},{\"time\":0.3333,\"color\":\"ffffffff\"},{\"time\":1.1333,\"color\":\"ffffff00\"}]}},\"bones\":{\"lightgroup\":{\"rotate\":[{\"time\":0,\"angle\":-2.79}],\"translate\":[{\"time\":0,\"x\":169,\"y\":-50.72,\"curve\":\"stepped\"},{\"time\":0.1,\"x\":169,\"y\":-50.72,\"curve\":[0,0.69,0.703,0.76]},{\"time\":0.9,\"x\":169,\"y\":-14.18}],\"scale\":[{\"time\":0,\"x\":0,\"y\":0,\"curve\":\"stepped\"},{\"time\":0.1,\"x\":0,\"y\":0,\"curve\":[0,0.52,0.75,1]},{\"time\":0.5667,\"x\":0.995,\"y\":0.995}]},\"shockwavefx\":{\"scale\":[{\"time\":0,\"x\":0,\"y\":0,\"curve\":\"stepped\"},{\"time\":0.1667,\"x\":0,\"y\":0,\"curve\":[0.321,0.41,0.623,0.75]},{\"time\":0.4667,\"x\":5.353,\"y\":5.353,\"curve\":[0.236,0.64,0.535,1]},{\"time\":1.0333,\"x\":6.446,\"y\":6.446}]},\"lightline\":{\"rotate\":[{\"time\":0,\"angle\":179.18}],\"translate\":[{\"time\":0,\"x\":0,\"y\":0,\"curve\":[0,0.61,0.825,0.92]},{\"time\":0.8333,\"x\":-212.86,\"y\":0.03}],\"scale\":[{\"time\":0,\"x\":0,\"y\":0,\"curve\":\"stepped\"},{\"time\":0.2,\"x\":0,\"y\":0,\"curve\":[0,1.27,0.687,1.25]},{\"time\":0.3667,\"x\":0.326,\"y\":0.669},{\"time\":0.8333,\"x\":0,\"y\":0}]},\"lightline3\":{\"rotate\":[{\"time\":0,\"angle\":-43.49}],\"translate\":[{\"time\":0,\"x\":32.88,\"y\":0,\"curve\":\"stepped\"},{\"time\":0.1333,\"x\":32.88,\"y\":0,\"curve\":[0,0.41,0.782,0.82]},{\"time\":1,\"x\":-156.21,\"y\":179.65}],\"scale\":[{\"time\":0,\"x\":0,\"y\":0,\"curve\":\"stepped\"},{\"time\":0.1333,\"x\":0,\"y\":0,\"curve\":[0,1.27,0.687,1.25]},{\"time\":0.3,\"x\":0.465,\"y\":0.953},{\"time\":0.9,\"x\":0,\"y\":0}]},\"lightline4\":{\"rotate\":[{\"time\":0,\"angle\":-44.05}],\"translate\":[{\"time\":0,\"x\":62.86,\"y\":-29.04,\"curve\":[0.33,0.43,0.816,0.8]},{\"time\":0.1667,\"x\":120.68,\"y\":-85.04,\"curve\":[0,0.91,0.668,0.71]},{\"time\":1.0333,\"x\":232.67,\"y\":-193.52}],\"scale\":[{\"time\":0,\"x\":0,\"y\":0,\"curve\":\"stepped\"},{\"time\":0.1667,\"x\":0,\"y\":0,\"curve\":[0,1.27,0.687,1.25]},{\"time\":0.3333,\"x\":0.536,\"y\":0.669},{\"time\":0.9333,\"x\":0,\"y\":0}]},\"underlightfx\":{\"scale\":[{\"time\":0,\"x\":0,\"y\":0,\"curve\":[0.014,0.89,0.436,0.98]},{\"time\":1.1333,\"x\":10.575,\"y\":10.575}]},\"lightline5\":{\"rotate\":[{\"time\":0,\"angle\":94.41},{\"time\":0.2,\"angle\":-87.38}],\"translate\":[{\"time\":0,\"x\":39.33,\"y\":-35.94,\"curve\":\"stepped\"},{\"time\":0.2,\"x\":39.33,\"y\":-35.94,\"curve\":[0,0.48,0.689,0.82]},{\"time\":0.8333,\"x\":53.77,\"y\":-225.1}],\"scale\":[{\"time\":0,\"x\":0,\"y\":0,\"curve\":\"stepped\"},{\"time\":0.2,\"x\":0,\"y\":0,\"curve\":[0,0.37,0.75,1]},{\"time\":0.3667,\"x\":0.424,\"y\":0.383},{\"time\":0.7667,\"x\":0,\"y\":0}]},\"lightline6\":{\"rotate\":[{\"time\":0,\"angle\":74.2}],\"translate\":[{\"time\":0,\"x\":32.88,\"y\":0,\"curve\":\"stepped\"},{\"time\":0.2,\"x\":32.88,\"y\":0,\"curve\":[0,0.41,0.505,0.86]},{\"time\":1.0333,\"x\":-37.16,\"y\":-246.85}],\"scale\":[{\"time\":0,\"x\":0,\"y\":0,\"curve\":\"stepped\"},{\"time\":0.2,\"x\":0,\"y\":0},{\"time\":0.3667,\"x\":0.625,\"y\":0.695},{\"time\":1.0333,\"x\":0,\"y\":0}]},\"lightline7\":{\"rotate\":[{\"time\":0,\"angle\":-128.84}],\"translate\":[{\"time\":0,\"x\":53.2,\"y\":0,\"curve\":\"stepped\"},{\"time\":0.2333,\"x\":53.2,\"y\":0,\"curve\":[0,0.61,0.695,0.85]},{\"time\":1,\"x\":201.26,\"y\":183.66}],\"scale\":[{\"time\":0,\"x\":0,\"y\":0,\"curve\":\"stepped\"},{\"time\":0.2333,\"x\":0,\"y\":0,\"curve\":[0,1.27,0.809,0.86]},{\"time\":0.4,\"x\":0.326,\"y\":0.669},{\"time\":0.8667,\"x\":0,\"y\":0}]},\"lightline8\":{\"rotate\":[{\"time\":0,\"angle\":-176.22}],\"translate\":[{\"time\":0,\"x\":55.23,\"y\":4.01,\"curve\":\"stepped\"},{\"time\":0.2667,\"x\":55.23,\"y\":4.01,\"curve\":[0,0.42,0.821,0.85]},{\"time\":1,\"x\":274.12,\"y\":18.32}],\"scale\":[{\"time\":0,\"x\":0,\"y\":0,\"curve\":\"stepped\"},{\"time\":0.2667,\"x\":0,\"y\":0,\"curve\":[0,1.27,0.687,1.25]},{\"time\":0.4333,\"x\":0.326,\"y\":0.669},{\"time\":0.9,\"x\":0,\"y\":0}]},\"lightgroup2\":{\"rotate\":[{\"time\":0,\"angle\":95.62}],\"translate\":[{\"time\":0,\"x\":169,\"y\":-50.72,\"curve\":[0,0.53,0.647,0.63]},{\"time\":0.1,\"x\":149.47,\"y\":-65.65,\"curve\":[0,0.44,0.397,0.75]},{\"time\":0.9,\"x\":89.87,\"y\":-71.52}],\"scale\":[{\"time\":0,\"x\":0,\"y\":0},{\"time\":0.1,\"x\":0.051,\"y\":0.051,\"curve\":[0,0.76,0.71,0.75]},{\"time\":0.6,\"x\":0.995,\"y\":0.995}]},\"lightgroup3\":{\"rotate\":[{\"time\":0,\"angle\":-133.14}],\"translate\":[{\"time\":0,\"x\":169,\"y\":-50.72,\"curve\":[0,0.53,0.647,0.63]},{\"time\":0.1,\"x\":193.98,\"y\":-65.65,\"curve\":[0,0.44,0.397,0.75]},{\"time\":0.9,\"x\":234.36,\"y\":-134.73}],\"scale\":[{\"time\":0,\"x\":0,\"y\":0},{\"time\":0.1,\"x\":0.051,\"y\":0.051,\"curve\":[0,0.76,0.71,0.75]},{\"time\":0.6,\"x\":0.995,\"y\":0.995}]},\"lightgroup4\":{\"rotate\":[{\"time\":0,\"angle\":164.66}],\"translate\":[{\"time\":0,\"x\":159.74,\"y\":-60.52,\"curve\":\"stepped\"},{\"time\":0.2333,\"x\":159.74,\"y\":-60.52,\"curve\":[0,0.44,0.397,0.75]},{\"time\":0.8667,\"x\":126.6,\"y\":-181.29}],\"scale\":[{\"time\":0,\"x\":0,\"y\":0,\"curve\":\"stepped\"},{\"time\":0.2333,\"x\":0,\"y\":0,\"curve\":[0,0.76,0.71,0.75]},{\"time\":0.6,\"x\":0.811,\"y\":0.855}]},\"lightline9\":{\"rotate\":[{\"time\":0,\"angle\":-112.35}],\"translate\":[{\"time\":0,\"x\":44.64,\"y\":0,\"curve\":\"stepped\"},{\"time\":0.1333,\"x\":44.64,\"y\":0,\"curve\":[0.155,0.46,0.635,0.64]},{\"time\":0.8333,\"x\":140.33,\"y\":232.31}],\"scale\":[{\"time\":0,\"x\":0,\"y\":0,\"curve\":\"stepped\"},{\"time\":0.2333,\"x\":0,\"y\":0,\"curve\":[0,1.27,0.687,1.25]},{\"time\":0.4,\"x\":0.509,\"y\":0.669},{\"time\":0.9667,\"x\":0,\"y\":0}]},\"shockwave2_underlayer\":{\"scale\":[{\"time\":0,\"x\":0,\"y\":0,\"curve\":\"stepped\"},{\"time\":0.0667,\"x\":0,\"y\":0,\"curve\":[0,0.68,0.387,0.76]},{\"time\":0.8,\"x\":6.331,\"y\":6.331}]},\"piece1\":{\"rotate\":[{\"time\":0,\"angle\":27.64,\"curve\":\"stepped\"},{\"time\":0.0667,\"angle\":27.64},{\"time\":0.4667,\"angle\":-99.48},{\"time\":0.9333,\"angle\":110.88}],\"translate\":[{\"time\":0,\"x\":-1.36,\"y\":-165.31,\"curve\":\"stepped\"},{\"time\":0.0667,\"x\":-1.36,\"y\":-165.31,\"curve\":[0.25,0,0.75,1]},{\"time\":0.9333,\"x\":760.78,\"y\":264.73}]},\"piece2\":{\"rotate\":[{\"time\":0,\"angle\":27.64,\"curve\":\"stepped\"},{\"time\":0.0333,\"angle\":27.64},{\"time\":0.4333,\"angle\":-99.48},{\"time\":0.8,\"angle\":110.88}],\"translate\":[{\"time\":0,\"x\":-1.36,\"y\":-165.31,\"curve\":\"stepped\"},{\"time\":0.0333,\"x\":-1.36,\"y\":-165.31,\"curve\":[0.25,0,0.75,1]},{\"time\":0.8,\"x\":-568.84,\"y\":-187.97}],\"scale\":[{\"time\":0.0333,\"x\":1,\"y\":1},{\"time\":0.8,\"x\":1.947,\"y\":1.947}]},\"piece3\":{\"rotate\":[{\"time\":0,\"angle\":27.64,\"curve\":\"stepped\"},{\"time\":0.1333,\"angle\":27.64},{\"time\":0.5333,\"angle\":-99.48},{\"time\":1,\"angle\":110.88}],\"translate\":[{\"time\":0,\"x\":-1.36,\"y\":-165.31,\"curve\":\"stepped\"},{\"time\":0.1333,\"x\":-1.36,\"y\":-165.31,\"curve\":[0.25,0,0.75,1]},{\"time\":1,\"x\":-47.56,\"y\":-815.27}]},\"piece4\":{\"rotate\":[{\"time\":0,\"angle\":27.64,\"curve\":\"stepped\"},{\"time\":0.1333,\"angle\":27.64},{\"time\":0.5333,\"angle\":-99.48},{\"time\":1,\"angle\":110.88}],\"translate\":[{\"time\":0,\"x\":-1.36,\"y\":-165.31,\"curve\":\"stepped\"},{\"time\":0.1333,\"x\":-1.36,\"y\":-165.31,\"curve\":[0.25,0,0.75,1]},{\"time\":0.7667,\"x\":242.99,\"y\":194.95}],\"scale\":[{\"time\":0.1333,\"x\":1,\"y\":1},{\"time\":0.7667,\"x\":1.846,\"y\":1.846}]},\"piece5\":{\"rotate\":[{\"time\":0,\"angle\":27.64,\"curve\":\"stepped\"},{\"time\":0.0333,\"angle\":27.64},{\"time\":0.8667,\"angle\":110.88}],\"translate\":[{\"time\":0,\"x\":-1.36,\"y\":-165.31,\"curve\":\"stepped\"},{\"time\":0.0333,\"x\":-1.36,\"y\":-165.31,\"curve\":[0.25,0,0.75,1]},{\"time\":0.8667,\"x\":296.68,\"y\":-293.53}],\"scale\":[{\"time\":0.0333,\"x\":1,\"y\":1},{\"time\":0.8667,\"x\":1.361,\"y\":1.361}]},\"piece6\":{\"rotate\":[{\"time\":0,\"angle\":27.64,\"curve\":\"stepped\"},{\"time\":0.1333,\"angle\":27.64},{\"time\":0.5333,\"angle\":-99.48},{\"time\":1,\"angle\":110.88}],\"translate\":[{\"time\":0,\"x\":-1.36,\"y\":-165.31,\"curve\":\"stepped\"},{\"time\":0.1333,\"x\":-1.36,\"y\":-165.31,\"curve\":[0.25,0,0.75,1]},{\"time\":1,\"x\":-379.45,\"y\":409.31}]},\"piece7\":{\"rotate\":[{\"time\":0,\"angle\":27.64,\"curve\":\"stepped\"},{\"time\":0.1,\"angle\":27.64},{\"time\":0.5,\"angle\":-99.48},{\"time\":0.9667,\"angle\":110.88}],\"translate\":[{\"time\":0,\"x\":-1.36,\"y\":-165.31,\"curve\":\"stepped\"},{\"time\":0.1,\"x\":-1.36,\"y\":-165.31,\"curve\":[0.25,0,0.75,1]},{\"time\":0.9667,\"x\":-447.15,\"y\":-556.7}],\"scale\":[{\"time\":0.1,\"x\":1,\"y\":1},{\"time\":0.9667,\"x\":1.6,\"y\":1.6}]},\"shockwave2\":{\"scale\":[{\"time\":0,\"x\":0,\"y\":0,\"curve\":\"stepped\"},{\"time\":0.3333,\"x\":0,\"y\":0,\"curve\":[0.321,0.41,0.623,0.75]},{\"time\":0.6333,\"x\":5.353,\"y\":5.353,\"curve\":[0.236,0.64,0.535,1]},{\"time\":1.1333,\"x\":6.446,\"y\":6.446}]},\"Explosion/1 (1)\":{\"scale\":[{\"time\":0,\"x\":0.248,\"y\":0.248,\"curve\":[0,0.49,0,1]},{\"time\":0.5667,\"x\":1.382,\"y\":1.382}]},\"glow\":{\"scale\":[{\"time\":0.1,\"x\":1,\"y\":1,\"curve\":[0,0.48,0.274,1]},{\"time\":1.1333,\"x\":7.94,\"y\":7.94}]},\"piece8\":{\"rotate\":[{\"time\":0,\"angle\":27.64,\"curve\":\"stepped\"},{\"time\":0.2333,\"angle\":27.64},{\"time\":0.4667,\"angle\":-99.48},{\"time\":0.8,\"angle\":110.88}],\"translate\":[{\"time\":0,\"x\":-1.36,\"y\":-165.31,\"curve\":\"stepped\"},{\"time\":0.2333,\"x\":-1.36,\"y\":-165.31,\"curve\":[0.25,0,0.75,1]},{\"time\":0.8,\"x\":308.32,\"y\":-516.02}],\"scale\":[{\"time\":0.2333,\"x\":1,\"y\":1},{\"time\":0.8,\"x\":2.04,\"y\":2.04}]},\"piece9\":{\"rotate\":[{\"time\":0,\"angle\":27.64,\"curve\":\"stepped\"},{\"time\":0.1,\"angle\":27.64},{\"time\":0.8667,\"angle\":110.88}],\"translate\":[{\"time\":0,\"x\":-1.36,\"y\":-165.31,\"curve\":\"stepped\"},{\"time\":0.1,\"x\":-1.36,\"y\":-165.31,\"curve\":[0.25,0,0.75,1]},{\"time\":0.8667,\"x\":-403.3,\"y\":-241.87}],\"scale\":[{\"time\":0.1,\"x\":1,\"y\":1},{\"time\":0.8667,\"x\":2.904,\"y\":2.904}]}}}}}","_skeletonJson":{"skeleton":{"hash":"vCIzt/xVzZRSaPWSXXvac23yAzU","spine":"3.7.94","width":608.33,"height":576.61,"images":"./images/","audio":"D:/Hai Nguyen/_Project KTEK/Ca/Ca5/Effs/miniboss explosion"},"bones":[{"name":"root"},{"name":"ALL","parent":"root"},{"name":"underlightfx","parent":"ALL"},{"name":"Light","parent":"ALL","scaleX":1.556,"scaleY":1.556},{"name":"lightline","parent":"Light","length":42.09,"rotation":-0.04,"x":-34.16,"scaleX":1.359,"scaleY":1.555},{"name":"lightgroup","parent":"Light","length":15.85,"rotation":-90,"x":-168,"y":31.39,"scaleX":1.359,"scaleY":1.555},{"name":"shockwavefx","parent":"ALL","scaleX":2,"scaleY":2},{"name":"lightline3","parent":"Light","length":42.09,"rotation":-0.04,"x":-34.16,"scaleX":1.359,"scaleY":1.555},{"name":"lightline4","parent":"Light","length":42.09,"rotation":-0.04,"x":-34.16,"scaleX":1.359,"scaleY":1.555},{"name":"lightline5","parent":"Light","length":42.09,"rotation":-0.04,"x":-34.16,"scaleX":1.359,"scaleY":1.555},{"name":"lightline6","parent":"Light","length":42.09,"rotation":-0.04,"x":-34.16,"scaleX":1.359,"scaleY":1.555},{"name":"lightline7","parent":"Light","length":42.09,"rotation":-0.04,"x":-34.16,"scaleX":1.359,"scaleY":1.555},{"name":"lightline8","parent":"Light","length":42.09,"rotation":-0.04,"x":-34.16,"scaleX":1.359,"scaleY":1.555},{"name":"lightgroup2","parent":"Light","length":15.85,"rotation":-90,"x":-168,"y":57,"scaleX":1.359,"scaleY":1.555},{"name":"lightgroup3","parent":"Light","length":15.85,"rotation":-90,"x":-168,"y":57,"scaleX":1.359,"scaleY":1.555},{"name":"lightgroup4","parent":"Light","length":15.85,"rotation":-90,"x":-168,"y":57,"scaleX":1.359,"scaleY":1.555},{"name":"lightline9","parent":"Light","length":42.09,"rotation":-0.04,"x":-34.16,"scaleX":1.359,"scaleY":1.555},{"name":"shockwave2","parent":"ALL","scaleX":2,"scaleY":2},{"name":"shockwave2_underlayer","parent":"ALL","scaleX":2,"scaleY":2},{"name":"piece1","parent":"ALL","x":1.36,"y":165.31,"scaleX":1.388,"scaleY":1.388},{"name":"piece2","parent":"ALL","x":1.36,"y":165.31,"scaleX":1.44,"scaleY":1.44},{"name":"piece3","parent":"ALL","x":1.36,"y":165.31,"scaleX":1.44,"scaleY":1.44},{"name":"piece4","parent":"ALL","x":1.36,"y":165.31,"scaleX":1.44,"scaleY":1.44},{"name":"piece5","parent":"ALL","x":1.36,"y":165.31,"scaleX":1.388,"scaleY":1.388},{"name":"piece6","parent":"ALL","x":1.36,"y":165.31,"scaleX":1.44,"scaleY":1.44},{"name":"piece7","parent":"ALL","x":1.36,"y":165.31,"scaleX":0.956,"scaleY":0.956},{"name":"Explosion/1 (1)","parent":"ALL","x":2.45,"y":18.23,"scaleX":4.046,"scaleY":4.046},{"name":"glow","parent":"ALL","x":-1.34,"y":1.15,"scaleX":5.506,"scaleY":5.506},{"name":"piece8","parent":"ALL","x":1.36,"y":165.31,"scaleX":1.388,"scaleY":1.388},{"name":"piece9","parent":"ALL","x":1.36,"y":165.31,"scaleX":0.615,"scaleY":0.615}],"slots":[{"name":"underlightfx","bone":"underlightfx","attachment":"underlightfx"},{"name":"1shockwave","bone":"shockwave2_underlayer","attachment":"1shockwave"},{"name":"1","bone":"shockwave2","attachment":"roundfx"},{"name":"3","bone":"shockwavefx","attachment":"roundfx"},{"name":"piece1","bone":"piece1"},{"name":"piece2","bone":"piece2"},{"name":"piece3","bone":"piece3"},{"name":"piece8","bone":"piece8"},{"name":"piece4","bone":"piece4"},{"name":"piece5","bone":"piece5"},{"name":"piece9","bone":"piece9"},{"name":"piece6","bone":"piece6"},{"name":"piece7","bone":"piece7"},{"name":"glow","bone":"glow"},{"name":"lightline","bone":"lightline","attachment":"lightline"},{"name":"lightline8","bone":"lightline8","attachment":"lightline"},{"name":"lightline7","bone":"lightline7","attachment":"lightline"},{"name":"lightline9","bone":"lightline9","attachment":"lightline"},{"name":"lightline5","bone":"lightline5","attachment":"lightline"},{"name":"lightline3","bone":"lightline3","attachment":"lightline"},{"name":"lightline6","bone":"lightline6","attachment":"lightline"},{"name":"lightline4","bone":"lightline4","attachment":"lightline"},{"name":"lightgroup","bone":"lightgroup","attachment":"lightgroup"},{"name":"lightgroup2","bone":"lightgroup2","attachment":"lightgroup"},{"name":"lightgroup3","bone":"lightgroup3","attachment":"lightgroup"},{"name":"lightgroup4","bone":"lightgroup4","attachment":"lightgroup"},{"name":"Explosion/1 (1)","bone":"Explosion/1 (1)"}],"skins":{"default":{"1":{"roundfx":{"x":-0.28,"y":0.5,"width":129,"height":129}},"3":{"roundfx":{"x":-0.5,"width":129,"height":129}},"1shockwave":{"1shockwave":{"x":-0.3,"width":125,"height":125}},"Explosion/1 (1)":{"Explosion/1 (1)":{"x":-1.85,"y":-0.21,"scaleX":1.815,"scaleY":1.815,"width":250,"height":250},"Explosion/1 (2)":{"x":-1.85,"y":-0.21,"scaleX":1.254,"scaleY":1.254,"width":250,"height":250},"Explosion/1 (3)":{"x":-1.85,"y":-0.21,"width":250,"height":250},"Explosion/1 (4)":{"x":-1.85,"y":-0.21,"width":250,"height":250},"Explosion/1 (5)":{"x":-1.85,"y":-0.21,"width":250,"height":250},"Explosion/1 (6)":{"x":-1.85,"y":-0.21,"width":250,"height":250},"Explosion/1 (7)":{"x":-1.85,"y":-0.21,"width":250,"height":250},"Explosion/1 (8)":{"x":-1.85,"y":-0.21,"width":250,"height":250},"Explosion/1 (9)":{"x":-1.85,"y":-0.21,"width":250,"height":250},"Explosion/1 (10)":{"x":-1.85,"y":-0.21,"width":250,"height":250},"Explosion/1 (11)":{"x":-1.85,"y":-0.21,"width":250,"height":250},"Explosion/1 (12)":{"x":-1.85,"y":-0.21,"width":250,"height":250}},"glow":{"glow":{"x":-1.28,"y":-1.95,"width":63,"height":63}},"lightgroup":{"lightgroup":{"x":-93.61,"y":1,"scaleX":2,"scaleY":2,"rotation":90,"width":44,"height":95}},"lightgroup2":{"lightgroup":{"x":-68,"y":1,"scaleX":2,"scaleY":2,"rotation":90,"width":44,"height":95}},"lightgroup3":{"lightgroup":{"x":-68,"y":1,"scaleX":2,"scaleY":2,"rotation":90,"width":44,"height":95}},"lightgroup4":{"lightgroup":{"x":-68,"y":1,"scaleX":2,"scaleY":2,"rotation":90,"width":44,"height":95}},"lightline":{"lightline":{"x":-98.84,"y":-0.07,"scaleX":2,"scaleY":2,"rotation":-89.96,"width":10,"height":103}},"lightline3":{"lightline":{"x":-98.84,"y":-0.07,"scaleX":2,"scaleY":2,"rotation":-89.96,"width":10,"height":103}},"lightline4":{"lightline":{"x":-98.84,"y":-0.07,"scaleX":2,"scaleY":2,"rotation":-89.96,"width":10,"height":103}},"lightline5":{"lightline":{"x":-98.84,"y":-0.07,"scaleX":2,"scaleY":2,"rotation":-89.96,"width":10,"height":103}},"lightline6":{"lightline":{"x":-98.84,"y":-0.07,"scaleX":2,"scaleY":2,"rotation":-89.96,"width":10,"height":103}},"lightline7":{"lightline":{"x":-98.84,"y":-0.07,"scaleX":2,"scaleY":2,"rotation":-89.96,"width":10,"height":103}},"lightline8":{"lightline":{"x":-98.84,"y":-0.07,"scaleX":2,"scaleY":2,"rotation":-89.96,"width":10,"height":103}},"lightline9":{"lightline":{"x":-98.84,"y":-0.07,"scaleX":2,"scaleY":2,"rotation":-89.96,"width":10,"height":103}},"piece1":{"piece/piece1":{"y":0.5,"scaleX":0.712,"scaleY":0.712,"rotation":71.41,"width":17,"height":82}},"piece2":{"piece/piece2":{"y":0.5,"scaleX":0.503,"scaleY":0.503,"rotation":-4.69,"width":23,"height":80}},"piece3":{"piece/piece3":{"y":0.5,"scaleX":0.517,"scaleY":0.517,"rotation":28.32,"width":29,"height":82}},"piece4":{"piece/piece4":{"y":0.5,"scaleX":0.856,"scaleY":0.856,"rotation":-15.91,"width":26,"height":83}},"piece5":{"piece/piece1":{"y":0.5,"scaleX":0.928,"scaleY":0.928,"width":17,"height":82}},"piece6":{"piece/piece2":{"y":0.5,"scaleX":0.762,"scaleY":0.762,"rotation":11.66,"width":23,"height":80}},"piece7":{"piece/piece3":{"y":0.5,"scaleX":0.694,"scaleY":0.694,"rotation":-6.67,"width":29,"height":82}},"piece8":{"piece/piece3":{"y":0.5,"scaleX":0.517,"scaleY":0.517,"rotation":28.32,"width":29,"height":82}},"piece9":{"piece/piece3":{"y":0.5,"scaleX":0.928,"scaleY":0.928,"width":29,"height":82}},"underlightfx":{"underlightfx":{"x":0.5,"y":0.5,"scaleX":2,"scaleY":2,"width":108,"height":108}}}},"animations":{"animation":{"slots":{"1":{"color":[{"time":0,"color":"ffffff00","curve":"stepped"},{"time":0.3333,"color":"ffffff00","curve":[0.24,0.62,0.446,1]},{"time":0.6333,"color":"ffffffff","curve":[0.236,0.64,0.535,1]},{"time":1.1333,"color":"ef805900"}]},"3":{"color":[{"time":0,"color":"ffffff00","curve":"stepped"},{"time":0.1667,"color":"ffffff00","curve":[0.24,0.62,0.446,1]},{"time":0.2667,"color":"ffffffff"},{"time":1.0333,"color":"ef575700"}]},"1shockwave":{"color":[{"time":0.0667,"color":"ffffff00","curve":[0.25,0,0.75,1]},{"time":0.2333,"color":"ffffffe8","curve":"stepped"},{"time":0.5,"color":"ffffffe8"},{"time":0.8,"color":"ffffff00"}]},"Explosion/1 (1)":{"color":[{"time":0.4,"color":"ffffffff"},{"time":0.5667,"color":"ffffff00"}],"attachment":[{"time":0,"name":"Explosion/1 (1)"},{"time":0.0667,"name":"Explosion/1 (2)"},{"time":0.1333,"name":"Explosion/1 (3)"},{"time":0.1667,"name":"Explosion/1 (4)"},{"time":0.2,"name":"Explosion/1 (5)"},{"time":0.2667,"name":"Explosion/1 (6)"},{"time":0.3,"name":"Explosion/1 (7)"},{"time":0.3333,"name":"Explosion/1 (8)"},{"time":0.4,"name":"Explosion/1 (9)"},{"time":0.4333,"name":"Explosion/1 (10)"},{"time":0.4667,"name":"Explosion/1 (11)"},{"time":0.5333,"name":"Explosion/1 (12)"},{"time":0.5667,"name":null}]},"glow":{"color":[{"time":0.1,"color":"ffffff00"},{"time":0.1667,"color":"ffffffff"},{"time":0.5,"color":"ffffff00"}],"attachment":[{"time":0.1,"name":"glow"}]},"lightgroup":{"color":[{"time":0.5,"color":"ffffffff","curve":[0,1,0.671,0.68]},{"time":0.7,"color":"ffffff00"}]},"lightgroup2":{"color":[{"time":0.5333,"color":"ffffffff","curve":[0,0.6,0.786,0.88]},{"time":0.7667,"color":"ffffff00"}]},"lightgroup3":{"color":[{"time":0.5333,"color":"ffffffff","curve":[0,0.6,0.786,0.88]},{"time":0.7667,"color":"ffffff00"}]},"lightgroup4":{"color":[{"time":0.5333,"color":"ffffffff","curve":[0,0.6,0.786,0.88]},{"time":0.7667,"color":"ffffff00"}]},"piece1":{"color":[{"time":0.7,"color":"ffffffff"},{"time":0.9333,"color":"ffffff00"}],"attachment":[{"time":0.0667,"name":"piece/piece1"},{"time":0.9333,"name":null}]},"piece2":{"color":[{"time":0.6,"color":"ffffffff"},{"time":0.8,"color":"ffffff00"}],"attachment":[{"time":0.0333,"name":"piece/piece2"},{"time":0.8,"name":null}]},"piece3":{"attachment":[{"time":0.1333,"name":"piece/piece3"},{"time":1,"name":null}]},"piece4":{"color":[{"time":0.5333,"color":"ffffffff"},{"time":0.7667,"color":"ffffff00"}],"attachment":[{"time":0.1333,"name":"piece/piece4"},{"time":0.7667,"name":null}]},"piece5":{"color":[{"time":0.6667,"color":"ffffffff"},{"time":0.8667,"color":"ffffff00"}],"attachment":[{"time":0.0333,"name":"piece/piece1"},{"time":0.8667,"name":null}]},"piece6":{"color":[{"time":0.7667,"color":"ffffffff"},{"time":1,"color":"ffffff00"}],"attachment":[{"time":0.1333,"name":"piece/piece2"},{"time":1,"name":null}]},"piece7":{"color":[{"time":0.6667,"color":"ffffffff"},{"time":0.9667,"color":"ffffff00"}],"attachment":[{"time":0.1,"name":"piece/piece3"},{"time":0.9667,"name":null}]},"piece8":{"color":[{"time":0.6333,"color":"ffffffff"},{"time":0.8,"color":"ffffff00"}],"attachment":[{"time":0.2333,"name":"piece/piece3"},{"time":0.8,"name":null}]},"piece9":{"color":[{"time":0.6,"color":"ffffffff"},{"time":0.8667,"color":"ffffff00"}],"attachment":[{"time":0.1,"name":"piece/piece3"},{"time":0.8667,"name":null}]},"underlightfx":{"color":[{"time":0,"color":"ffffff00"},{"time":0.3333,"color":"ffffffff"},{"time":1.1333,"color":"ffffff00"}]}},"bones":{"lightgroup":{"rotate":[{"time":0,"angle":-2.79}],"translate":[{"time":0,"x":169,"y":-50.72,"curve":"stepped"},{"time":0.1,"x":169,"y":-50.72,"curve":[0,0.69,0.703,0.76]},{"time":0.9,"x":169,"y":-14.18}],"scale":[{"time":0,"x":0,"y":0,"curve":"stepped"},{"time":0.1,"x":0,"y":0,"curve":[0,0.52,0.75,1]},{"time":0.5667,"x":0.995,"y":0.995}]},"shockwavefx":{"scale":[{"time":0,"x":0,"y":0,"curve":"stepped"},{"time":0.1667,"x":0,"y":0,"curve":[0.321,0.41,0.623,0.75]},{"time":0.4667,"x":5.353,"y":5.353,"curve":[0.236,0.64,0.535,1]},{"time":1.0333,"x":6.446,"y":6.446}]},"lightline":{"rotate":[{"time":0,"angle":179.18}],"translate":[{"time":0,"x":0,"y":0,"curve":[0,0.61,0.825,0.92]},{"time":0.8333,"x":-212.86,"y":0.03}],"scale":[{"time":0,"x":0,"y":0,"curve":"stepped"},{"time":0.2,"x":0,"y":0,"curve":[0,1.27,0.687,1.25]},{"time":0.3667,"x":0.326,"y":0.669},{"time":0.8333,"x":0,"y":0}]},"lightline3":{"rotate":[{"time":0,"angle":-43.49}],"translate":[{"time":0,"x":32.88,"y":0,"curve":"stepped"},{"time":0.1333,"x":32.88,"y":0,"curve":[0,0.41,0.782,0.82]},{"time":1,"x":-156.21,"y":179.65}],"scale":[{"time":0,"x":0,"y":0,"curve":"stepped"},{"time":0.1333,"x":0,"y":0,"curve":[0,1.27,0.687,1.25]},{"time":0.3,"x":0.465,"y":0.953},{"time":0.9,"x":0,"y":0}]},"lightline4":{"rotate":[{"time":0,"angle":-44.05}],"translate":[{"time":0,"x":62.86,"y":-29.04,"curve":[0.33,0.43,0.816,0.8]},{"time":0.1667,"x":120.68,"y":-85.04,"curve":[0,0.91,0.668,0.71]},{"time":1.0333,"x":232.67,"y":-193.52}],"scale":[{"time":0,"x":0,"y":0,"curve":"stepped"},{"time":0.1667,"x":0,"y":0,"curve":[0,1.27,0.687,1.25]},{"time":0.3333,"x":0.536,"y":0.669},{"time":0.9333,"x":0,"y":0}]},"underlightfx":{"scale":[{"time":0,"x":0,"y":0,"curve":[0.014,0.89,0.436,0.98]},{"time":1.1333,"x":10.575,"y":10.575}]},"lightline5":{"rotate":[{"time":0,"angle":94.41},{"time":0.2,"angle":-87.38}],"translate":[{"time":0,"x":39.33,"y":-35.94,"curve":"stepped"},{"time":0.2,"x":39.33,"y":-35.94,"curve":[0,0.48,0.689,0.82]},{"time":0.8333,"x":53.77,"y":-225.1}],"scale":[{"time":0,"x":0,"y":0,"curve":"stepped"},{"time":0.2,"x":0,"y":0,"curve":[0,0.37,0.75,1]},{"time":0.3667,"x":0.424,"y":0.383},{"time":0.7667,"x":0,"y":0}]},"lightline6":{"rotate":[{"time":0,"angle":74.2}],"translate":[{"time":0,"x":32.88,"y":0,"curve":"stepped"},{"time":0.2,"x":32.88,"y":0,"curve":[0,0.41,0.505,0.86]},{"time":1.0333,"x":-37.16,"y":-246.85}],"scale":[{"time":0,"x":0,"y":0,"curve":"stepped"},{"time":0.2,"x":0,"y":0},{"time":0.3667,"x":0.625,"y":0.695},{"time":1.0333,"x":0,"y":0}]},"lightline7":{"rotate":[{"time":0,"angle":-128.84}],"translate":[{"time":0,"x":53.2,"y":0,"curve":"stepped"},{"time":0.2333,"x":53.2,"y":0,"curve":[0,0.61,0.695,0.85]},{"time":1,"x":201.26,"y":183.66}],"scale":[{"time":0,"x":0,"y":0,"curve":"stepped"},{"time":0.2333,"x":0,"y":0,"curve":[0,1.27,0.809,0.86]},{"time":0.4,"x":0.326,"y":0.669},{"time":0.8667,"x":0,"y":0}]},"lightline8":{"rotate":[{"time":0,"angle":-176.22}],"translate":[{"time":0,"x":55.23,"y":4.01,"curve":"stepped"},{"time":0.2667,"x":55.23,"y":4.01,"curve":[0,0.42,0.821,0.85]},{"time":1,"x":274.12,"y":18.32}],"scale":[{"time":0,"x":0,"y":0,"curve":"stepped"},{"time":0.2667,"x":0,"y":0,"curve":[0,1.27,0.687,1.25]},{"time":0.4333,"x":0.326,"y":0.669},{"time":0.9,"x":0,"y":0}]},"lightgroup2":{"rotate":[{"time":0,"angle":95.62}],"translate":[{"time":0,"x":169,"y":-50.72,"curve":[0,0.53,0.647,0.63]},{"time":0.1,"x":149.47,"y":-65.65,"curve":[0,0.44,0.397,0.75]},{"time":0.9,"x":89.87,"y":-71.52}],"scale":[{"time":0,"x":0,"y":0},{"time":0.1,"x":0.051,"y":0.051,"curve":[0,0.76,0.71,0.75]},{"time":0.6,"x":0.995,"y":0.995}]},"lightgroup3":{"rotate":[{"time":0,"angle":-133.14}],"translate":[{"time":0,"x":169,"y":-50.72,"curve":[0,0.53,0.647,0.63]},{"time":0.1,"x":193.98,"y":-65.65,"curve":[0,0.44,0.397,0.75]},{"time":0.9,"x":234.36,"y":-134.73}],"scale":[{"time":0,"x":0,"y":0},{"time":0.1,"x":0.051,"y":0.051,"curve":[0,0.76,0.71,0.75]},{"time":0.6,"x":0.995,"y":0.995}]},"lightgroup4":{"rotate":[{"time":0,"angle":164.66}],"translate":[{"time":0,"x":159.74,"y":-60.52,"curve":"stepped"},{"time":0.2333,"x":159.74,"y":-60.52,"curve":[0,0.44,0.397,0.75]},{"time":0.8667,"x":126.6,"y":-181.29}],"scale":[{"time":0,"x":0,"y":0,"curve":"stepped"},{"time":0.2333,"x":0,"y":0,"curve":[0,0.76,0.71,0.75]},{"time":0.6,"x":0.811,"y":0.855}]},"lightline9":{"rotate":[{"time":0,"angle":-112.35}],"translate":[{"time":0,"x":44.64,"y":0,"curve":"stepped"},{"time":0.1333,"x":44.64,"y":0,"curve":[0.155,0.46,0.635,0.64]},{"time":0.8333,"x":140.33,"y":232.31}],"scale":[{"time":0,"x":0,"y":0,"curve":"stepped"},{"time":0.2333,"x":0,"y":0,"curve":[0,1.27,0.687,1.25]},{"time":0.4,"x":0.509,"y":0.669},{"time":0.9667,"x":0,"y":0}]},"shockwave2_underlayer":{"scale":[{"time":0,"x":0,"y":0,"curve":"stepped"},{"time":0.0667,"x":0,"y":0,"curve":[0,0.68,0.387,0.76]},{"time":0.8,"x":6.331,"y":6.331}]},"piece1":{"rotate":[{"time":0,"angle":27.64,"curve":"stepped"},{"time":0.0667,"angle":27.64},{"time":0.4667,"angle":-99.48},{"time":0.9333,"angle":110.88}],"translate":[{"time":0,"x":-1.36,"y":-165.31,"curve":"stepped"},{"time":0.0667,"x":-1.36,"y":-165.31,"curve":[0.25,0,0.75,1]},{"time":0.9333,"x":760.78,"y":264.73}]},"piece2":{"rotate":[{"time":0,"angle":27.64,"curve":"stepped"},{"time":0.0333,"angle":27.64},{"time":0.4333,"angle":-99.48},{"time":0.8,"angle":110.88}],"translate":[{"time":0,"x":-1.36,"y":-165.31,"curve":"stepped"},{"time":0.0333,"x":-1.36,"y":-165.31,"curve":[0.25,0,0.75,1]},{"time":0.8,"x":-568.84,"y":-187.97}],"scale":[{"time":0.0333,"x":1,"y":1},{"time":0.8,"x":1.947,"y":1.947}]},"piece3":{"rotate":[{"time":0,"angle":27.64,"curve":"stepped"},{"time":0.1333,"angle":27.64},{"time":0.5333,"angle":-99.48},{"time":1,"angle":110.88}],"translate":[{"time":0,"x":-1.36,"y":-165.31,"curve":"stepped"},{"time":0.1333,"x":-1.36,"y":-165.31,"curve":[0.25,0,0.75,1]},{"time":1,"x":-47.56,"y":-815.27}]},"piece4":{"rotate":[{"time":0,"angle":27.64,"curve":"stepped"},{"time":0.1333,"angle":27.64},{"time":0.5333,"angle":-99.48},{"time":1,"angle":110.88}],"translate":[{"time":0,"x":-1.36,"y":-165.31,"curve":"stepped"},{"time":0.1333,"x":-1.36,"y":-165.31,"curve":[0.25,0,0.75,1]},{"time":0.7667,"x":242.99,"y":194.95}],"scale":[{"time":0.1333,"x":1,"y":1},{"time":0.7667,"x":1.846,"y":1.846}]},"piece5":{"rotate":[{"time":0,"angle":27.64,"curve":"stepped"},{"time":0.0333,"angle":27.64},{"time":0.8667,"angle":110.88}],"translate":[{"time":0,"x":-1.36,"y":-165.31,"curve":"stepped"},{"time":0.0333,"x":-1.36,"y":-165.31,"curve":[0.25,0,0.75,1]},{"time":0.8667,"x":296.68,"y":-293.53}],"scale":[{"time":0.0333,"x":1,"y":1},{"time":0.8667,"x":1.361,"y":1.361}]},"piece6":{"rotate":[{"time":0,"angle":27.64,"curve":"stepped"},{"time":0.1333,"angle":27.64},{"time":0.5333,"angle":-99.48},{"time":1,"angle":110.88}],"translate":[{"time":0,"x":-1.36,"y":-165.31,"curve":"stepped"},{"time":0.1333,"x":-1.36,"y":-165.31,"curve":[0.25,0,0.75,1]},{"time":1,"x":-379.45,"y":409.31}]},"piece7":{"rotate":[{"time":0,"angle":27.64,"curve":"stepped"},{"time":0.1,"angle":27.64},{"time":0.5,"angle":-99.48},{"time":0.9667,"angle":110.88}],"translate":[{"time":0,"x":-1.36,"y":-165.31,"curve":"stepped"},{"time":0.1,"x":-1.36,"y":-165.31,"curve":[0.25,0,0.75,1]},{"time":0.9667,"x":-447.15,"y":-556.7}],"scale":[{"time":0.1,"x":1,"y":1},{"time":0.9667,"x":1.6,"y":1.6}]},"shockwave2":{"scale":[{"time":0,"x":0,"y":0,"curve":"stepped"},{"time":0.3333,"x":0,"y":0,"curve":[0.321,0.41,0.623,0.75]},{"time":0.6333,"x":5.353,"y":5.353,"curve":[0.236,0.64,0.535,1]},{"time":1.1333,"x":6.446,"y":6.446}]},"Explosion/1 (1)":{"scale":[{"time":0,"x":0.248,"y":0.248,"curve":[0,0.49,0,1]},{"time":0.5667,"x":1.382,"y":1.382}]},"glow":{"scale":[{"time":0.1,"x":1,"y":1,"curve":[0,0.48,0.274,1]},{"time":1.1333,"x":7.94,"y":7.94}]},"piece8":{"rotate":[{"time":0,"angle":27.64,"curve":"stepped"},{"time":0.2333,"angle":27.64},{"time":0.4667,"angle":-99.48},{"time":0.8,"angle":110.88}],"translate":[{"time":0,"x":-1.36,"y":-165.31,"curve":"stepped"},{"time":0.2333,"x":-1.36,"y":-165.31,"curve":[0.25,0,0.75,1]},{"time":0.8,"x":308.32,"y":-516.02}],"scale":[{"time":0.2333,"x":1,"y":1},{"time":0.8,"x":2.04,"y":2.04}]},"piece9":{"rotate":[{"time":0,"angle":27.64,"curve":"stepped"},{"time":0.1,"angle":27.64},{"time":0.8667,"angle":110.88}],"translate":[{"time":0,"x":-1.36,"y":-165.31,"curve":"stepped"},{"time":0.1,"x":-1.36,"y":-165.31,"curve":[0.25,0,0.75,1]},{"time":0.8667,"x":-403.3,"y":-241.87}],"scale":[{"time":0.1,"x":1,"y":1},{"time":0.8667,"x":2.904,"y":2.904}]}}}}},"_atlasText":"\nFX_Noah_Explosion.png\nsize: 1332,425\nformat: RGBA8888\nfilter: Linear,Linear\nrepeat: none\n1shockwave\n  rotate: false\n  xy: 938, 95\n  size: 104, 104\n  orig: 125, 125\n  offset: 11, 11\n  index: -1\nExplosion/1 (1)\n  rotate: false\n  xy: 1044, 86\n  size: 52, 52\n  orig: 250, 250\n  offset: 101, 99\n  index: -1\nExplosion/1 (10)\n  rotate: false\n  xy: 224, 195\n  size: 220, 228\n  orig: 250, 250\n  offset: 30, 4\n  index: -1\nExplosion/1 (11)\n  rotate: false\n  xy: 668, 198\n  size: 219, 225\n  orig: 250, 250\n  offset: 31, 7\n  index: -1\nExplosion/1 (12)\n  rotate: true\n  xy: 2, 17\n  size: 173, 216\n  orig: 250, 250\n  offset: 37, 13\n  index: -1\nExplosion/1 (2)\n  rotate: false\n  xy: 840, 87\n  size: 96, 109\n  orig: 250, 250\n  offset: 88, 67\n  index: -1\nExplosion/1 (3)\n  rotate: false\n  xy: 224, 2\n  size: 178, 191\n  orig: 250, 250\n  offset: 48, 16\n  index: -1\nExplosion/1 (4)\n  rotate: true\n  xy: 404, 4\n  size: 189, 199\n  orig: 250, 250\n  offset: 45, 15\n  index: -1\nExplosion/1 (5)\n  rotate: true\n  xy: 1110, 3\n  size: 203, 210\n  orig: 250, 250\n  offset: 40, 12\n  index: -1\nExplosion/1 (6)\n  rotate: false\n  xy: 1110, 208\n  size: 210, 215\n  orig: 250, 250\n  offset: 37, 9\n  index: -1\nExplosion/1 (7)\n  rotate: false\n  xy: 889, 201\n  size: 219, 222\n  orig: 250, 250\n  offset: 31, 7\n  index: -1\nExplosion/1 (8)\n  rotate: false\n  xy: 446, 196\n  size: 220, 227\n  orig: 250, 250\n  offset: 30, 5\n  index: -1\nExplosion/1 (9)\n  rotate: false\n  xy: 2, 192\n  size: 220, 231\n  orig: 250, 250\n  offset: 30, 3\n  index: -1\nglow\n  rotate: false\n  xy: 1044, 140\n  size: 59, 59\n  orig: 63, 63\n  offset: 3, 4\n  index: -1\nlightgroup\n  rotate: true\n  xy: 605, 20\n  size: 43, 95\n  orig: 44, 95\n  offset: 1, 0\n  index: -1\nlightline\n  rotate: false\n  xy: 1322, 321\n  size: 8, 102\n  orig: 10, 103\n  offset: 1, 0\n  index: -1\npiece/piece1\n  rotate: true\n  xy: 938, 76\n  size: 17, 82\n  orig: 17, 82\n  offset: 0, 0\n  index: -1\npiece/piece2\n  rotate: true\n  xy: 702, 5\n  size: 23, 80\n  orig: 23, 80\n  offset: 0, 0\n  index: -1\npiece/piece3\n  rotate: true\n  xy: 702, 30\n  size: 29, 80\n  orig: 29, 82\n  offset: 0, 1\n  index: -1\npiece/piece4\n  rotate: true\n  xy: 731, 61\n  size: 26, 81\n  orig: 26, 83\n  offset: 0, 1\n  index: -1\nroundfx\n  rotate: true\n  xy: 605, 65\n  size: 129, 124\n  orig: 129, 129\n  offset: 0, 3\n  index: -1\nunderlightfx\n  rotate: false\n  xy: 731, 89\n  size: 107, 107\n  orig: 108, 108\n  offset: 0, 1\n  index: -1\n","textures":[{"__uuid__":"89llDTik5P4rvfjN5rS4UG"}],"textureNames":["FX_Noah_Explosion.png"]}