[{"__type__":"cc.Prefab","_name":"60","data":{"__id__":1}},{"__type__":"cc.Node","_name":"60","_children":[{"__id__":2},{"__id__":4},{"__id__":6},{"__id__":7},{"__id__":9},{"__id__":12},{"__id__":15},{"__id__":16},{"__id__":19},{"__id__":22},{"__id__":23},{"__id__":26},{"__id__":30},{"__id__":31},{"__id__":32},{"__id__":33}],"_level":1,"_components":[{"__type__":"c2376yGOrJO/5Aa0v6enF/t","node":{"__id__":1},"_HIT_COLOR":null,"face":{"__id__":8},"chestSp":{"__id__":3},"shadowSp":{"__id__":5},"tentacles":[{"__id__":18},{"__id__":11},{"__id__":25},{"__id__":14},{"__id__":21},{"__id__":29}],"listBG":[{"__id__":30},{"__id__":31},{"__id__":32}],"listNode":[{"__id__":2},{"__id__":4},{"__id__":6},{"__id__":7},{"__id__":9},{"__id__":12},{"__id__":15},{"__id__":16},{"__id__":19},{"__id__":22},{"__id__":23},{"__id__":26},{"__id__":30},{"__id__":31},{"__id__":32},{"__id__":33}]},{"__type__":"cc.BoxCollider","node":{"__id__":1},"tag":61,"_offset":{"__type__":"cc.Vec2","x":-316,"y":-207},"_size":{"__type__":"cc.Size","width":71,"height":69}},{"__type__":"cc.BoxCollider","node":{"__id__":1},"tag":62,"_offset":{"__type__":"cc.Vec2","x":-251,"y":-143.6},"_size":{"__type__":"cc.Size","width":69.7,"height":66.8}},{"__type__":"cc.BoxCollider","node":{"__id__":1},"tag":999,"_offset":{"__type__":"cc.Vec2","x":-251,"y":-143.6},"_size":{"__type__":"cc.Size","width":150,"height":150}},{"__type__":"cc.BoxCollider","node":{"__id__":1},"tag":63,"_offset":{"__type__":"cc.Vec2","x":-200,"y":-77},"_size":{"__type__":"cc.Size","width":43,"height":61}},{"__type__":"cc.BoxCollider","node":{"__id__":1},"tag":64,"_offset":{"__type__":"cc.Vec2","x":-142,"y":-17},"_size":{"__type__":"cc.Size","width":40,"height":54}},{"__type__":"cc.BoxCollider","node":{"__id__":1},"tag":999,"_offset":{"__type__":"cc.Vec2","x":-142,"y":-17},"_size":{"__type__":"cc.Size","width":150,"height":150}},{"__type__":"cc.BoxCollider","node":{"__id__":1},"tag":65,"_offset":{"__type__":"cc.Vec2","x":-79,"y":30},"_size":{"__type__":"cc.Size","width":53,"height":21}},{"__type__":"cc.BoxCollider","node":{"__id__":1},"tag":66,"_offset":{"__type__":"cc.Vec2","x":-7,"y":38},"_size":{"__type__":"cc.Size","width":51,"height":21}},{"__type__":"cc.BoxCollider","node":{"__id__":1},"tag":67,"_offset":{"__type__":"cc.Vec2","x":36,"y":10},"_size":{"__type__":"cc.Size","width":23,"height":23}},{"__type__":"cc.BoxCollider","node":{"__id__":1},"tag":68,"_offset":{"__type__":"cc.Vec2","x":50,"y":-27},"_size":{"__type__":"cc.Size","width":23,"height":23}},{"__type__":"cc.BoxCollider","node":{"__id__":1},"tag":69,"_offset":{"__type__":"cc.Vec2","x":53,"y":-72},"_size":{"__type__":"cc.Size","width":23,"height":23}},{"__type__":"cc.BoxCollider","node":{"__id__":1},"tag":610,"_offset":{"__type__":"cc.Vec2","x":43,"y":-109},"_size":{"__type__":"cc.Size","width":17,"height":18}},{"__type__":"cc.BoxCollider","node":{"__id__":1},"tag":611,"_offset":{"__type__":"cc.Vec2","x":25,"y":-144},"_size":{"__type__":"cc.Size","width":23,"height":23}},{"__type__":"cc.BoxCollider","node":{"__id__":1},"tag":612,"_offset":{"__type__":"cc.Vec2","x":10,"y":-175},"_size":{"__type__":"cc.Size","width":23,"height":23}},{"__type__":"cc.Animation","node":{"__id__":1},"_defaultClip":{"__uuid__":"26tK+b/bNM9YHD7MkNTs/U"},"_clips":[{"__uuid__":"26tK+b/bNM9YHD7MkNTs/U"},{"__uuid__":"4eJnutG9tDx6U+lJyy4rta"}]}],"_prefab":{"__type__":"cc.PrefabInfo","root":{"__id__":1},"asset":{"__uuid__":"0d0V1c4tRAjrDSARMDYA1U"},"fileId":"7d28h7GMhMx4tQpoGcexbi"},"_contentSize":{"__type__":"cc.Size","width":861.01,"height":735.52},"_position":{"__type__":"cc.Vec3","x":640,"y":360},"groupIndex":4},{"__type__":"cc.Node","_name":"Chest","_parent":{"__id__":1},"_active":false,"_level":2,"_components":[{"__id__":3}],"_prefab":{"__type__":"cc.PrefabInfo","root":{"__id__":1},"asset":{"__uuid__":"0d0V1c4tRAjrDSARMDYA1U"},"fileId":"8dfb1yjltLKroODC1zSs8y"},"_contentSize":{"__type__":"cc.Size","width":280.32,"height":132.3},"_position":{"__type__":"cc.Vec3","y":14.187}},{"__type__":"sp.Skeleton","node":{"__id__":2},"_materials":[{"__uuid__":"7a/QZLET9IDreTiBfRn2PD"}],"_preCacheMode":0,"loop":false,"premultipliedAlpha":false,"_animationName":"animation","_playTimes":1,"_N$skeletonData":{"__uuid__":"0bBfNh1aZBFI9UJuhFINjJ"}},{"__type__":"cc.Node","_name":"Shadow","_parent":{"__id__":1},"_level":2,"_components":[{"__id__":5}],"_prefab":{"__type__":"cc.PrefabInfo","root":{"__id__":1},"asset":{"__uuid__":"0d0V1c4tRAjrDSARMDYA1U"},"fileId":"f4wMCQ5U5JLIQcnfVNaBPo"},"_contentSize":{"__type__":"cc.Size","width":595.63,"height":465.16},"_position":{"__type__":"cc.Vec3","x":-179.082,"y":56.452},"_scale":{"__type__":"cc.Vec3","x":1.7,"y":1.7,"z":1}},{"__type__":"sp.Skeleton","node":{"__id__":4},"_materials":[{"__uuid__":"7a/QZLET9IDreTiBfRn2PD"}],"defaultSkin":"default","_preCacheMode":0,"_animationName":"shadow_run","_N$skeletonData":{"__uuid__":"7fc54x7e1PmpsQ3CbCv5TF"}},{"__type__":"cc.Node","_name":"Mask","_parent":{"__id__":1},"_level":2,"_components":[{"__type__":"cc.Sprite","node":{"__id__":6},"_materials":[{"__uuid__":"ecpdLyjvZBwrvm+cedCcQy"}],"_spriteFrame":{"__uuid__":"1fN2w6aaJHf5j1sdR1qF3s"},"_sizeMode":0,"_isTrimmedMode":false}],"_prefab":{"__type__":"cc.PrefabInfo","root":{"__id__":1},"asset":{"__uuid__":"0d0V1c4tRAjrDSARMDYA1U"},"fileId":"6e0hwhDe1A5ocfycqYvLDz"},"_contentSize":{"__type__":"cc.Size","width":1604,"height":903}},{"__type__":"cc.Node","_name":"Face","_parent":{"__id__":1},"_level":4,"_components":[{"__id__":8}],"_prefab":{"__type__":"cc.PrefabInfo","root":{"__id__":1},"asset":{"__uuid__":"0d0V1c4tRAjrDSARMDYA1U"},"fileId":"7dGVVPxWxMSaLSSaSEJCbc"},"_contentSize":{"__type__":"cc.Size","width":242.93,"height":206.95}},{"__type__":"sp.Skeleton","node":{"__id__":7},"_materials":[{"__uuid__":"7a/QZLET9IDreTiBfRn2PD"}],"_preCacheMode":0,"premultipliedAlpha":false,"_animationName":"frightenned","_N$skeletonData":{"__uuid__":"6cxjA8Br1FCYU5ZBYxK620"}},{"__type__":"cc.Node","_name":"Tentacle2","_parent":{"__id__":1},"_level":4,"_components":[{"__id__":10},{"__id__":11},{"__type__":"cb5cbOULZdCiKVMb5X+R5cl","node":{"__id__":9}}],"_prefab":{"__type__":"cc.PrefabInfo","root":{"__id__":1},"asset":{"__uuid__":"0d0V1c4tRAjrDSARMDYA1U"},"fileId":"8clIVtFf9OEqP+CV4psTAA"},"_contentSize":{"__type__":"cc.Size","width":861.01,"height":735.52},"_position":{"__type__":"cc.Vec3","x":230.255,"y":120.061},"_scale":{"__type__":"cc.Vec3","x":0.85,"y":0.85,"z":1},"_eulerAngles":{"__type__":"cc.Vec3","z":147.701}},{"__type__":"sp.Skeleton","node":{"__id__":9},"_materials":[{"__uuid__":"2cfhS3ncZEIo2CwLiIQbGv"}],"defaultSkin":"lv1","defaultAnimation":"Tentacles_1","_preCacheMode":0,"loop":false,"premultipliedAlpha":false,"_animationName":"Tentacles_1","_playTimes":1,"_N$skeletonData":{"__uuid__":"39u5/WFD1BlIurb7wkAJap"},"_N$useTint":true},{"__type__":"1f368KkLz1B3434ms0pccrj","node":{"__id__":9},"tentacleSp":{"__id__":10}},{"__type__":"cc.Node","_name":"Tentacle4","_parent":{"__id__":1},"_level":4,"_components":[{"__id__":13},{"__id__":14},{"__type__":"cb5cbOULZdCiKVMb5X+R5cl","node":{"__id__":12}}],"_prefab":{"__type__":"cc.PrefabInfo","root":{"__id__":1},"asset":{"__uuid__":"0d0V1c4tRAjrDSARMDYA1U"},"fileId":"64WZn6CmtA6ahK1C/jy0Kr"},"_contentSize":{"__type__":"cc.Size","width":861.01,"height":735.52},"_position":{"__type__":"cc.Vec3","x":169.172,"y":-250.419},"_scale":{"__type__":"cc.Vec3","x":0.75,"y":0.75,"z":1},"_eulerAngles":{"__type__":"cc.Vec3","z":99.52400000000003}},{"__type__":"sp.Skeleton","node":{"__id__":12},"_materials":[{"__uuid__":"2cfhS3ncZEIo2CwLiIQbGv"}],"defaultSkin":"lv1","defaultAnimation":"Tentacles_1","_preCacheMode":0,"loop":false,"premultipliedAlpha":false,"_animationName":"Tentacles_1","_playTimes":1,"_N$skeletonData":{"__uuid__":"39u5/WFD1BlIurb7wkAJap"},"_N$useTint":true},{"__type__":"1f368KkLz1B3434ms0pccrj","node":{"__id__":12},"tentacleSp":{"__id__":13}},{"__type__":"cc.Node","_name":"Map2","_parent":{"__id__":1},"_level":2,"_components":[{"__type__":"cc.Sprite","node":{"__id__":15},"_materials":[{"__uuid__":"ecpdLyjvZBwrvm+cedCcQy"}],"_spriteFrame":{"__uuid__":"99wc/xVMBA3pBJ5q8zXPS4"},"_sizeMode":0,"_isTrimmedMode":false}],"_prefab":{"__type__":"cc.PrefabInfo","root":{"__id__":1},"asset":{"__uuid__":"0d0V1c4tRAjrDSARMDYA1U"},"fileId":"344udydJxHYo6C35eD6uX5"},"_contentSize":{"__type__":"cc.Size","width":1604,"height":903}},{"__type__":"cc.Node","_name":"Tentacle1","_parent":{"__id__":1},"_level":4,"_components":[{"__id__":17},{"__id__":18},{"__type__":"cb5cbOULZdCiKVMb5X+R5cl","node":{"__id__":16}}],"_prefab":{"__type__":"cc.PrefabInfo","root":{"__id__":1},"asset":{"__uuid__":"0d0V1c4tRAjrDSARMDYA1U"},"fileId":"faTLYCfKtI/I807wWdoPTa"},"_contentSize":{"__type__":"cc.Size","width":861.01,"height":735.52},"_position":{"__type__":"cc.Vec3","x":-31.661,"y":210.549},"_scale":{"__type__":"cc.Vec3","x":0.75,"y":0.75,"z":1},"_eulerAngles":{"__type__":"cc.Vec3","z":220.91899999999995}},{"__type__":"sp.Skeleton","node":{"__id__":16},"_materials":[{"__uuid__":"2cfhS3ncZEIo2CwLiIQbGv"}],"defaultSkin":"lv1","defaultAnimation":"Tentacles_1","_preCacheMode":0,"loop":false,"premultipliedAlpha":false,"_animationName":"Tentacles_1","_playTimes":1,"_N$skeletonData":{"__uuid__":"39u5/WFD1BlIurb7wkAJap"},"_N$useTint":true},{"__type__":"1f368KkLz1B3434ms0pccrj","node":{"__id__":16},"tentacleSp":{"__id__":17}},{"__type__":"cc.Node","_name":"Tentacle5","_parent":{"__id__":1},"_level":4,"_components":[{"__id__":20},{"__id__":21},{"__type__":"cb5cbOULZdCiKVMb5X+R5cl","node":{"__id__":19}}],"_prefab":{"__type__":"cc.PrefabInfo","root":{"__id__":1},"asset":{"__uuid__":"0d0V1c4tRAjrDSARMDYA1U"},"fileId":"622tWiPVZJM7L+UI53leTC"},"_contentSize":{"__type__":"cc.Size","width":861.01,"height":735.52},"_position":{"__type__":"cc.Vec3","x":-292.807,"y":-13.348},"_scale":{"__type__":"cc.Vec3","x":-0.8,"y":0.8,"z":-0.8},"_eulerAngles":{"__type__":"cc.Vec3","z":-130.87400000000002}},{"__type__":"sp.Skeleton","node":{"__id__":19},"_materials":[{"__uuid__":"2cfhS3ncZEIo2CwLiIQbGv"}],"defaultSkin":"lv1","defaultAnimation":"Tentacles_1","_preCacheMode":0,"loop":false,"premultipliedAlpha":false,"_animationName":"Tentacles_1","_playTimes":1,"_N$skeletonData":{"__uuid__":"39u5/WFD1BlIurb7wkAJap"},"_N$useTint":true},{"__type__":"1f368KkLz1B3434ms0pccrj","node":{"__id__":19},"tentacleSp":{"__id__":20}},{"__type__":"cc.Node","_name":"Map3","_parent":{"__id__":1},"_level":4,"_components":[{"__type__":"0fccbXmE81Jj4fSsLxpXhXw","node":{"__id__":22},"isMap1":false},{"__type__":"cc.Sprite","node":{"__id__":22},"_materials":[{"__uuid__":"ecpdLyjvZBwrvm+cedCcQy"}],"_spriteFrame":{"__uuid__":"5eRgFy8QxEXYekU7AHvHC9"},"_sizeMode":0,"_isTrimmedMode":false},{"__type__":"cc.PolygonCollider","node":{"__id__":22},"points":[{"__type__":"cc.Vec2","x":184,"y":450},{"__type__":"cc.Vec2","x":360,"y":243},{"__type__":"cc.Vec2","x":249,"y":238},{"__type__":"cc.Vec2","x":100,"y":259},{"__type__":"cc.Vec2","x":37,"y":232},{"__type__":"cc.Vec2","x":9.9,"y":282},{"__type__":"cc.Vec2","x":4.9,"y":304.2},{"__type__":"cc.Vec2","x":-84,"y":303},{"__type__":"cc.Vec2","x":-86,"y":219},{"__type__":"cc.Vec2","x":-219,"y":173},{"__type__":"cc.Vec2","x":-282,"y":52},{"__type__":"cc.Vec2","x":-383,"y":39},{"__type__":"cc.Vec2","x":-400,"y":-73},{"__type__":"cc.Vec2","x":-343,"y":-76},{"__type__":"cc.Vec2","x":-402,"y":-186},{"__type__":"cc.Vec2","x":-452,"y":-254},{"__type__":"cc.Vec2","x":-398,"y":-347},{"__type__":"cc.Vec2","x":-295,"y":-307},{"__type__":"cc.Vec2","x":-160,"y":-390},{"__type__":"cc.Vec2","x":-246,"y":-391},{"__type__":"cc.Vec2","x":-417,"y":-367},{"__type__":"cc.Vec2","x":-498,"y":-218},{"__type__":"cc.Vec2","x":-398,"y":217},{"__type__":"cc.Vec2","x":-483,"y":449}]}],"_prefab":{"__type__":"cc.PrefabInfo","root":{"__id__":1},"asset":{"__uuid__":"0d0V1c4tRAjrDSARMDYA1U"},"fileId":"deEFM6vuVPTbIKtnWMIBDA"},"_contentSize":{"__type__":"cc.Size","width":1604,"height":902},"groupIndex":6},{"__type__":"cc.Node","_name":"Tentacle3","_parent":{"__id__":1},"_level":4,"_components":[{"__id__":24},{"__id__":25},{"__type__":"cb5cbOULZdCiKVMb5X+R5cl","node":{"__id__":23}}],"_prefab":{"__type__":"cc.PrefabInfo","root":{"__id__":1},"asset":{"__uuid__":"0d0V1c4tRAjrDSARMDYA1U"},"fileId":"5fR9l2sWJJKbwHr97E9yqZ"},"_contentSize":{"__type__":"cc.Size","width":861.01,"height":735.52},"_position":{"__type__":"cc.Vec3","x":345.199,"y":-139.434},"_eulerAngles":{"__type__":"cc.Vec3","z":104.866}},{"__type__":"sp.Skeleton","node":{"__id__":23},"_materials":[{"__uuid__":"2cfhS3ncZEIo2CwLiIQbGv"}],"defaultSkin":"lv1","defaultAnimation":"Tentacles_1","_preCacheMode":0,"loop":false,"premultipliedAlpha":false,"_animationName":"Tentacles_1","_playTimes":1,"_N$skeletonData":{"__uuid__":"39u5/WFD1BlIurb7wkAJap"},"_N$useTint":true,"_N$enableBatch":true},{"__type__":"1f368KkLz1B3434ms0pccrj","node":{"__id__":23},"tentacleSp":{"__id__":24}},{"__type__":"cc.Node","_name":"Tentacle6","_parent":{"__id__":1},"_children":[{"__id__":27}],"_level":3,"_components":[{"__id__":28},{"__id__":29},{"__type__":"cb5cbOULZdCiKVMb5X+R5cl","node":{"__id__":26}}],"_prefab":{"__type__":"cc.PrefabInfo","root":{"__id__":1},"asset":{"__uuid__":"0d0V1c4tRAjrDSARMDYA1U"},"fileId":"29yFfuwQdAFInq1rJelVzL"},"_contentSize":{"__type__":"cc.Size","width":861.01,"height":735.52},"_position":{"__type__":"cc.Vec3","x":-344.83,"y":-257.835},"_eulerAngles":{"__type__":"cc.Vec3","z":-9.769000000000004}},{"__type__":"cc.PrivateNode","_name":"DEBUG_DRAW_NODE","_objFlags":1024,"_parent":{"__id__":26},"_level":4,"_components":[{"__type__":"cc.Graphics","node":{"__id__":27},"_materials":[{"__uuid__":"6fgBCSDDdPMInvyNlggls2"}],"_lineWidth":5,"_strokeColor":{"__type__":"cc.Color","r":255},"_fillColor":{"__type__":"cc.Color","g":255}}],"_prefab":{"__type__":"cc.PrefabInfo","root":{"__id__":1},"asset":{"__uuid__":"0d0V1c4tRAjrDSARMDYA1U"},"fileId":"1d++bkbV9OcIUrUbNdLnIX"}},{"__type__":"sp.Skeleton","node":{"__id__":26},"_materials":[{"__uuid__":"2cfhS3ncZEIo2CwLiIQbGv"}],"defaultSkin":"lv1","defaultAnimation":"Tentacles_1","_preCacheMode":0,"loop":false,"premultipliedAlpha":false,"_animationName":"Tentacles_1","_playTimes":1,"_N$skeletonData":{"__uuid__":"39u5/WFD1BlIurb7wkAJap"},"_N$useTint":true,"_N$enableBatch":true},{"__type__":"1f368KkLz1B3434ms0pccrj","node":{"__id__":26},"tentacleSp":{"__id__":28}},{"__type__":"cc.Node","_name":"Light_BG1","_parent":{"__id__":1},"_level":2,"_components":[{"__type__":"cc.Sprite","node":{"__id__":30},"_materials":[{"__uuid__":"ecpdLyjvZBwrvm+cedCcQy"}],"_spriteFrame":{"__uuid__":"99vwxV+CJMHpRK91j+BsvV"}},{"__type__":"cc.Animation","node":{"__id__":30},"_clips":[{"__uuid__":"5aL8BsiClNl4W8i2SnVnBw"}]}],"_prefab":{"__type__":"cc.PrefabInfo","root":{"__id__":1},"asset":{"__uuid__":"0d0V1c4tRAjrDSARMDYA1U"},"fileId":"2dxs8t4ylIK7E0t3F/18bx"},"_opacity":0,"_contentSize":{"__type__":"cc.Size","width":957,"height":320},"_position":{"__type__":"cc.Vec3","x":-311.764,"y":3.2},"_eulerAngles":{"__type__":"cc.Vec3","z":-74}},{"__type__":"cc.Node","_name":"Light_BG2","_parent":{"__id__":1},"_level":2,"_components":[{"__type__":"cc.Sprite","node":{"__id__":31},"_materials":[{"__uuid__":"ecpdLyjvZBwrvm+cedCcQy"}],"_spriteFrame":{"__uuid__":"99vwxV+CJMHpRK91j+BsvV"}},{"__type__":"cc.Animation","node":{"__id__":31},"_clips":[{"__uuid__":"5aL8BsiClNl4W8i2SnVnBw"}]}],"_prefab":{"__type__":"cc.PrefabInfo","root":{"__id__":1},"asset":{"__uuid__":"0d0V1c4tRAjrDSARMDYA1U"},"fileId":"7e3rNejQ1BJKvMzL2Gxajj"},"_opacity":0,"_contentSize":{"__type__":"cc.Size","width":957,"height":320},"_position":{"__type__":"cc.Vec3","x":325.435,"y":163.38},"_eulerAngles":{"__type__":"cc.Vec3","z":100.718}},{"__type__":"cc.Node","_name":"Light_BG3","_parent":{"__id__":1},"_level":2,"_components":[{"__type__":"cc.Sprite","node":{"__id__":32},"_materials":[{"__uuid__":"ecpdLyjvZBwrvm+cedCcQy"}],"_spriteFrame":{"__uuid__":"99vwxV+CJMHpRK91j+BsvV"}},{"__type__":"cc.Animation","node":{"__id__":32},"_clips":[{"__uuid__":"5aL8BsiClNl4W8i2SnVnBw"}]}],"_prefab":{"__type__":"cc.PrefabInfo","root":{"__id__":1},"asset":{"__uuid__":"0d0V1c4tRAjrDSARMDYA1U"},"fileId":"cewJkiG9pFoJ+F6j427LEM"},"_opacity":0,"_contentSize":{"__type__":"cc.Size","width":957,"height":320},"_position":{"__type__":"cc.Vec3","x":127.546,"y":-285.382}},{"__type__":"cc.Node","_name":"Map4","_parent":{"__id__":1},"_level":3,"_components":[{"__type__":"cc.Sprite","node":{"__id__":33},"_materials":[{"__uuid__":"ecpdLyjvZBwrvm+cedCcQy"}],"_spriteFrame":{"__uuid__":"9axL+9xlFM/aAE/3mAMvDH"},"_sizeMode":0,"_isTrimmedMode":false},{"__type__":"0fccbXmE81Jj4fSsLxpXhXw","node":{"__id__":33}},{"__type__":"cc.PolygonCollider","node":{"__id__":33},"points":[{"__type__":"cc.Vec2","x":-102,"y":-395},{"__type__":"cc.Vec2","x":-259,"y":-367},{"__type__":"cc.Vec2","x":-298,"y":-316},{"__type__":"cc.Vec2","x":-389,"y":-340},{"__type__":"cc.Vec2","x":-450,"y":-236},{"__type__":"cc.Vec2","x":-371,"y":-168},{"__type__":"cc.Vec2","x":-386,"y":122},{"__type__":"cc.Vec2","x":-376,"y":165},{"__type__":"cc.Vec2","x":-458,"y":449},{"__type__":"cc.Vec2","x":-803,"y":447},{"__type__":"cc.Vec2","x":-800,"y":-451},{"__type__":"cc.Vec2","x":803,"y":-451},{"__type__":"cc.Vec2","x":805,"y":452},{"__type__":"cc.Vec2","x":175,"y":447},{"__type__":"cc.Vec2","x":275,"y":398},{"__type__":"cc.Vec2","x":464,"y":22},{"__type__":"cc.Vec2","x":406,"y":-98},{"__type__":"cc.Vec2","x":490,"y":-167},{"__type__":"cc.Vec2","x":436,"y":-267},{"__type__":"cc.Vec2","x":323,"y":-244},{"__type__":"cc.Vec2","x":307,"y":-299},{"__type__":"cc.Vec2","x":111,"y":-387}]}],"_prefab":{"__type__":"cc.PrefabInfo","root":{"__id__":1},"asset":{"__uuid__":"0d0V1c4tRAjrDSARMDYA1U"},"fileId":"daIKvvdL9AbYurIvn6AIJ1"},"_contentSize":{"__type__":"cc.Size","width":1604,"height":904},"groupIndex":6}]