{"__type__":"sp.SkeletonData","_name":"Fish_22","skeletonJsonStr":"{\n\"skeleton\": { \"hash\": \"jwrt5qPEOiTe0vi/teFELz86wKQ\", \"spine\": \"3.7.94\", \"width\": 215.99, \"height\": 129.48 },\n\"bones\": [\n\t{ \"name\": \"root\" },\n\t{ \"name\": \"All\", \"parent\": \"root\", \"rotation\": -90, \"scaleX\": 0.558, \"scaleY\": 0.558 },\n\t{ \"name\": \"than\", \"parent\": \"All\", \"x\": -14.3, \"y\": 89.43 },\n\t{ \"name\": \"than2\", \"parent\": \"than\", \"length\": 60.02, \"rotation\": 90.65 },\n\t{ \"name\": \"than3\", \"parent\": \"than\", \"length\": 51.83, \"rotation\": -90, \"y\": -1.36 },\n\t{ \"name\": \"than4\", \"parent\": \"than3\", \"length\": 51.84, \"rotation\": 0.75, \"x\": 51.83 },\n\t{ \"name\": \"than5\", \"parent\": \"than4\", \"length\": 48.43, \"rotation\": -1.56, \"x\": 51.84 },\n\t{ \"name\": \"than6\", \"parent\": \"than5\", \"length\": 44.35, \"rotation\": 2.57, \"x\": 48.43 },\n\t{ \"name\": \"than7\", \"parent\": \"than6\", \"length\": 34.1, \"rotation\": -1.76, \"x\": 44.35 },\n\t{ \"name\": \"than8\", \"parent\": \"than7\", \"length\": 21.32, \"rotation\": -0.66, \"x\": 33.84, \"y\": 0.05 },\n\t{ \"name\": \"than9\", \"parent\": \"than8\", \"length\": 18.14, \"rotation\": -1.66, \"x\": 21.32 },\n\t{ \"name\": \"than10\", \"parent\": \"than9\", \"length\": 15.68, \"rotation\": 3.22, \"x\": 18.14 },\n\t{ \"name\": \"than11\", \"parent\": \"than10\", \"length\": 16.19, \"rotation\": -3.5, \"x\": 15.68 },\n\t{ \"name\": \"than12\", \"parent\": \"than6\", \"length\": 14.04, \"rotation\": -59.57, \"x\": 41.05, \"y\": -23.82 },\n\t{ \"name\": \"than13\", \"parent\": \"than6\", \"length\": 14.53, \"rotation\": 56.23, \"x\": 42.88, \"y\": 21.24 },\n\t{ \"name\": \"than14\", \"parent\": \"than7\", \"length\": 14.3, \"rotation\": -30.51, \"x\": 33.3, \"y\": -10.93 },\n\t{ \"name\": \"than15\", \"parent\": \"than7\", \"length\": 12.83, \"rotation\": 30.96, \"x\": 35.5, \"y\": 10.41 },\n\t{ \"name\": \"than16\", \"parent\": \"All\", \"x\": 40.11, \"y\": -19.04, \"scaleX\": 0.403, \"scaleY\": 0.403 },\n\t{ \"name\": \"than17\", \"parent\": \"than16\", \"length\": 60.02, \"rotation\": 90.65 },\n\t{ \"name\": \"than18\", \"parent\": \"than16\", \"length\": 51.83, \"rotation\": -90, \"y\": -1.36 },\n\t{ \"name\": \"than19\", \"parent\": \"than18\", \"length\": 51.84, \"rotation\": 0.75, \"x\": 51.83 },\n\t{ \"name\": \"than20\", \"parent\": \"than19\", \"length\": 48.43, \"rotation\": -1.56, \"x\": 51.84 },\n\t{ \"name\": \"than21\", \"parent\": \"than20\", \"length\": 44.35, \"rotation\": 2.57, \"x\": 48.43 },\n\t{ \"name\": \"than22\", \"parent\": \"than21\", \"length\": 34.1, \"rotation\": -1.76, \"x\": 44.35 },\n\t{ \"name\": \"than23\", \"parent\": \"than22\", \"length\": 21.32, \"rotation\": -0.66, \"x\": 33.84, \"y\": 0.05 },\n\t{ \"name\": \"than24\", \"parent\": \"than23\", \"length\": 18.14, \"rotation\": -1.66, \"x\": 21.32 },\n\t{ \"name\": \"than25\", \"parent\": \"than24\", \"length\": 15.68, \"rotation\": 3.22, \"x\": 18.14 },\n\t{ \"name\": \"than26\", \"parent\": \"than25\", \"length\": 16.19, \"rotation\": -3.5, \"x\": 15.68 },\n\t{ \"name\": \"than27\", \"parent\": \"than22\", \"length\": 14.3, \"rotation\": -30.51, \"x\": 33.3, \"y\": -10.93 },\n\t{ \"name\": \"than28\", \"parent\": \"than22\", \"length\": 12.83, \"rotation\": 30.96, \"x\": 35.5, \"y\": 10.41 },\n\t{ \"name\": \"than29\", \"parent\": \"than21\", \"length\": 14.04, \"rotation\": -59.57, \"x\": 41.05, \"y\": -23.82 },\n\t{ \"name\": \"than30\", \"parent\": \"than21\", \"length\": 14.53, \"rotation\": 56.23, \"x\": 42.88, \"y\": 21.24 },\n\t{ \"name\": \"vay\", \"parent\": \"than3\", \"length\": 26.44, \"rotation\": 49.09, \"x\": 30.63, \"y\": 58.44 },\n\t{ \"name\": \"vay1\", \"parent\": \"than3\", \"length\": 29.05, \"rotation\": -51.2, \"x\": 32.4, \"y\": -59.21 },\n\t{ \"name\": \"vay2\", \"parent\": \"vay1\", \"length\": 23.93, \"rotation\": 10.72, \"x\": 29.05 },\n\t{ \"name\": \"vay3\", \"parent\": \"vay2\", \"length\": 26.44, \"rotation\": 11.34, \"x\": 23.93 },\n\t{ \"name\": \"vay4\", \"parent\": \"vay\", \"length\": 30.53, \"rotation\": -8.21, \"x\": 26.44 },\n\t{ \"name\": \"vay5\", \"parent\": \"vay4\", \"length\": 23.4, \"rotation\": -7.48, \"x\": 30.53 },\n\t{ \"name\": \"vay6\", \"parent\": \"than4\", \"length\": 17.39, \"rotation\": -8.64, \"x\": 17.93, \"y\": -2.15 },\n\t{ \"name\": \"vay7\", \"parent\": \"vay6\", \"length\": 15.41, \"rotation\": 11.83, \"x\": 17.39 },\n\t{ \"name\": \"vay8\", \"parent\": \"vay7\", \"length\": 17.47, \"rotation\": 5.66, \"x\": 15.41 },\n\t{ \"name\": \"vay12\", \"parent\": \"than18\", \"length\": 29.05, \"rotation\": -51.2, \"x\": 32.4, \"y\": -59.21 },\n\t{ \"name\": \"vay13\", \"parent\": \"vay12\", \"length\": 23.93, \"rotation\": 10.72, \"x\": 29.05 },\n\t{ \"name\": \"vay14\", \"parent\": \"vay13\", \"length\": 26.44, \"rotation\": 11.34, \"x\": 23.93 },\n\t{ \"name\": \"vay15\", \"parent\": \"than18\", \"length\": 26.44, \"rotation\": 49.09, \"x\": 30.63, \"y\": 58.44 },\n\t{ \"name\": \"vay16\", \"parent\": \"vay15\", \"length\": 30.53, \"rotation\": -8.21, \"x\": 26.44 },\n\t{ \"name\": \"vay17\", \"parent\": \"vay16\", \"length\": 23.4, \"rotation\": -7.48, \"x\": 30.53 }\n],\n\"slots\": [\n\t{ \"name\": \"bong\", \"bone\": \"than16\", \"attachment\": \"22_x180/bong\" },\n\t{ \"name\": \"vay\", \"bone\": \"vay\", \"attachment\": \"22_x180/vay\" },\n\t{ \"name\": \"vay5\", \"bone\": \"vay15\" },\n\t{ \"name\": \"vay1\", \"bone\": \"vay1\", \"attachment\": \"22_x180/vay1\" },\n\t{ \"name\": \"vay4\", \"bone\": \"vay12\" },\n\t{ \"name\": \"than\", \"bone\": \"than\", \"attachment\": \"22_x180/than\" },\n\t{ \"name\": \"than2\", \"bone\": \"than16\" },\n\t{ \"name\": \"vay2\", \"bone\": \"vay6\", \"attachment\": \"22_x180/vay2\" }\n],\n\"skins\": {\n\t\"default\": {\n\t\t\"bong\": {\n\t\t\t\"22_x180/bong\": {\n\t\t\t\t\"type\": \"mesh\",\n\t\t\t\t\"color\": \"ffffff4a\",\n\t\t\t\t\"uvs\": [ 0.45916, 0, 0.55647, 0, 0.63726, 0.03103, 0.71621, 0.07482, 0.76578, 0.10401, 0.81352, 0.1478, 0.81168, 0.19383, 0.80067, 0.24885, 0.83188, 0.29264, 0.88513, 0.3252, 0.93654, 0.35889, 0.97142, 0.39482, 1, 0.44534, 1, 0.49699, 0.95857, 0.50822, 0.8888, 0.48689, 0.80985, 0.45994, 0.78965, 0.51383, 0.76027, 0.56997, 0.71804, 0.61264, 0.67311, 0.66244, 0.65426, 0.69491, 0.70223, 0.72739, 0.69538, 0.76091, 0.64912, 0.76301, 0.59088, 0.76091, 0.61829, 0.79653, 0.64056, 0.83844, 0.61829, 0.86882, 0.58574, 0.87825, 0.56175, 0.92644, 0.55319, 0.96834, 0.53263, 1, 0.44698, 1, 0.44184, 0.94006, 0.4367, 0.88977, 0.38016, 0.8751, 0.36646, 0.83006, 0.40243, 0.78606, 0.42984, 0.75882, 0.3459, 0.76196, 0.29793, 0.75149, 0.3202, 0.70644, 0.35275, 0.68444, 0.31678, 0.64463, 0.27224, 0.5912, 0.22427, 0.53463, 0.202, 0.4833, 0.19343, 0.44872, 0.11121, 0.47492, 0.05125, 0.49796, 0, 0.5252, 0, 0.47072, 0, 0.42672, 0.06666, 0.35339, 0.10949, 0.32196, 0.19343, 0.27587, 0.19686, 0.23501, 0.20371, 0.17425, 0.20714, 0.1313, 0.27395, 0.09358, 0.34248, 0.05063, 0.40757, 0.0213, 0.05296, 0.45606, 0.09407, 0.4173, 0.16774, 0.3733, 0.26881, 0.34815, 0.3202, 0.17215, 0.45383, 0.07892, 0.62685, 0.11768, 0.70737, 0.18158, 0.50522, 0.17006, 0.50179, 0.27377, 0.50693, 0.35863, 0.5155, 0.45815, 0.49975, 0.56766, 0.50932, 0.671, 0.50454, 0.76265, 0.5141, 0.84064, 0.49497, 0.92254, 0.4312, 0.83772, 0.58265, 0.83479, 0.64802, 0.73632, 0.57787, 0.71585, 0.36424, 0.72462, 0.43598, 0.7061, 0.41207, 0.62615, 0.597, 0.62323, 0.34351, 0.52838, 0.64961, 0.52643, 0.66556, 0.43283, 0.34511, 0.43673, 0.38656, 0.31487, 0.64164, 0.31222, 0.78034, 0.37364, 0.89354, 0.41166, 0.94615, 0.46138, 0.31322, 0.24787, 0.6544, 0.23617, 0.42482, 0.22447, 0.42004, 0.13868, 0.62411, 0.16988 ],\n\t\t\t\t\"triangles\": [ 15, 96, 14, 14, 96, 13, 96, 12, 13, 15, 95, 96, 15, 16, 95, 96, 11, 12, 96, 95, 11, 94, 95, 16, 95, 10, 11, 90, 94, 16, 95, 94, 9, 95, 9, 10, 9, 94, 8, 90, 93, 94, 94, 93, 7, 7, 93, 98, 94, 7, 8, 7, 98, 70, 7, 70, 6, 6, 70, 5, 50, 51, 63, 50, 63, 49, 63, 51, 52, 63, 64, 49, 49, 64, 48, 52, 53, 63, 63, 53, 64, 64, 65, 48, 53, 54, 64, 48, 65, 66, 64, 55, 65, 64, 54, 55, 65, 55, 56, 48, 66, 91, 91, 66, 92, 65, 56, 66, 66, 97, 92, 66, 56, 97, 56, 57, 97, 57, 58, 97, 97, 58, 67, 97, 67, 99, 101, 72, 71, 67, 58, 59, 67, 59, 60, 98, 101, 70, 67, 100, 99, 99, 100, 71, 101, 69, 70, 70, 4, 5, 70, 3, 4, 70, 69, 3, 67, 61, 100, 67, 60, 61, 100, 68, 71, 69, 71, 68, 101, 71, 69, 1, 68, 0, 1, 69, 68, 100, 61, 68, 68, 61, 62, 69, 2, 3, 69, 1, 2, 68, 62, 0, 92, 72, 73, 73, 72, 93, 93, 72, 98, 101, 98, 72, 92, 99, 72, 92, 97, 99, 72, 99, 71, 88, 91, 74, 89, 74, 90, 47, 48, 91, 91, 73, 74, 74, 73, 90, 91, 92, 73, 73, 93, 90, 86, 44, 88, 44, 45, 88, 86, 88, 75, 87, 89, 19, 87, 75, 89, 19, 89, 18, 45, 46, 88, 18, 89, 17, 75, 74, 89, 75, 88, 74, 88, 46, 91, 91, 46, 47, 89, 90, 17, 17, 90, 16, 83, 76, 87, 85, 86, 76, 86, 75, 76, 76, 75, 87, 80, 77, 78, 78, 77, 81, 80, 39, 77, 81, 77, 25, 39, 85, 77, 77, 83, 25, 77, 76, 83, 77, 85, 76, 25, 82, 24, 24, 82, 23, 23, 82, 22, 25, 83, 82, 82, 21, 22, 82, 83, 21, 83, 87, 21, 21, 87, 20, 20, 87, 19, 40, 84, 39, 40, 41, 84, 39, 84, 85, 41, 42, 84, 42, 43, 84, 84, 43, 85, 43, 86, 85, 43, 44, 86, 78, 81, 29, 29, 81, 28, 28, 81, 27, 81, 26, 27, 81, 25, 26, 36, 80, 35, 35, 80, 78, 36, 37, 80, 37, 38, 80, 38, 39, 80, 31, 79, 30, 34, 35, 79, 29, 30, 78, 30, 79, 78, 79, 35, 78, 31, 32, 79, 32, 33, 79, 33, 34, 79 ],\n\t\t\t\t\"vertices\": [ 3, 18, 85.1, 9.55, 0.99679, 41, -112.36, -62.04, 0.00321, 43, -177.83, 0.31, 0, 3, 18, 84.83, -14.19, 0.99043, 42, -165.9, -16.6, 0, 44, -110.78, 58.78, 0.00957, 3, 18, 72.23, -33.76, 0.93451, 42, -169.28, 6.43, 0, 44, -87.78, 62.34, 0.06549, 3, 18, 54.54, -52.83, 0.78638, 42, -168.5, 32.42, 0, 44, -61.78, 61.75, 0.21362, 4, 19, -44.85, 64.3, 1.2E-4, 18, 42.75, -64.79, 0.6634, 42, -167.5, 49.19, 0, 44, -45.01, 60.87, 0.33649, 4, 19, -27.38, 75.95, 0.00433, 18, 25.15, -76.24, 0.51379, 42, -161.77, 69.39, 0, 44, -24.76, 55.3, 0.48188, 4, 19, -9.01, 75.5, 0.01666, 18, 6.79, -75.58, 0.36654, 42, -147.51, 80.97, 0, 44, -13.07, 41.12, 0.61679, 4, 19, 12.94, 72.81, 0.01266, 18, -15.13, -72.64, 0.11844, 42, -129.07, 93.18, 0, 44, -0.73, 22.77, 0.86889, 4, 18, -32.69, -80.06, 0.00501, 42, -120.72, 110.32, 0, 44, 16.47, 14.56, 0.94262, 45, -11.94, 12.98, 0.05237, 3, 42, -119.28, 128.64, 0, 44, 34.8, 13.25, 0.14292, 45, 6.38, 14.31, 0.85708, 3, 42, -117.2, 146.9, 0, 45, 24.75, 15, 0.85831, 46, -7.68, 14.12, 0.14169, 3, 42, -111.82, 162.68, 0, 45, 41.16, 12.05, 0.06818, 46, 8.97, 13.33, 0.93182, 2, 42, -101.02, 181.08, 0, 46, 29.64, 8.06, 1, 2, 42, -85.34, 194.46, 0, 46, 46.85, -3.28, 1, 5, 31, 34.03, 113.09, 1.5E-4, 21, 11.21, 110.83, 0.00116, 20, 66.06, 110.48, 6.8E-4, 43, -60.08, 205.5, 0, 46, 45.02, -14.18, 0.99801, 8, 31, 15.08, 111.28, 0.00321, 22, -41.25, 95.63, 1.0E-5, 21, 2.93, 93.68, 0.02068, 20, 57.32, 93.57, 0.01675, 43, -59.22, 186.48, 0, 44, 77.73, -34.92, 6.3E-4, 45, 55.75, -27.23, 0.03277, 46, 28.55, -23.71, 0.92596, 8, 31, -6.96, 110.19, 0.02903, 22, -52.59, 76.71, 0.00272, 21, -7.55, 74.27, 0.16761, 20, 46.32, 74.45, 0.12918, 43, -59.23, 164.42, 0, 44, 56.13, -39.41, 0.03811, 45, 35.01, -34.76, 0.25486, 46, 8.97, -33.88, 0.37849, 8, 31, 0.26, 89.34, 0.10292, 22, -31.24, 71.12, 0.02801, 21, 14.03, 69.65, 0.43171, 20, 67.75, 69.24, 0.14611, 43, -38.05, 170.59, 0, 44, 66.49, -58.88, 0.0205, 45, 48.05, -52.56, 0.14936, 46, 24.21, -49.83, 0.1214, 8, 31, 6.06, 66.55, 0.20475, 22, -9.07, 63.26, 0.09304, 21, 36.52, 62.79, 0.50842, 20, 90.06, 61.78, 0.06491, 43, -14.99, 175.24, 0, 44, 75.74, -80.51, 0.0031, 45, 60.3, -72.64, 0.0738, 46, 38.97, -68.14, 0.05197, 7, 31, 6.34, 46.65, 0.34369, 22, 7.62, 52.44, 0.18458, 21, 53.69, 52.73, 0.39804, 20, 106.95, 51.25, 0.01749, 43, 4.89, 174.54, 0, 45, 66.43, -91.57, 0.03372, 46, 47.52, -86.11, 0.02247, 7, 31, 7.57, 23.99, 0.64822, 22, 27.15, 40.87, 0.19932, 21, 73.71, 42.05, 0.13885, 20, 126.67, 40.02, 3.7E-4, 43, 27.59, 174.64, 0, 45, 74.28, -112.86, 0.00807, 46, 58.07, -106.2, 0.00518, 6, 31, 10.54, 10.56, 0.93456, 22, 39.96, 35.88, 0.0396, 21, 86.74, 37.63, 0.02367, 43, 41.14, 176.93, 0, 45, 81.07, -124.82, 0.00132, 46, 66.36, -117.17, 8.4E-4, 3, 29, -4.99, 46.17, 0.00127, 31, 27.33, 5.78, 0.99873, 43, 46.76, 193.47, 0, 5, 29, 5.62, 37.85, 0.01821, 31, 33.01, -6.45, 0.97271, 23, 20.84, 45.76, 0.00908, 21, 112.93, 48.03, 0, 42, 43.01, 206.3, 0, 4, 29, 0.53, 27.75, 0.06851, 31, 23.88, -13.14, 0.87043, 23, 21.68, 34.47, 0.06106, 42, 50.97, 198.26, 0, 4, 29, -7.5, 15.99, 0.34544, 31, 11.38, -19.96, 0.34563, 23, 20.84, 20.26, 0.30893, 42, 59.56, 186.9, 0, 4, 29, 8.13, 14.41, 0.94646, 31, 24.59, -28.47, 0.03529, 23, 35.05, 26.95, 0.01825, 42, 66.03, 201.22, 0, 6, 26, -20.99, 33.65, 0.00253, 25, -4.7, 32.42, 0.09907, 29, 25.26, 10.47, 0.8984, 21, 144.04, 35.09, 0, 42, 75.22, 216.21, 0, 43, 92.79, 201.9, 0, 5, 26, -8.95, 28.02, 0.04306, 25, 7.63, 27.48, 0.3118, 29, 32.86, -0.43, 0.64514, 21, 156.24, 29.83, 0, 43, 106.02, 203.06, 0, 6, 26, -5.32, 20.02, 0.15719, 25, 11.71, 19.69, 0.47318, 24, 33.6, 19.35, 0.00225, 29, 32, -9.17, 0.36737, 21, 160.11, 21.94, 0, 43, 113.17, 197.96, 0, 6, 27, -2.71, 13.73, 0.29877, 26, 13.82, 13.87, 0.63426, 25, 31.16, 14.63, 0.04873, 29, 45.48, -24.08, 0.01824, 21, 179.42, 16.36, 0, 43, 132.82, 202.21, 0, 4, 27, 14.09, 12.4, 0.97963, 26, 30.5, 11.52, 0.02037, 21, 196.17, 14.51, 0, 43, 148.44, 208.53, 0, 3, 27, 26.94, 7.97, 1, 21, 208.87, 9.67, 0, 43, 161.91, 210.3, 0, 2, 27, 27.89, -12.91, 1, 42, 154.91, 222.13, 0, 5, 27, 4.05, -15.25, 0.62748, 26, 18.79, -15.47, 0.35196, 25, 37.78, -14.39, 0.0122, 28, 53.48, 25.51, 0.00836, 42, 137.54, 205.65, 0, 5, 27, -15.94, -17.41, 0.00728, 26, -1.29, -16.41, 0.28979, 25, 17.78, -16.46, 0.44727, 28, 36.83, 14.24, 0.25566, 42, 123.09, 191.67, 0, 4, 26, -7.35, -30.11, 0.04917, 25, 12.49, -30.48, 0.30921, 28, 38.79, -0.61, 0.64162, 42, 127.59, 177.38, 0, 4, 26, -25.38, -33.17, 0.00248, 25, -5.33, -34.54, 0.08046, 28, 25, -12.62, 0.91706, 42, 116.1, 163.17, 0, 5, 28, 5.42, -13.97, 0.94469, 30, 19.34, 27.33, 0.04748, 23, 30.87, -25.72, 0.00782, 21, 123.96, -23.3, 0, 43, 102.83, 140.98, 0, 5, 28, -7.34, -13.73, 0.41159, 30, 7.89, 21.7, 0.30566, 23, 20, -19.03, 0.28275, 21, 113, -16.76, 0, 43, 90.08, 141.53, 0, 5, 28, 4.14, -30.74, 0.03545, 30, 25.89, 11.85, 0.93953, 23, 21.26, -39.52, 0.02502, 21, 114.54, -37.22, 0, 43, 101.15, 124.25, 0, 5, 28, 6.48, -42.94, 0.00356, 30, 33.57, 2.07, 0.99644, 21, 110.53, -48.99, 0, 42, 103.11, 130.1, 0, 43, 103.2, 111.99, 0, 5, 30, 19.4, -10.24, 0.99368, 22, 42.05, -45.74, 0.00307, 21, 92.48, -43.8, 0.00304, 42, 85.91, 122.56, 1.2E-4, 43, 84.86, 107.98, 8.0E-5, 6, 30, 8, -13.44, 0.86464, 22, 33.52, -37.53, 0.08967, 21, 83.59, -35.99, 0.0425, 20, 134.42, -38.25, 2.8E-4, 42, 74.08, 122.9, 0.00174, 43, 73.32, 110.65, 0.00118, 7, 30, 6.96, -31.56, 0.51187, 22, 17.37, -45.81, 0.22856, 21, 67.83, -44.99, 0.23206, 20, 118.42, -46.82, 0.00864, 41, 75.87, 116.65, 4.9E-4, 42, 67.69, 105.91, 0.01073, 43, 63.73, 95.24, 0.00766, 7, 30, 4.8, -55.39, 0.26245, 22, -4.27, -56.02, 0.13366, 21, 46.67, -56.16, 0.46958, 20, 96.96, -57.41, 0.0595, 41, 70.98, 93.23, 0.00896, 42, 58.54, 83.81, 0.03726, 43, 50.4, 75.37, 0.02858, 7, 30, 2.68, -80.73, 0.12705, 22, -27.19, -67.02, 0.03627, 21, 24.27, -68.18, 0.47549, 20, 74.24, -68.81, 0.1564, 41, 65.96, 68.3, 0.03782, 42, 48.97, 60.25, 0.08971, 43, 36.39, 54.15, 0.07725, 7, 30, -3.63, -100.95, 0.06232, 22, -47.83, -71.83, 0.00692, 21, 3.86, -73.9, 0.32367, 20, 53.68, -73.98, 0.20391, 41, 57.37, 48.94, 0.07916, 42, 36.92, 42.82, 0.15752, 43, 21.15, 39.43, 0.16651, 7, 30, -9.22, -113.74, 0.02309, 22, -61.68, -73.49, 5.4E-4, 21, -9.9, -76.18, 0.1431, 20, 39.86, -75.88, 0.1446, 41, 50.35, 36.88, 0.09089, 42, 27.78, 32.27, 0.22106, 43, 10.12, 30.89, 0.37671, 6, 30, 13.33, -115.59, 0.00173, 21, 0.83, -96.1, 0.01184, 20, 50.05, -96.08, 0.01274, 41, 72.54, 32.45, 0.00325, 42, 48.76, 23.8, 0.01528, 43, 29.02, 18.45, 0.95516, 4, 30, 30.61, -115.6, 2.0E-5, 21, 10.23, -110.6, 1.9E-4, 20, 59.05, -110.83, 1.6E-4, 43, 44.18, 10.15, 0.99962, 1, 43, 59.76, 4.53, 1, 1, 43, 40.77, -6.06, 1, 1, 43, 25.44, -14.61, 1, 2, 42, 18.94, -15.95, 0.83425, 43, -8.04, -14.66, 0.16575, 2, 41, 34.63, -15.38, 0.28421, 42, 2.61, -16.14, 0.71579, 3, 18, -24.23, 75.63, 0.04226, 41, 7.14, -16.88, 0.95774, 43, -50.12, -2.71, 0, 4, 19, 7.42, -74.52, 0.01175, 18, -7.94, 74.61, 0.20141, 41, -3.73, -29.06, 0.78684, 43, -64.76, -9.92, 0, 4, 19, -16.82, -72.85, 0.00922, 18, 16.29, 72.66, 0.47952, 41, -20.22, -46.91, 0.51126, 43, -86.75, -20.27, 0, 4, 19, -33.96, -72.01, 2.1E-4, 18, 33.41, 71.63, 0.60893, 41, -31.61, -59.74, 0.39085, 43, -102.12, -27.88, 0, 3, 18, 48.28, 55.16, 0.75878, 41, -53.74, -61.25, 0.24122, 43, -123.21, -20.97, 0, 3, 18, 65.22, 38.25, 0.90965, 41, -77.51, -64.13, 0.09035, 43, -146.32, -14.72, 0, 3, 18, 76.75, 22.23, 0.97844, 41, -97.23, -63.3, 0.02156, 43, -164.28, -6.55, 0, 4, 30, 21.35, -129.53, 7.0E-5, 21, -6.49, -110.41, 4.9E-4, 20, 42.34, -110.2, 4.9E-4, 43, 29.37, 2.38, 0.99895, 6, 30, 4.62, -137.27, 4.9E-4, 21, -22.1, -100.6, 0.00339, 20, 27.01, -99.96, 0.00414, 41, 61.39, 11.91, 0.00141, 42, 33.99, 5.69, 0.01615, 43, 10.98, 3.6, 0.97443, 6, 30, -19.95, -142.55, 0.00156, 21, -39.91, -82.88, 0.01187, 20, 9.69, -81.76, 0.02579, 41, 36.38, 9.49, 0.09347, 42, 8.97, 7.96, 0.82387, 43, -13.11, 10.75, 0.04344, 7, 30, -46.16, -137.9, 0.00167, 21, -50.28, -58.36, 0.01499, 20, -0.02, -56.97, 0.11861, 19, 52.56, -56.96, 0.03921, 41, 10.88, 17.13, 0.75901, 42, -14.68, 20.21, 0.05991, 43, -33.89, 27.4, 0.00659, 4, 19, -17.66, -44.42, 0.05218, 18, 16.8, 44.23, 0.59391, 41, -42.9, -29.75, 0.35391, 43, -101.32, 4.15, 0, 3, 18, 53.63, 11.21, 0.98141, 41, -91.62, -38.31, 0.01859, 43, -149.7, 14.51, 0, 4, 19, -39.4, 30.4, 0.00459, 18, 37.68, -30.83, 0.84074, 42, -141.34, 26.95, 0, 44, -67.05, 34.55, 0.15467, 4, 19, -13.9, 50.05, 0.06598, 18, 11.97, -50.19, 0.47195, 42, -134.7, 58.44, 0, 44, -35.51, 28.15, 0.46207, 3, 18, 17.12, -0.92, 0.99816, 42, -106.17, 17.94, 0, 44, -75.79, -0.68, 0.00184, 4, 19, 22.89, -0.11, 0.99813, 41, -52.03, 29.61, 0.0012, 42, -74.16, 44.17, 0, 44, -49.32, -32.5, 6.7E-4, 6, 31, -91.06, 105.29, 0, 20, 4.93, 1.08, 0.981, 19, 56.74, 1.14, 0.0159, 44, -26.2, -57.27, 0.00283, 45, -43.92, -64.2, 2.6E-4, 46, -65.45, -73.35, 1.0E-5, 5, 31, -68.24, 72.73, 7.4E-4, 20, 44.66, 2.64, 0.99394, 44, 1.39, -85.91, 0.00198, 45, -12.52, -88.6, 0.0025, 46, -31.15, -93.46, 8.4E-4, 6, 30, -47.18, -33.76, 0.00112, 21, 36.5, -0.78, 0.99864, 20, 88.3, -1.77, 6.0E-5, 41, 21.83, 120.69, 1.0E-5, 42, 15.35, 119.93, 1.0E-4, 43, 15.16, 119.28, 7.0E-5, 4, 31, -24.51, -0.09, 0.01446, 22, 29.33, 0.82, 0.98553, 45, 50.71, -145.32, 1.0E-5, 46, 38.93, -141.45, 1.0E-5, 5, 28, -15.28, 2.75, 0.01938, 30, -6.71, 32.7, 0.00244, 23, 21.53, -0.81, 0.97818, 21, 114.27, 1.48, 0, 43, 82.54, 158.19, 0, 5, 25, -2.57, 1.62, 0.22807, 24, 18.79, 1.7, 0.71854, 29, 10.14, -16.44, 0.05339, 21, 145.36, 4.26, 0, 43, 108.58, 175.38, 0, 5, 27, -3.52, -2.62, 0.1055, 26, 12.01, -2.4, 0.88785, 25, 30.27, -1.72, 0.00282, 28, 40.87, 33.13, 0.00383, 42, 123.8, 210.97, 0, 5, 26, -22.07, -17.43, 0.0053, 25, -2.92, -18.64, 0.14841, 24, 17.86, -18.54, 0.03501, 28, 19.61, 2.54, 0.81128, 42, 108.16, 177.17, 0, 6, 26, -22.66, 19.54, 0.00314, 25, -5.58, 18.24, 0.09445, 24, 16.27, 18.39, 0.00368, 29, 16.74, -0.9, 0.89872, 21, 142.79, 20.95, 0, 43, 98.4, 188.86, 0, 4, 29, -8.74, 32.99, 0.03041, 31, 18.01, -4.25, 0.93599, 23, 11.03, 34.2, 0.03359, 42, 43.05, 191.14, 0, 5, 29, -24.55, 22.52, 0.03182, 31, -0.84, -6.4, 0.7346, 23, 2.86, 17.09, 0.21744, 22, 47.73, 16.99, 0.01614, 42, 47.94, 172.82, 0, 3, 28, -10.97, -34.44, 0.00627, 30, 14.17, 1.62, 0.98681, 23, 6.36, -35.04, 0.00692, 4, 28, -26.22, -23.12, 0.01841, 30, -4.58, 4.69, 0.7082, 23, -1.03, -17.54, 0.14457, 22, 42.78, -17.5, 0.12882, 7, 30, -16.64, -25.41, 0.31849, 22, 10.72, -22.35, 0.46995, 21, 60.14, -21.84, 0.19997, 20, 111.35, -23.47, 0.0025, 41, 53.13, 125.48, 7.0E-5, 42, 46.99, 118.81, 0.00533, 43, 45.97, 111.96, 0.00369, 7, 31, -16.46, 27.41, 0.31069, 22, 10.94, 22.79, 0.45346, 21, 58.33, 23.26, 0.22243, 20, 110.78, 21.66, 1.2E-4, 43, 22.97, 150.8, 0, 45, 50.3, -116.67, 0.00815, 46, 34.79, -113.1, 0.00516, 7, 30, -23.27, -67.33, 0.11053, 22, -28.79, -37.87, 0.04072, 21, 21.36, -39.12, 0.58713, 20, 72.12, -39.69, 0.14669, 41, 41.72, 84.59, 0.02559, 42, 28.18, 80.76, 0.05145, 43, 20.04, 78.35, 0.0379, 8, 31, -26.05, 66.97, 0.10307, 22, -27.27, 36.81, 0.04308, 21, 19.53, 35.55, 0.62629, 20, 72.33, 35.01, 0.1134, 43, -17.02, 143.2, 0, 44, 43.96, -85.06, 0.01023, 45, 29.49, -81.69, 0.06455, 46, 9.61, -81.13, 0.03938, 9, 31, -42.54, 100.7, 0.01983, 22, -64.48, 41.85, 2.2E-4, 21, -17.86, 38.91, 0.18968, 20, 35.04, 39.39, 0.45543, 19, 86.35, 39.84, 0.00362, 43, -51.53, 128.41, 0, 44, 22.44, -54.29, 0.13539, 45, 3.8, -54.31, 0.14615, 46, -19.43, -57.33, 0.04968, 7, 30, -43.08, -98.07, 0.02032, 21, -15.21, -39.24, 0.20156, 20, 35.57, -38.82, 0.4782, 19, 87.91, -38.34, 0.00406, 41, 18.51, 56.34, 0.15875, 42, 0.12, 57.31, 0.09102, 43, -12.09, 60.88, 0.0461, 7, 30, -77.55, -133.83, 5.0E-5, 21, -63.97, -29.82, 3.9E-4, 20, -12.92, -28.06, 0.13084, 19, 39.28, -28.23, 0.48805, 18, -40.32, 28.69, 8.1E-4, 41, -19.84, 24.78, 0.37861, 42, -43.43, 33.44, 0.00124, 8, 31, -73, 138.42, 8.0E-5, 21, -65.9, 32.4, 8.1E-4, 20, -13.16, 34.19, 0.12482, 19, 38.22, 34.01, 0.363, 18, -39.97, -33.56, 0.00151, 42, -84.65, 80.09, 0, 44, -13.49, -21.75, 0.50404, 45, -36.41, -27.23, 0.00574, 8, 31, -31.31, 135.57, 0.00384, 21, -41.87, 66.59, 0.03086, 20, 11.79, 67.7, 0.09861, 19, 62.73, 67.85, 0.00385, 43, -85.8, 141.36, 0, 44, 28.14, -18.1, 0.35015, 45, 4.27, -17.67, 0.48266, 46, -23.74, -20.94, 0.03002, 7, 31, 0.15, 137.35, 0.00131, 21, -27.09, 94.42, 0.00875, 20, 27.32, 95.12, 0.00924, 43, -86, 172.87, 0, 44, 58.94, -11.48, 2.6E-4, 45, 33.81, -6.72, 0.19118, 46, 4.12, -6.23, 0.78926, 5, 31, 21.55, 127.33, 4.2E-4, 21, -7.44, 107.53, 0.00288, 20, 47.33, 107.7, 0.00219, 43, -74.93, 193.75, 0, 46, 27.75, -6.43, 0.99451, 5, 20, -39.88, -45.6, 1.9E-4, 19, 12.55, -46.12, 0.20109, 18, -13.39, 46.28, 0.16693, 41, -22.64, -7.27, 0.63179, 43, -74.11, 17.38, 0, 5, 20, -43.46, 37.7, 1.4E-4, 19, 7.88, 37.12, 0.32073, 18, -9.67, -37.01, 0.20221, 42, -109.74, 62.75, 0, 44, -31.01, 3.22, 0.47692, 4, 19, 3.21, -18.89, 0.55084, 18, -4.36, 18.95, 0.28737, 41, -49.71, 2.51, 0.1618, 43, -95.53, 36.61, 0, 4, 19, -31.02, -20.06, 0.00151, 18, 29.88, 19.72, 0.9107, 41, -70.25, -24.9, 0.0878, 43, -124.85, 18.92, 0, 4, 19, -18.57, 29.73, 0.0839, 18, 16.87, -29.92, 0.68571, 42, -125.06, 39.96, 0, 44, -53.92, 18.37, 0.2304 ],\n\t\t\t\t\"hull\": 63\n\t\t\t}\n\t\t},\n\t\t\"than\": {\n\t\t\t\"22_x180/than\": {\n\t\t\t\t\"type\": \"mesh\",\n\t\t\t\t\"uvs\": [ 0.44977, 0, 0.5873, 0, 0.707, 0.02614, 0.81905, 0.06731, 0.92092, 0.10664, 1, 0.13042, 1, 0.17982, 0.98714, 0.23745, 1, 0.28318, 1, 0.3399, 1, 0.38838, 1, 0.44254, 0.95658, 0.50017, 0.90819, 0.55505, 0.84452, 0.60628, 0.76557, 0.66116, 0.7019, 0.69501, 0.77321, 0.71604, 0.79868, 0.75904, 0.70445, 0.75538, 0.6255, 0.75172, 0.58221, 0.77916, 0.65352, 0.80752, 0.70954, 0.84136, 0.68917, 0.87795, 0.60258, 0.87246, 0.59239, 0.92157, 0.56947, 0.96456, 0.5491, 1, 0.44213, 1, 0.41667, 0.94261, 0.39629, 0.89413, 0.38865, 0.86485, 0.3148, 0.86943, 0.28933, 0.8365, 0.35554, 0.80174, 0.40648, 0.78161, 0.37592, 0.74686, 0.27914, 0.756, 0.18237, 0.76423, 0.17727, 0.73862, 0.24858, 0.70752, 0.29188, 0.69289, 0.24349, 0.65929, 0.15435, 0.59892, 0.0754, 0.53946, 0.03211, 0.48458, 0, 0.42969, 0, 0.37573, 0, 0.32725, 0, 0.26962, 0.01683, 0.21932, 0, 0.16626, 0, 0.11961, 0.08304, 0.10315, 0.16963, 0.06473, 0.29442, 0.02997, 0.08814, 0.15529, 0.90819, 0.16261, 0.50835, 0.094, 0.50835, 0.21657, 0.5058, 0.34281, 0.49816, 0.46904, 0.5058, 0.58324, 0.49307, 0.68478, 0.5058, 0.7854, 0.5058, 0.86681, 0.49816, 0.94731, 0.59749, 0.83845, 0.40903, 0.83114, 0.28933, 0.73188, 0.36064, 0.71268, 0.70954, 0.73097, 0.63569, 0.7145 ],\n\t\t\t\t\"triangles\": [ 71, 42, 64, 70, 41, 42, 70, 42, 71, 40, 41, 70, 37, 71, 64, 70, 39, 40, 37, 38, 70, 37, 70, 71, 38, 39, 70, 73, 64, 16, 72, 16, 17, 73, 16, 72, 20, 64, 73, 17, 18, 72, 20, 73, 72, 19, 20, 72, 18, 19, 72, 68, 21, 22, 68, 22, 23, 24, 25, 68, 66, 68, 25, 23, 24, 68, 35, 36, 69, 34, 35, 69, 69, 33, 34, 32, 69, 66, 32, 33, 69, 28, 67, 27, 29, 67, 28, 67, 30, 66, 67, 66, 26, 27, 67, 26, 29, 30, 67, 31, 32, 66, 26, 66, 25, 30, 31, 66, 21, 64, 20, 65, 36, 64, 21, 65, 64, 69, 36, 65, 68, 65, 21, 68, 66, 65, 69, 65, 66, 64, 43, 63, 64, 63, 15, 42, 43, 64, 16, 64, 15, 36, 37, 64, 63, 62, 13, 45, 62, 63, 44, 45, 63, 14, 63, 13, 43, 44, 63, 15, 63, 14, 62, 47, 48, 62, 61, 10, 61, 62, 48, 11, 62, 10, 46, 47, 62, 12, 62, 11, 45, 46, 62, 13, 62, 12, 60, 58, 7, 61, 49, 50, 61, 7, 8, 61, 51, 60, 61, 60, 7, 9, 61, 8, 61, 50, 51, 48, 49, 61, 61, 9, 10, 59, 0, 1, 57, 54, 55, 53, 54, 57, 58, 3, 4, 58, 4, 5, 52, 53, 57, 58, 5, 6, 59, 56, 0, 51, 52, 57, 60, 57, 55, 56, 60, 55, 59, 60, 56, 7, 58, 6, 60, 59, 2, 59, 1, 2, 60, 2, 3, 58, 60, 3, 51, 57, 60 ],\n\t\t\t\t\"vertices\": [ 1, 3, 82.83, 5.6, 1, 2, 3, 82.61, -13.52, 0.99996, 4, -84.12, 12.58, 4.0E-5, 2, 3, 72.31, -30.04, 0.98824, 4, -74.01, 29.21, 0.01176, 2, 3, 56.2, -45.43, 0.91882, 4, -58.08, 44.79, 0.08118, 3, 3, 40.82, -59.42, 0.779, 4, -42.85, 58.95, 0.21814, 5, -93.9, 60.19, 0.00286, 3, 3, 31.49, -70.3, 0.69332, 4, -33.65, 69.94, 0.29794, 5, -84.55, 71.06, 0.00874, 3, 3, 12.37, -70.09, 0.54895, 4, -14.53, 69.94, 0.4189, 5, -65.44, 70.81, 0.03215, 3, 3, -9.91, -68.05, 0.28569, 4, 7.77, 68.15, 0.59342, 5, -43.16, 68.73, 0.12089, 4, 3, -27.62, -69.63, 0.12126, 4, 25.47, 69.94, 0.6227, 5, -25.44, 70.28, 0.2542, 6, -79.16, 68.15, 0.00184, 5, 3, -49.57, -69.38, 0.02711, 4, 47.42, 69.94, 0.48573, 5, -3.5, 69.99, 0.46351, 6, -57.22, 68.46, 0.02343, 14, -37.66, 149.67, 2.1E-4, 5, 3, -68.33, -69.17, 0.00289, 4, 66.18, 69.94, 0.29972, 5, 15.26, 69.75, 0.61234, 6, -38.46, 68.72, 0.08296, 14, -27.71, 133.76, 0.00209, 4, 4, 87.14, 69.94, 0.13964, 5, 36.23, 69.47, 0.64215, 6, -17.5, 69.02, 0.20964, 14, -16.6, 115.98, 0.00857, 5, 4, 109.44, 63.91, 0.04267, 5, 58.45, 63.14, 0.49487, 6, 4.89, 63.3, 0.42837, 7, -40.66, 65.19, 0.00631, 14, -9.9, 93.87, 0.02779, 5, 4, 130.68, 57.18, 0.0059, 5, 79.6, 56.14, 0.24947, 6, 26.22, 56.87, 0.61685, 7, -19.64, 57.81, 0.05542, 14, -4.35, 72.29, 0.07237, 4, 5, 99.3, 47.03, 0.07356, 6, 46.17, 48.3, 0.56549, 7, -0.09, 48.36, 0.19824, 14, -1.35, 50.79, 0.16271, 4, 5, 120.39, 35.77, 0.00544, 6, 67.56, 37.63, 0.22985, 7, 20.8, 36.73, 0.38121, 14, 0.61, 26.97, 0.3835, 3, 6, 80.78, 28.96, 0.03698, 7, 33.62, 27.48, 0.19934, 14, 0.04, 11.17, 0.76367, 3, 6, 88.78, 38.99, 0.00103, 7, 42.06, 37.14, 3.9E-4, 14, 12.76, 9.52, 0.99858, 3, 7, 58.8, 40.17, 0, 16, -3.58, 37.35, 1.0E-5, 14, 24.58, -2.72, 0.99999, 3, 8, 11.79, 27.5, 0.04955, 16, -11.53, 26.85, 6.6E-4, 14, 12.73, -8.46, 0.94978, 4, 7, 55.23, 16.19, 0.00473, 8, 10.38, 16.52, 0.43863, 16, -18.39, 18.17, 0.01515, 14, 2.67, -13.07, 0.54149, 3, 8, 21, 10.5, 0.72636, 16, -12.38, 7.54, 0.22335, 14, 3.19, -25.27, 0.05029, 3, 8, 31.97, 20.42, 0.0388, 16, 2.13, 10.4, 0.9604, 14, 17.42, -29.32, 8.0E-4, 1, 16, 17.36, 10.34, 1, 3, 9, 25.1, 25.62, 0.00281, 10, 3.04, 25.71, 0.04502, 16, 28.05, 0.62, 0.95217, 4, 9, 23.11, 13.56, 0.15154, 10, 1.4, 13.6, 0.35612, 11, -15.95, 14.52, 0.0036, 16, 20.04, -8.61, 0.48874, 3, 10, 20.45, 12.96, 0.34273, 11, 3.02, 12.81, 0.64433, 16, 35.6, -19.6, 0.01294, 2, 11, 19.61, 9.36, 0.27326, 12, 3.35, 9.58, 0.72674, 1, 12, 17.18, 7.38, 1, 1, 12, 17.86, -7.47, 1, 4, 10, 29.57, -11.12, 0.06521, 11, 10.78, -11.74, 0.77513, 12, -4.17, -12.02, 0.15834, 15, 44.7, 24.51, 0.00132, 4, 9, 31.82, -15.02, 0.01875, 10, 10.94, -14.71, 0.73789, 11, -8.02, -14.28, 0.11096, 15, 29.97, 12.55, 0.1324, 4, 9, 20.51, -16.21, 0.14445, 10, -0.34, -16.23, 0.23371, 11, -19.36, -15.17, 0.00119, 15, 20.75, 5.88, 0.62065, 3, 10, 1.85, -26.41, 0.02029, 11, -17.75, -25.46, 0, 15, 27.49, -2.06, 0.97971, 2, 11, -30.55, -28.8, 0, 15, 18.3, -11.58, 1, 4, 8, 29.73, -21, 0.05434, 11, -43.86, -19.39, 0, 15, 2.04, -10.48, 0.94073, 13, 14.75, 28.88, 0.00493, 4, 8, 21.95, -13.92, 0.46939, 11, -51.53, -12.18, 0, 15, -8.26, -8.34, 0.47251, 13, 4.6, 26.06, 0.0581, 4, 7, 52.28, -18.42, 0.03116, 8, 8.49, -18.17, 0.35091, 15, -17.69, -18.83, 0.05076, 13, 1.03, 12.42, 0.56717, 3, 8, 12.03, -31.62, 0.01172, 15, -7.81, -28.62, 0.00137, 13, 14.3, 8.25, 0.98692, 1, 13, 27.38, 3.77, 1, 1, 13, 22.7, -4.99, 1, 3, 6, 86.51, -33.97, 0.00549, 7, 36.52, -35.65, 0.01484, 13, 7.9, -9.89, 0.97966, 4, 5, 131.8, -30.23, 1.9E-4, 6, 80.76, -28.04, 0.0464, 7, 31.05, -29.46, 0.19342, 13, -0.21, -11.48, 0.76, 4, 5, 118.72, -36.78, 0.00779, 6, 67.86, -34.94, 0.26187, 7, 17.84, -35.78, 0.35827, 13, -1.45, -26.07, 0.37207, 4, 5, 95.19, -48.86, 0.09708, 6, 44.67, -47.66, 0.6529, 7, -5.89, -47.45, 0.12871, 13, -3.41, -52.44, 0.12131, 5, 4, 124.65, -58.58, 0.00775, 5, 72.04, -59.53, 0.31601, 6, 21.82, -58.96, 0.62139, 7, -29.23, -57.71, 0.01464, 13, -6.38, -77.76, 0.04021, 6, 3, -104.03, 65.78, 0.00328, 4, 103.41, -64.6, 0.04635, 5, 50.72, -65.27, 0.52405, 6, 0.66, -65.28, 0.41313, 7, -50.64, -63.07, 6.0E-5, 13, -12.61, -98.94, 0.01313, 5, 3, -82.74, 70, 0.02193, 4, 82.17, -69.06, 0.13853, 5, 29.42, -69.45, 0.61938, 6, -20.51, -70.04, 0.21711, 13, -20.15, -119.29, 0.00306, 5, 3, -61.86, 69.77, 0.07572, 4, 61.28, -69.06, 0.2853, 5, 8.54, -69.18, 0.54757, 6, -41.4, -70.33, 0.09113, 13, -31.28, -136.97, 2.9E-4, 4, 3, -43.1, 69.55, 0.18325, 4, 42.52, -69.06, 0.41567, 5, -10.22, -68.93, 0.3719, 6, -60.16, -70.6, 0.02918, 4, 3, -20.8, 69.3, 0.40012, 4, 20.22, -69.06, 0.42701, 5, -32.52, -68.64, 0.16935, 6, -82.46, -70.91, 0.00352, 4, 3, -1.36, 66.74, 0.65964, 4, 0.75, -66.72, 0.28252, 5, -51.95, -66.04, 0.05783, 6, -101.95, -68.84, 1.0E-5, 3, 3, 19.2, 68.85, 0.8804, 4, -19.78, -69.06, 0.11006, 5, -72.51, -68.11, 0.00955, 3, 3, 37.25, 68.64, 0.95275, 4, -37.83, -69.06, 0.04659, 5, -90.57, -67.87, 6.6E-4, 2, 3, 43.49, 57.03, 0.97628, 4, -44.21, -57.52, 0.02372, 2, 3, 58.22, 44.82, 0.99923, 4, -59.07, -45.48, 7.7E-4, 1, 3, 71.48, 27.32, 1, 3, 3, 23.31, 56.55, 0.9122, 4, -24.03, -56.81, 0.08257, 5, -76.6, -55.81, 0.00523, 3, 3, 19.18, -57.4, 0.62905, 4, -21.2, 57.18, 0.35295, 5, -72.27, 58.14, 0.018, 2, 3, 46.36, -2.13, 0.99941, 4, -47.75, 1.6, 5.9E-4, 3, 3, -1.07, -1.59, 0.18922, 4, -0.31, 1.6, 0.81067, 5, -52.12, 2.29, 1.1E-4, 2, 4, 48.54, 1.25, 0.9456, 5, -3.27, 1.29, 0.0544, 2, 5, 45.56, -0.41, 0.99999, 13, -70.63, -69.51, 1.0E-5, 2, 6, 37.92, 1.1, 0.9988, 14, -46, 33.4, 0.0012, 3, 6, 77.23, -0.12, 6.0E-5, 7, 28.77, -1.41, 0.98236, 13, -25.55, 0.76, 0.01758, 4, 8, 23.41, -0.12, 0.99084, 15, -14.01, 4.3, 0.00679, 16, -15.78, -2.81, 0.00173, 13, -6.3, 34.66, 6.3E-4, 3, 9, 21.08, 0.08, 0.52501, 10, -0.24, 0.07, 0.47298, 16, 11.24, -19.01, 0.00201, 3, 10, 30.93, 0.27, 4.1E-4, 11, 12.78, -0.44, 0.89743, 12, -2.87, -0.62, 0.10216, 3, 9, 9.96, 12.7, 0.11239, 10, -11.72, 12.36, 0.01037, 16, 8.39, -2.44, 0.87725, 3, 9, 7.43, -13.53, 0.08184, 10, -13.49, -13.93, 9.6E-4, 15, 8.07, 1.7, 0.91719, 3, 8, 2.7, -30.21, 0.00432, 15, -16.57, -32.14, 5.0E-4, 13, 8.13, 1.1, 0.99518, 5, 6, 88.29, -18.37, 0.00237, 7, 38.99, -20.14, 0.14328, 8, -4.73, -20.29, 0.02124, 15, -28.01, -27.37, 4.9E-4, 13, -4.22, 0.09, 0.83261, 3, 8, 2.35, 28.2, 7.7E-4, 16, -19.27, 32.32, 1.0E-5, 14, 8.32, -0.07, 0.99922, 4, 6, 88.45, 19.87, 8.9E-4, 7, 40.88, 18.05, 0.13191, 8, -4.03, 17.94, 0.02758, 14, -3.76, -0.11, 0.83962 ],\n\t\t\t\t\"hull\": 57\n\t\t\t}\n\t\t},\n\t\t\"vay\": {\n\t\t\t\"22_x180/vay\": {\n\t\t\t\t\"type\": \"mesh\",\n\t\t\t\t\"uvs\": [ 0, 0.05596, 0.12165, 0, 0.36079, 0.06503, 0.55742, 0.22608, 0.71419, 0.40074, 0.84439, 0.55498, 0.93474, 0.67974, 1, 0.82264, 1, 1, 0.91082, 1, 0.76468, 0.92698, 0.61588, 0.85213, 0.48568, 0.80449, 0.36611, 0.77501, 0.24919, 0.8181, 0.10305, 0.81357, 0.04459, 0.70242, 0.01802, 0.54137, 0, 0.33722, 0, 0.15803, 0.80453, 0.79088, 0.61322, 0.66159, 0.40065, 0.52776, 0.21996, 0.29186, 0.21199, 0.56859 ],\n\t\t\t\t\"triangles\": [ 22, 24, 23, 23, 24, 18, 24, 17, 18, 22, 23, 3, 18, 19, 23, 23, 0, 1, 23, 2, 3, 23, 1, 2, 23, 19, 0, 12, 21, 11, 13, 14, 24, 24, 14, 15, 21, 12, 22, 20, 21, 5, 15, 16, 24, 12, 13, 22, 13, 24, 22, 16, 17, 24, 21, 4, 5, 21, 22, 4, 22, 3, 4, 8, 20, 7, 10, 20, 9, 8, 9, 20, 10, 11, 20, 11, 21, 20, 20, 6, 7, 20, 5, 6 ],\n\t\t\t\t\"vertices\": [ 1, 32, -16.1, -0.51, 1, 1, 32, -12.67, 8.53, 1, 1, 32, 3.47, 15.47, 1, 2, 36, -5.95, 13.79, 0.19823, 32, 22.52, 14.5, 0.80177, 2, 36, 12.06, 12.72, 0.99023, 32, 40.19, 10.87, 0.00977, 2, 37, -4.4, 10.85, 0.24626, 36, 27.59, 11.34, 0.75374, 2, 37, 7.62, 10.51, 0.95479, 36, 39.46, 9.42, 0.04521, 1, 37, 19.92, 7.87, 1, 1, 37, 32.07, -0.13, 1, 1, 37, 28.63, -5.34, 1, 2, 37, 18, -10.59, 0.9723, 36, 47, -12.85, 0.0277, 3, 37, 7.14, -15.91, 0.60695, 36, 35.54, -16.71, 0.39282, 32, 59.23, -21.61, 2.3E-4, 3, 37, -1.13, -21.37, 0.20166, 36, 26.63, -21.04, 0.77789, 32, 49.79, -24.63, 0.02045, 3, 37, -7.76, -27.03, 0.04019, 36, 19.32, -25.79, 0.85322, 32, 41.88, -28.28, 0.10659, 3, 37, -9.31, -35.81, 0.0038, 36, 16.64, -34.29, 0.80143, 32, 38.01, -36.31, 0.19478, 2, 36, 9.66, -41.78, 0.75048, 32, 30.03, -42.73, 0.24952, 2, 36, 0.09, -38.91, 0.6721, 32, 20.97, -38.53, 0.3279, 2, 36, -11.11, -31.68, 0.4307, 32, 10.92, -29.76, 0.5693, 2, 36, -24.59, -21.68, 0.08947, 32, -1, -17.94, 0.91053, 2, 36, -35.71, -12.06, 0.00159, 32, -10.62, -6.84, 0.99841, 2, 37, 10.22, -2.12, 0.98702, 36, 40.39, -3.43, 0.01298, 3, 37, -6, -7.47, 0.09556, 36, 23.61, -6.62, 0.90427, 32, 48.86, -9.93, 1.7E-4, 3, 37, -23.35, -13.85, 1.1E-4, 36, 5.57, -10.69, 0.83097, 32, 30.43, -11.38, 0.16892, 2, 36, -17.33, -7.6, 0.02251, 32, 8.2, -5.04, 0.97749, 2, 36, -0.54, -22.87, 0.58258, 32, 22.64, -22.56, 0.41742 ],\n\t\t\t\t\"hull\": 20\n\t\t\t}\n\t\t},\n\t\t\"vay1\": {\n\t\t\t\"22_x180/vay1\": {\n\t\t\t\t\"type\": \"mesh\",\n\t\t\t\t\"uvs\": [ 0.83437, 0, 1, 0.05762, 1, 0.22262, 0.96401, 0.4, 0.94044, 0.55675, 0.96637, 0.68462, 0.8603, 0.78569, 0.65758, 0.77331, 0.44308, 0.82281, 0.25451, 0.91769, 0.10837, 1, 0, 1, 0, 0.89294, 0.02587, 0.72587, 0.15315, 0.55675, 0.30873, 0.37937, 0.49965, 0.21231, 0.69058, 0.05969, 0.1508, 0.83106, 0.31344, 0.6805, 0.5303, 0.54025, 0.76365, 0.26594, 0.75658, 0.58769 ],\n\t\t\t\t\"triangles\": [ 5, 22, 4, 5, 6, 22, 3, 4, 22, 22, 20, 21, 3, 22, 21, 20, 16, 21, 3, 21, 2, 16, 17, 21, 2, 21, 1, 21, 17, 0, 21, 0, 1, 7, 8, 20, 7, 22, 6, 8, 19, 20, 7, 20, 22, 14, 15, 19, 19, 15, 20, 15, 16, 20, 10, 18, 9, 10, 11, 18, 11, 12, 18, 8, 9, 19, 12, 13, 18, 9, 18, 19, 19, 18, 14, 18, 13, 14 ],\n\t\t\t\t\"vertices\": [ 1, 33, -10.32, -10.34, 1, 1, 33, -16.47, 0.51, 1, 2, 34, -34.59, 17.54, 0.00182, 33, -8.2, 10.8, 0.99818, 2, 34, -22.16, 24.84, 0.07463, 33, 2.66, 20.28, 0.92537, 2, 34, -11.55, 31.72, 0.27855, 33, 11.8, 29.02, 0.72145, 3, 35, -20.51, 44.65, 9.2E-4, 34, -4.95, 39.75, 0.40105, 33, 16.8, 38.13, 0.59803, 3, 35, -9.83, 42.1, 0.01176, 34, 6.02, 39.35, 0.47415, 33, 27.65, 39.78, 0.51409, 3, 35, -3.78, 29.23, 0.10309, 34, 14.48, 27.91, 0.60281, 33, 38.09, 30.12, 0.2941, 3, 35, 6.99, 18.04, 0.58029, 34, 27.24, 19.07, 0.38948, 33, 52.27, 23.8, 0.03024, 2, 35, 20.05, 10.21, 0.98765, 34, 41.58, 13.95, 0.01235, 1, 35, 30.78, 4.48, 1, 1, 35, 34.47, -2.14, 1, 1, 35, 26.99, -6.31, 1, 1, 35, 14.44, -11.24, 1, 2, 35, -1.72, -10.05, 0.45583, 34, 24.23, -10.19, 0.54417, 2, 34, 6.36, -11.12, 0.92413, 33, 37.37, -9.74, 0.07587, 2, 34, -12.48, -9.63, 0.0039, 33, 18.58, -11.79, 0.9961, 1, 33, 0.52, -12.93, 1, 2, 35, 17.53, 0.5, 0.99993, 34, 41.02, 3.93, 7.0E-5, 3, 35, 1.46, 4.57, 0.66312, 34, 24.47, 4.77, 0.33605, 33, 52.21, 9.24, 8.3E-4, 3, 35, -15.73, 12.37, 0.01637, 34, 6.08, 9.03, 0.79663, 33, 33.35, 10.01, 0.18701, 2, 34, -21.21, 7.21, 0.00246, 33, 6.87, 3.14, 0.99754, 3, 35, -20.13, 28.05, 0.00963, 34, -1.32, 23.54, 0.4007, 33, 23.38, 22.89, 0.58967 ],\n\t\t\t\t\"hull\": 18\n\t\t\t}\n\t\t},\n\t\t\"vay2\": {\n\t\t\t\"22_x180/vay2\": {\n\t\t\t\t\"type\": \"mesh\",\n\t\t\t\t\"uvs\": [ 0.33122, 0, 1, 0, 1, 0.21245, 1, 0.42886, 1, 0.65411, 1, 0.84403, 0.82589, 1, 0.33122, 1, 0.22522, 0.83961, 0, 0.68061, 0, 0.47303, 0, 0.28753, 0, 0.13736, 0.52556, 0.20361, 0.47256, 0.47745, 0.54322, 0.75128 ],\n\t\t\t\t\"triangles\": [ 7, 15, 6, 6, 15, 5, 7, 8, 15, 15, 4, 5, 8, 9, 15, 9, 14, 15, 15, 14, 4, 9, 10, 14, 14, 3, 4, 14, 13, 3, 14, 10, 11, 13, 14, 11, 13, 2, 3, 11, 12, 13, 13, 1, 2, 12, 0, 13, 13, 0, 1 ],\n\t\t\t\t\"vertices\": [ 1, 38, -6.42, -4.1, 1, 1, 38, -7.79, 5.84, 1, 2, 38, 4.84, 7.59, 0.99514, 39, -10.73, 10, 0.00486, 3, 38, 17.7, 9.37, 0.3361, 39, 2.22, 9.11, 0.66009, 40, -12.22, 10.36, 0.00381, 2, 39, 15.7, 8.18, 0.30927, 40, 1.1, 8.11, 0.69073, 1, 40, 12.34, 6.2, 1, 1, 40, 21.13, 2.07, 1, 1, 40, 19.89, -5.25, 1, 1, 40, 10.14, -5.21, 1, 2, 39, 16.26, -6.9, 0.48648, 40, 0.17, -6.95, 0.51352, 2, 38, 22.38, -5.13, 0.07954, 39, 3.83, -6.04, 0.92046, 1, 38, 11.35, -6.65, 1, 1, 38, 2.43, -7.89, 1, 1, 38, 5.29, 0.46, 1, 3, 38, 21.67, 1.93, 0.00564, 39, 4.59, 1.01, 0.99396, 40, -10.67, 2.07, 4.0E-4, 1, 40, 5.71, 0.38, 1 ],\n\t\t\t\t\"hull\": 13\n\t\t\t}\n\t\t}\n\t}\n},\n\"animations\": {\n\t\"animation\": {\n\t\t\"bones\": {\n\t\t\t\"than2\": {\n\t\t\t\t\"rotate\": [\n\t\t\t\t\t{\n\t\t\t\t\t\t\"time\": 0,\n\t\t\t\t\t\t\"angle\": 2.9,\n\t\t\t\t\t\t\"curve\": [ 0.25, 0, 0.75, 1 ]\n\t\t\t\t\t},\n\t\t\t\t\t{\n\t\t\t\t\t\t\"time\": 0.6667,\n\t\t\t\t\t\t\"angle\": -4.62,\n\t\t\t\t\t\t\"curve\": [ 0.25, 0, 0.75, 1 ]\n\t\t\t\t\t},\n\t\t\t\t\t{ \"time\": 1.3333, \"angle\": 2.9 }\n\t\t\t\t]\n\t\t\t},\n\t\t\t\"than3\": {\n\t\t\t\t\"rotate\": [\n\t\t\t\t\t{\n\t\t\t\t\t\t\"time\": 0,\n\t\t\t\t\t\t\"angle\": -3.09,\n\t\t\t\t\t\t\"curve\": [ 0.369, 0.63, 0.706, 1 ]\n\t\t\t\t\t},\n\t\t\t\t\t{\n\t\t\t\t\t\t\"time\": 0.1,\n\t\t\t\t\t\t\"angle\": -3.56,\n\t\t\t\t\t\t\"curve\": [ 0.25, 0, 0.75, 1 ]\n\t\t\t\t\t},\n\t\t\t\t\t{\n\t\t\t\t\t\t\"time\": 0.7667,\n\t\t\t\t\t\t\"angle\": 2.07,\n\t\t\t\t\t\t\"curve\": [ 0.244, 0, 0.694, 0.77 ]\n\t\t\t\t\t},\n\t\t\t\t\t{ \"time\": 1.3333, \"angle\": -3.09 }\n\t\t\t\t]\n\t\t\t},\n\t\t\t\"than4\": {\n\t\t\t\t\"rotate\": [\n\t\t\t\t\t{\n\t\t\t\t\t\t\"time\": 0,\n\t\t\t\t\t\t\"angle\": -2.2,\n\t\t\t\t\t\t\"curve\": [ 0.382, 0.58, 0.731, 1 ]\n\t\t\t\t\t},\n\t\t\t\t\t{\n\t\t\t\t\t\t\"time\": 0.2,\n\t\t\t\t\t\t\"angle\": -3.56,\n\t\t\t\t\t\t\"curve\": [ 0.25, 0, 0.75, 1 ]\n\t\t\t\t\t},\n\t\t\t\t\t{\n\t\t\t\t\t\t\"time\": 0.8667,\n\t\t\t\t\t\t\"angle\": 2.07,\n\t\t\t\t\t\t\"curve\": [ 0.243, 0, 0.655, 0.63 ]\n\t\t\t\t\t},\n\t\t\t\t\t{ \"time\": 1.3333, \"angle\": -2.2 }\n\t\t\t\t]\n\t\t\t},\n\t\t\t\"than5\": {\n\t\t\t\t\"rotate\": [\n\t\t\t\t\t{\n\t\t\t\t\t\t\"time\": 0,\n\t\t\t\t\t\t\"angle\": -1.12,\n\t\t\t\t\t\t\"curve\": [ 0.379, 0.52, 0.747, 1 ]\n\t\t\t\t\t},\n\t\t\t\t\t{\n\t\t\t\t\t\t\"time\": 0.3,\n\t\t\t\t\t\t\"angle\": -3.56,\n\t\t\t\t\t\t\"curve\": [ 0.25, 0, 0.75, 1 ]\n\t\t\t\t\t},\n\t\t\t\t\t{\n\t\t\t\t\t\t\"time\": 0.9667,\n\t\t\t\t\t\t\"angle\": 2.07,\n\t\t\t\t\t\t\"curve\": [ 0.247, 0, 0.63, 0.53 ]\n\t\t\t\t\t},\n\t\t\t\t\t{ \"time\": 1.3333, \"angle\": -1.12 }\n\t\t\t\t]\n\t\t\t},\n\t\t\t\"than6\": {\n\t\t\t\t\"rotate\": [\n\t\t\t\t\t{\n\t\t\t\t\t\t\"time\": 0,\n\t\t\t\t\t\t\"angle\": 8.5,\n\t\t\t\t\t\t\"curve\": [ 0.36, 0.64, 0.695, 1 ]\n\t\t\t\t\t},\n\t\t\t\t\t{\n\t\t\t\t\t\t\"time\": 0.0667,\n\t\t\t\t\t\t\"angle\": 9.3,\n\t\t\t\t\t\t\"curve\": [ 0.25, 0, 0.75, 1 ]\n\t\t\t\t\t},\n\t\t\t\t\t{\n\t\t\t\t\t\t\"time\": 0.7333,\n\t\t\t\t\t\t\"angle\": -9.59,\n\t\t\t\t\t\t\"curve\": [ 0.245, 0, 0.711, 0.83 ]\n\t\t\t\t\t},\n\t\t\t\t\t{ \"time\": 1.3333, \"angle\": 8.5 }\n\t\t\t\t]\n\t\t\t},\n\t\t\t\"than7\": {\n\t\t\t\t\"rotate\": [\n\t\t\t\t\t{\n\t\t\t\t\t\t\"time\": 0,\n\t\t\t\t\t\t\"angle\": 6.84,\n\t\t\t\t\t\t\"curve\": [ 0.375, 0.62, 0.716, 1 ]\n\t\t\t\t\t},\n\t\t\t\t\t{\n\t\t\t\t\t\t\"time\": 0.1333,\n\t\t\t\t\t\t\"angle\": 9.3,\n\t\t\t\t\t\t\"curve\": [ 0.25, 0, 0.75, 1 ]\n\t\t\t\t\t},\n\t\t\t\t\t{\n\t\t\t\t\t\t\"time\": 0.8,\n\t\t\t\t\t\t\"angle\": -9.59,\n\t\t\t\t\t\t\"curve\": [ 0.243, 0, 0.68, 0.71 ]\n\t\t\t\t\t},\n\t\t\t\t\t{ \"time\": 1.3333, \"angle\": 6.84 }\n\t\t\t\t]\n\t\t\t},\n\t\t\t\"than8\": {\n\t\t\t\t\"rotate\": [\n\t\t\t\t\t{\n\t\t\t\t\t\t\"time\": 0,\n\t\t\t\t\t\t\"angle\": 4.73,\n\t\t\t\t\t\t\"curve\": [ 0.382, 0.58, 0.731, 1 ]\n\t\t\t\t\t},\n\t\t\t\t\t{\n\t\t\t\t\t\t\"time\": 0.2,\n\t\t\t\t\t\t\"angle\": 9.3,\n\t\t\t\t\t\t\"curve\": [ 0.25, 0, 0.75, 1 ]\n\t\t\t\t\t},\n\t\t\t\t\t{\n\t\t\t\t\t\t\"time\": 0.8667,\n\t\t\t\t\t\t\"angle\": -9.59,\n\t\t\t\t\t\t\"curve\": [ 0.243, 0, 0.655, 0.63 ]\n\t\t\t\t\t},\n\t\t\t\t\t{ \"time\": 1.3333, \"angle\": 4.73 }\n\t\t\t\t]\n\t\t\t},\n\t\t\t\"than9\": {\n\t\t\t\t\"rotate\": [\n\t\t\t\t\t{\n\t\t\t\t\t\t\"time\": 0,\n\t\t\t\t\t\t\"angle\": 2.35,\n\t\t\t\t\t\t\"curve\": [ 0.381, 0.55, 0.742, 1 ]\n\t\t\t\t\t},\n\t\t\t\t\t{\n\t\t\t\t\t\t\"time\": 0.2667,\n\t\t\t\t\t\t\"angle\": 9.3,\n\t\t\t\t\t\t\"curve\": [ 0.25, 0, 0.75, 1 ]\n\t\t\t\t\t},\n\t\t\t\t\t{\n\t\t\t\t\t\t\"time\": 0.9333,\n\t\t\t\t\t\t\"angle\": -9.59,\n\t\t\t\t\t\t\"curve\": [ 0.245, 0, 0.637, 0.56 ]\n\t\t\t\t\t},\n\t\t\t\t\t{ \"time\": 1.3333, \"angle\": 2.35 }\n\t\t\t\t]\n\t\t\t},\n\t\t\t\"than10\": {\n\t\t\t\t\"rotate\": [\n\t\t\t\t\t{\n\t\t\t\t\t\t\"time\": 0,\n\t\t\t\t\t\t\"angle\": -0.14,\n\t\t\t\t\t\t\"curve\": [ 0.375, 0.5, 0.75, 1 ]\n\t\t\t\t\t},\n\t\t\t\t\t{\n\t\t\t\t\t\t\"time\": 0.3333,\n\t\t\t\t\t\t\"angle\": 9.3,\n\t\t\t\t\t\t\"curve\": [ 0.25, 0, 0.75, 1 ]\n\t\t\t\t\t},\n\t\t\t\t\t{\n\t\t\t\t\t\t\"time\": 1,\n\t\t\t\t\t\t\"angle\": -9.59,\n\t\t\t\t\t\t\"curve\": [ 0.25, 0, 0.625, 0.5 ]\n\t\t\t\t\t},\n\t\t\t\t\t{ \"time\": 1.3333, \"angle\": -0.14 }\n\t\t\t\t]\n\t\t\t},\n\t\t\t\"than11\": {\n\t\t\t\t\"rotate\": [\n\t\t\t\t\t{\n\t\t\t\t\t\t\"time\": 0,\n\t\t\t\t\t\t\"angle\": -2.64,\n\t\t\t\t\t\t\"curve\": [ 0.363, 0.44, 0.755, 1 ]\n\t\t\t\t\t},\n\t\t\t\t\t{\n\t\t\t\t\t\t\"time\": 0.4,\n\t\t\t\t\t\t\"angle\": 9.3,\n\t\t\t\t\t\t\"curve\": [ 0.25, 0, 0.75, 1 ]\n\t\t\t\t\t},\n\t\t\t\t\t{\n\t\t\t\t\t\t\"time\": 1.0667,\n\t\t\t\t\t\t\"angle\": -9.59,\n\t\t\t\t\t\t\"curve\": [ 0.258, 0, 0.619, 0.45 ]\n\t\t\t\t\t},\n\t\t\t\t\t{ \"time\": 1.3333, \"angle\": -2.64 }\n\t\t\t\t]\n\t\t\t},\n\t\t\t\"vay6\": {\n\t\t\t\t\"rotate\": [\n\t\t\t\t\t{\n\t\t\t\t\t\t\"time\": 0,\n\t\t\t\t\t\t\"angle\": 0.27,\n\t\t\t\t\t\t\"curve\": [ 0.36, 0.64, 0.695, 1 ]\n\t\t\t\t\t},\n\t\t\t\t\t{\n\t\t\t\t\t\t\"time\": 0.0667,\n\t\t\t\t\t\t\"angle\": 0,\n\t\t\t\t\t\t\"curve\": [ 0.25, 0, 0.75, 1 ]\n\t\t\t\t\t},\n\t\t\t\t\t{\n\t\t\t\t\t\t\"time\": 0.7333,\n\t\t\t\t\t\t\"angle\": 6.36,\n\t\t\t\t\t\t\"curve\": [ 0.245, 0, 0.711, 0.83 ]\n\t\t\t\t\t},\n\t\t\t\t\t{ \"time\": 1.3333, \"angle\": 0.27 }\n\t\t\t\t]\n\t\t\t},\n\t\t\t\"vay7\": {\n\t\t\t\t\"rotate\": [\n\t\t\t\t\t{\n\t\t\t\t\t\t\"time\": 0,\n\t\t\t\t\t\t\"angle\": 0.83,\n\t\t\t\t\t\t\"curve\": [ 0.375, 0.62, 0.716, 1 ]\n\t\t\t\t\t},\n\t\t\t\t\t{\n\t\t\t\t\t\t\"time\": 0.1333,\n\t\t\t\t\t\t\"angle\": 0,\n\t\t\t\t\t\t\"curve\": [ 0.25, 0, 0.75, 1 ]\n\t\t\t\t\t},\n\t\t\t\t\t{\n\t\t\t\t\t\t\"time\": 0.8,\n\t\t\t\t\t\t\"angle\": 6.36,\n\t\t\t\t\t\t\"curve\": [ 0.243, 0, 0.68, 0.71 ]\n\t\t\t\t\t},\n\t\t\t\t\t{ \"time\": 1.3333, \"angle\": 0.83 }\n\t\t\t\t]\n\t\t\t},\n\t\t\t\"vay8\": {\n\t\t\t\t\"rotate\": [\n\t\t\t\t\t{\n\t\t\t\t\t\t\"time\": 0,\n\t\t\t\t\t\t\"angle\": 1.54,\n\t\t\t\t\t\t\"curve\": [ 0.382, 0.58, 0.731, 1 ]\n\t\t\t\t\t},\n\t\t\t\t\t{\n\t\t\t\t\t\t\"time\": 0.2,\n\t\t\t\t\t\t\"angle\": 0,\n\t\t\t\t\t\t\"curve\": [ 0.25, 0, 0.75, 1 ]\n\t\t\t\t\t},\n\t\t\t\t\t{\n\t\t\t\t\t\t\"time\": 0.8667,\n\t\t\t\t\t\t\"angle\": 6.36,\n\t\t\t\t\t\t\"curve\": [ 0.243, 0, 0.655, 0.63 ]\n\t\t\t\t\t},\n\t\t\t\t\t{ \"time\": 1.3333, \"angle\": 1.54 }\n\t\t\t\t]\n\t\t\t},\n\t\t\t\"vay1\": {\n\t\t\t\t\"rotate\": [\n\t\t\t\t\t{\n\t\t\t\t\t\t\"time\": 0,\n\t\t\t\t\t\t\"angle\": 0.18,\n\t\t\t\t\t\t\"curve\": [ 0.36, 0.64, 0.695, 1 ]\n\t\t\t\t\t},\n\t\t\t\t\t{\n\t\t\t\t\t\t\"time\": 0.0667,\n\t\t\t\t\t\t\"angle\": 0,\n\t\t\t\t\t\t\"curve\": [ 0.25, 0, 0.75, 1 ]\n\t\t\t\t\t},\n\t\t\t\t\t{\n\t\t\t\t\t\t\"time\": 0.7333,\n\t\t\t\t\t\t\"angle\": 4.28,\n\t\t\t\t\t\t\"curve\": [ 0.245, 0, 0.711, 0.83 ]\n\t\t\t\t\t},\n\t\t\t\t\t{ \"time\": 1.3333, \"angle\": 0.18 }\n\t\t\t\t]\n\t\t\t},\n\t\t\t\"vay2\": {\n\t\t\t\t\"rotate\": [\n\t\t\t\t\t{\n\t\t\t\t\t\t\"time\": 0,\n\t\t\t\t\t\t\"angle\": 0.56,\n\t\t\t\t\t\t\"curve\": [ 0.375, 0.62, 0.716, 1 ]\n\t\t\t\t\t},\n\t\t\t\t\t{\n\t\t\t\t\t\t\"time\": 0.1333,\n\t\t\t\t\t\t\"angle\": 0,\n\t\t\t\t\t\t\"curve\": [ 0.25, 0, 0.75, 1 ]\n\t\t\t\t\t},\n\t\t\t\t\t{\n\t\t\t\t\t\t\"time\": 0.8,\n\t\t\t\t\t\t\"angle\": 4.28,\n\t\t\t\t\t\t\"curve\": [ 0.243, 0, 0.68, 0.71 ]\n\t\t\t\t\t},\n\t\t\t\t\t{ \"time\": 1.3333, \"angle\": 0.56 }\n\t\t\t\t]\n\t\t\t},\n\t\t\t\"vay3\": {\n\t\t\t\t\"rotate\": [\n\t\t\t\t\t{\n\t\t\t\t\t\t\"time\": 0,\n\t\t\t\t\t\t\"angle\": 1.04,\n\t\t\t\t\t\t\"curve\": [ 0.382, 0.58, 0.731, 1 ]\n\t\t\t\t\t},\n\t\t\t\t\t{\n\t\t\t\t\t\t\"time\": 0.2,\n\t\t\t\t\t\t\"angle\": 0,\n\t\t\t\t\t\t\"curve\": [ 0.25, 0, 0.75, 1 ]\n\t\t\t\t\t},\n\t\t\t\t\t{\n\t\t\t\t\t\t\"time\": 0.8667,\n\t\t\t\t\t\t\"angle\": 4.28,\n\t\t\t\t\t\t\"curve\": [ 0.243, 0, 0.655, 0.63 ]\n\t\t\t\t\t},\n\t\t\t\t\t{ \"time\": 1.3333, \"angle\": 1.04 }\n\t\t\t\t]\n\t\t\t},\n\t\t\t\"vay\": {\n\t\t\t\t\"rotate\": [\n\t\t\t\t\t{\n\t\t\t\t\t\t\"time\": 0,\n\t\t\t\t\t\t\"angle\": -0.24,\n\t\t\t\t\t\t\"curve\": [ 0.36, 0.64, 0.695, 1 ]\n\t\t\t\t\t},\n\t\t\t\t\t{\n\t\t\t\t\t\t\"time\": 0.0667,\n\t\t\t\t\t\t\"angle\": 0,\n\t\t\t\t\t\t\"curve\": [ 0.25, 0, 0.75, 1 ]\n\t\t\t\t\t},\n\t\t\t\t\t{\n\t\t\t\t\t\t\"time\": 0.7333,\n\t\t\t\t\t\t\"angle\": -5.6,\n\t\t\t\t\t\t\"curve\": [ 0.245, 0, 0.711, 0.83 ]\n\t\t\t\t\t},\n\t\t\t\t\t{ \"time\": 1.3333, \"angle\": -0.24 }\n\t\t\t\t]\n\t\t\t},\n\t\t\t\"vay4\": {\n\t\t\t\t\"rotate\": [\n\t\t\t\t\t{\n\t\t\t\t\t\t\"time\": 0,\n\t\t\t\t\t\t\"angle\": -0.73,\n\t\t\t\t\t\t\"curve\": [ 0.375, 0.62, 0.716, 1 ]\n\t\t\t\t\t},\n\t\t\t\t\t{\n\t\t\t\t\t\t\"time\": 0.1333,\n\t\t\t\t\t\t\"angle\": 0,\n\t\t\t\t\t\t\"curve\": [ 0.25, 0, 0.75, 1 ]\n\t\t\t\t\t},\n\t\t\t\t\t{\n\t\t\t\t\t\t\"time\": 0.8,\n\t\t\t\t\t\t\"angle\": -5.6,\n\t\t\t\t\t\t\"curve\": [ 0.243, 0, 0.68, 0.71 ]\n\t\t\t\t\t},\n\t\t\t\t\t{ \"time\": 1.3333, \"angle\": -0.73 }\n\t\t\t\t]\n\t\t\t},\n\t\t\t\"vay5\": {\n\t\t\t\t\"rotate\": [\n\t\t\t\t\t{\n\t\t\t\t\t\t\"time\": 0,\n\t\t\t\t\t\t\"angle\": -1.36,\n\t\t\t\t\t\t\"curve\": [ 0.382, 0.58, 0.731, 1 ]\n\t\t\t\t\t},\n\t\t\t\t\t{\n\t\t\t\t\t\t\"time\": 0.2,\n\t\t\t\t\t\t\"angle\": 0,\n\t\t\t\t\t\t\"curve\": [ 0.25, 0, 0.75, 1 ]\n\t\t\t\t\t},\n\t\t\t\t\t{\n\t\t\t\t\t\t\"time\": 0.8667,\n\t\t\t\t\t\t\"angle\": -5.6,\n\t\t\t\t\t\t\"curve\": [ 0.243, 0, 0.655, 0.63 ]\n\t\t\t\t\t},\n\t\t\t\t\t{ \"time\": 1.3333, \"angle\": -1.36 }\n\t\t\t\t]\n\t\t\t},\n\t\t\t\"than17\": {\n\t\t\t\t\"rotate\": [\n\t\t\t\t\t{\n\t\t\t\t\t\t\"time\": 0,\n\t\t\t\t\t\t\"angle\": 2.9,\n\t\t\t\t\t\t\"curve\": [ 0.25, 0, 0.75, 1 ]\n\t\t\t\t\t},\n\t\t\t\t\t{\n\t\t\t\t\t\t\"time\": 0.6667,\n\t\t\t\t\t\t\"angle\": -4.62,\n\t\t\t\t\t\t\"curve\": [ 0.25, 0, 0.75, 1 ]\n\t\t\t\t\t},\n\t\t\t\t\t{ \"time\": 1.3333, \"angle\": 2.9 }\n\t\t\t\t]\n\t\t\t},\n\t\t\t\"than26\": {\n\t\t\t\t\"rotate\": [\n\t\t\t\t\t{\n\t\t\t\t\t\t\"time\": 0,\n\t\t\t\t\t\t\"angle\": -2.64,\n\t\t\t\t\t\t\"curve\": [ 0.363, 0.44, 0.755, 1 ]\n\t\t\t\t\t},\n\t\t\t\t\t{\n\t\t\t\t\t\t\"time\": 0.4,\n\t\t\t\t\t\t\"angle\": 9.3,\n\t\t\t\t\t\t\"curve\": [ 0.25, 0, 0.75, 1 ]\n\t\t\t\t\t},\n\t\t\t\t\t{\n\t\t\t\t\t\t\"time\": 1.0667,\n\t\t\t\t\t\t\"angle\": -9.59,\n\t\t\t\t\t\t\"curve\": [ 0.258, 0, 0.619, 0.45 ]\n\t\t\t\t\t},\n\t\t\t\t\t{ \"time\": 1.3333, \"angle\": -2.64 }\n\t\t\t\t]\n\t\t\t},\n\t\t\t\"than25\": {\n\t\t\t\t\"rotate\": [\n\t\t\t\t\t{\n\t\t\t\t\t\t\"time\": 0,\n\t\t\t\t\t\t\"angle\": -0.14,\n\t\t\t\t\t\t\"curve\": [ 0.375, 0.5, 0.75, 1 ]\n\t\t\t\t\t},\n\t\t\t\t\t{\n\t\t\t\t\t\t\"time\": 0.3333,\n\t\t\t\t\t\t\"angle\": 9.3,\n\t\t\t\t\t\t\"curve\": [ 0.25, 0, 0.75, 1 ]\n\t\t\t\t\t},\n\t\t\t\t\t{\n\t\t\t\t\t\t\"time\": 1,\n\t\t\t\t\t\t\"angle\": -9.59,\n\t\t\t\t\t\t\"curve\": [ 0.25, 0, 0.625, 0.5 ]\n\t\t\t\t\t},\n\t\t\t\t\t{ \"time\": 1.3333, \"angle\": -0.14 }\n\t\t\t\t]\n\t\t\t},\n\t\t\t\"than24\": {\n\t\t\t\t\"rotate\": [\n\t\t\t\t\t{\n\t\t\t\t\t\t\"time\": 0,\n\t\t\t\t\t\t\"angle\": 2.35,\n\t\t\t\t\t\t\"curve\": [ 0.381, 0.55, 0.742, 1 ]\n\t\t\t\t\t},\n\t\t\t\t\t{\n\t\t\t\t\t\t\"time\": 0.2667,\n\t\t\t\t\t\t\"angle\": 9.3,\n\t\t\t\t\t\t\"curve\": [ 0.25, 0, 0.75, 1 ]\n\t\t\t\t\t},\n\t\t\t\t\t{\n\t\t\t\t\t\t\"time\": 0.9333,\n\t\t\t\t\t\t\"angle\": -9.59,\n\t\t\t\t\t\t\"curve\": [ 0.245, 0, 0.637, 0.56 ]\n\t\t\t\t\t},\n\t\t\t\t\t{ \"time\": 1.3333, \"angle\": 2.35 }\n\t\t\t\t]\n\t\t\t},\n\t\t\t\"than23\": {\n\t\t\t\t\"rotate\": [\n\t\t\t\t\t{\n\t\t\t\t\t\t\"time\": 0,\n\t\t\t\t\t\t\"angle\": 4.73,\n\t\t\t\t\t\t\"curve\": [ 0.382, 0.58, 0.731, 1 ]\n\t\t\t\t\t},\n\t\t\t\t\t{\n\t\t\t\t\t\t\"time\": 0.2,\n\t\t\t\t\t\t\"angle\": 9.3,\n\t\t\t\t\t\t\"curve\": [ 0.25, 0, 0.75, 1 ]\n\t\t\t\t\t},\n\t\t\t\t\t{\n\t\t\t\t\t\t\"time\": 0.8667,\n\t\t\t\t\t\t\"angle\": -9.59,\n\t\t\t\t\t\t\"curve\": [ 0.243, 0, 0.655, 0.63 ]\n\t\t\t\t\t},\n\t\t\t\t\t{ \"time\": 1.3333, \"angle\": 4.73 }\n\t\t\t\t]\n\t\t\t},\n\t\t\t\"than22\": {\n\t\t\t\t\"rotate\": [\n\t\t\t\t\t{\n\t\t\t\t\t\t\"time\": 0,\n\t\t\t\t\t\t\"angle\": 6.84,\n\t\t\t\t\t\t\"curve\": [ 0.375, 0.62, 0.716, 1 ]\n\t\t\t\t\t},\n\t\t\t\t\t{\n\t\t\t\t\t\t\"time\": 0.1333,\n\t\t\t\t\t\t\"angle\": 9.3,\n\t\t\t\t\t\t\"curve\": [ 0.25, 0, 0.75, 1 ]\n\t\t\t\t\t},\n\t\t\t\t\t{\n\t\t\t\t\t\t\"time\": 0.8,\n\t\t\t\t\t\t\"angle\": -9.59,\n\t\t\t\t\t\t\"curve\": [ 0.243, 0, 0.68, 0.71 ]\n\t\t\t\t\t},\n\t\t\t\t\t{ \"time\": 1.3333, \"angle\": 6.84 }\n\t\t\t\t]\n\t\t\t},\n\t\t\t\"than21\": {\n\t\t\t\t\"rotate\": [\n\t\t\t\t\t{\n\t\t\t\t\t\t\"time\": 0,\n\t\t\t\t\t\t\"angle\": 8.5,\n\t\t\t\t\t\t\"curve\": [ 0.36, 0.64, 0.695, 1 ]\n\t\t\t\t\t},\n\t\t\t\t\t{\n\t\t\t\t\t\t\"time\": 0.0667,\n\t\t\t\t\t\t\"angle\": 9.3,\n\t\t\t\t\t\t\"curve\": [ 0.25, 0, 0.75, 1 ]\n\t\t\t\t\t},\n\t\t\t\t\t{\n\t\t\t\t\t\t\"time\": 0.7333,\n\t\t\t\t\t\t\"angle\": -9.59,\n\t\t\t\t\t\t\"curve\": [ 0.245, 0, 0.711, 0.83 ]\n\t\t\t\t\t},\n\t\t\t\t\t{ \"time\": 1.3333, \"angle\": 8.5 }\n\t\t\t\t]\n\t\t\t},\n\t\t\t\"than20\": {\n\t\t\t\t\"rotate\": [\n\t\t\t\t\t{\n\t\t\t\t\t\t\"time\": 0,\n\t\t\t\t\t\t\"angle\": -1.12,\n\t\t\t\t\t\t\"curve\": [ 0.379, 0.52, 0.747, 1 ]\n\t\t\t\t\t},\n\t\t\t\t\t{\n\t\t\t\t\t\t\"time\": 0.3,\n\t\t\t\t\t\t\"angle\": -3.56,\n\t\t\t\t\t\t\"curve\": [ 0.25, 0, 0.75, 1 ]\n\t\t\t\t\t},\n\t\t\t\t\t{\n\t\t\t\t\t\t\"time\": 0.9667,\n\t\t\t\t\t\t\"angle\": 2.07,\n\t\t\t\t\t\t\"curve\": [ 0.247, 0, 0.63, 0.53 ]\n\t\t\t\t\t},\n\t\t\t\t\t{ \"time\": 1.3333, \"angle\": -1.12 }\n\t\t\t\t]\n\t\t\t},\n\t\t\t\"than19\": {\n\t\t\t\t\"rotate\": [\n\t\t\t\t\t{\n\t\t\t\t\t\t\"time\": 0,\n\t\t\t\t\t\t\"angle\": -2.2,\n\t\t\t\t\t\t\"curve\": [ 0.382, 0.58, 0.731, 1 ]\n\t\t\t\t\t},\n\t\t\t\t\t{\n\t\t\t\t\t\t\"time\": 0.2,\n\t\t\t\t\t\t\"angle\": -3.56,\n\t\t\t\t\t\t\"curve\": [ 0.25, 0, 0.75, 1 ]\n\t\t\t\t\t},\n\t\t\t\t\t{\n\t\t\t\t\t\t\"time\": 0.8667,\n\t\t\t\t\t\t\"angle\": 2.07,\n\t\t\t\t\t\t\"curve\": [ 0.243, 0, 0.655, 0.63 ]\n\t\t\t\t\t},\n\t\t\t\t\t{ \"time\": 1.3333, \"angle\": -2.2 }\n\t\t\t\t]\n\t\t\t},\n\t\t\t\"vay14\": {\n\t\t\t\t\"rotate\": [\n\t\t\t\t\t{\n\t\t\t\t\t\t\"time\": 0,\n\t\t\t\t\t\t\"angle\": 1.04,\n\t\t\t\t\t\t\"curve\": [ 0.382, 0.58, 0.731, 1 ]\n\t\t\t\t\t},\n\t\t\t\t\t{\n\t\t\t\t\t\t\"time\": 0.2,\n\t\t\t\t\t\t\"angle\": 0,\n\t\t\t\t\t\t\"curve\": [ 0.25, 0, 0.75, 1 ]\n\t\t\t\t\t},\n\t\t\t\t\t{\n\t\t\t\t\t\t\"time\": 0.8667,\n\t\t\t\t\t\t\"angle\": 4.28,\n\t\t\t\t\t\t\"curve\": [ 0.243, 0, 0.655, 0.63 ]\n\t\t\t\t\t},\n\t\t\t\t\t{ \"time\": 1.3333, \"angle\": 1.04 }\n\t\t\t\t]\n\t\t\t},\n\t\t\t\"vay13\": {\n\t\t\t\t\"rotate\": [\n\t\t\t\t\t{\n\t\t\t\t\t\t\"time\": 0,\n\t\t\t\t\t\t\"angle\": 0.56,\n\t\t\t\t\t\t\"curve\": [ 0.375, 0.62, 0.716, 1 ]\n\t\t\t\t\t},\n\t\t\t\t\t{\n\t\t\t\t\t\t\"time\": 0.1333,\n\t\t\t\t\t\t\"angle\": 0,\n\t\t\t\t\t\t\"curve\": [ 0.25, 0, 0.75, 1 ]\n\t\t\t\t\t},\n\t\t\t\t\t{\n\t\t\t\t\t\t\"time\": 0.8,\n\t\t\t\t\t\t\"angle\": 4.28,\n\t\t\t\t\t\t\"curve\": [ 0.243, 0, 0.68, 0.71 ]\n\t\t\t\t\t},\n\t\t\t\t\t{ \"time\": 1.3333, \"angle\": 0.56 }\n\t\t\t\t]\n\t\t\t},\n\t\t\t\"vay12\": {\n\t\t\t\t\"rotate\": [\n\t\t\t\t\t{\n\t\t\t\t\t\t\"time\": 0,\n\t\t\t\t\t\t\"angle\": 0.18,\n\t\t\t\t\t\t\"curve\": [ 0.36, 0.64, 0.695, 1 ]\n\t\t\t\t\t},\n\t\t\t\t\t{\n\t\t\t\t\t\t\"time\": 0.0667,\n\t\t\t\t\t\t\"angle\": 0,\n\t\t\t\t\t\t\"curve\": [ 0.25, 0, 0.75, 1 ]\n\t\t\t\t\t},\n\t\t\t\t\t{\n\t\t\t\t\t\t\"time\": 0.7333,\n\t\t\t\t\t\t\"angle\": 4.28,\n\t\t\t\t\t\t\"curve\": [ 0.245, 0, 0.711, 0.83 ]\n\t\t\t\t\t},\n\t\t\t\t\t{ \"time\": 1.3333, \"angle\": 0.18 }\n\t\t\t\t]\n\t\t\t},\n\t\t\t\"vay17\": {\n\t\t\t\t\"rotate\": [\n\t\t\t\t\t{\n\t\t\t\t\t\t\"time\": 0,\n\t\t\t\t\t\t\"angle\": -1.36,\n\t\t\t\t\t\t\"curve\": [ 0.382, 0.58, 0.731, 1 ]\n\t\t\t\t\t},\n\t\t\t\t\t{\n\t\t\t\t\t\t\"time\": 0.2,\n\t\t\t\t\t\t\"angle\": 0,\n\t\t\t\t\t\t\"curve\": [ 0.25, 0, 0.75, 1 ]\n\t\t\t\t\t},\n\t\t\t\t\t{\n\t\t\t\t\t\t\"time\": 0.8667,\n\t\t\t\t\t\t\"angle\": -5.6,\n\t\t\t\t\t\t\"curve\": [ 0.243, 0, 0.655, 0.63 ]\n\t\t\t\t\t},\n\t\t\t\t\t{ \"time\": 1.3333, \"angle\": -1.36 }\n\t\t\t\t]\n\t\t\t},\n\t\t\t\"vay16\": {\n\t\t\t\t\"rotate\": [\n\t\t\t\t\t{\n\t\t\t\t\t\t\"time\": 0,\n\t\t\t\t\t\t\"angle\": -0.73,\n\t\t\t\t\t\t\"curve\": [ 0.375, 0.62, 0.716, 1 ]\n\t\t\t\t\t},\n\t\t\t\t\t{\n\t\t\t\t\t\t\"time\": 0.1333,\n\t\t\t\t\t\t\"angle\": 0,\n\t\t\t\t\t\t\"curve\": [ 0.25, 0, 0.75, 1 ]\n\t\t\t\t\t},\n\t\t\t\t\t{\n\t\t\t\t\t\t\"time\": 0.8,\n\t\t\t\t\t\t\"angle\": -5.6,\n\t\t\t\t\t\t\"curve\": [ 0.243, 0, 0.68, 0.71 ]\n\t\t\t\t\t},\n\t\t\t\t\t{ \"time\": 1.3333, \"angle\": -0.73 }\n\t\t\t\t]\n\t\t\t},\n\t\t\t\"vay15\": {\n\t\t\t\t\"rotate\": [\n\t\t\t\t\t{\n\t\t\t\t\t\t\"time\": 0,\n\t\t\t\t\t\t\"angle\": -0.24,\n\t\t\t\t\t\t\"curve\": [ 0.36, 0.64, 0.695, 1 ]\n\t\t\t\t\t},\n\t\t\t\t\t{\n\t\t\t\t\t\t\"time\": 0.0667,\n\t\t\t\t\t\t\"angle\": 0,\n\t\t\t\t\t\t\"curve\": [ 0.25, 0, 0.75, 1 ]\n\t\t\t\t\t},\n\t\t\t\t\t{\n\t\t\t\t\t\t\"time\": 0.7333,\n\t\t\t\t\t\t\"angle\": -5.6,\n\t\t\t\t\t\t\"curve\": [ 0.245, 0, 0.711, 0.83 ]\n\t\t\t\t\t},\n\t\t\t\t\t{ \"time\": 1.3333, \"angle\": -0.24 }\n\t\t\t\t]\n\t\t\t},\n\t\t\t\"than18\": {\n\t\t\t\t\"rotate\": [\n\t\t\t\t\t{\n\t\t\t\t\t\t\"time\": 0,\n\t\t\t\t\t\t\"angle\": -3.09,\n\t\t\t\t\t\t\"curve\": [ 0.369, 0.63, 0.706, 1 ]\n\t\t\t\t\t},\n\t\t\t\t\t{\n\t\t\t\t\t\t\"time\": 0.1,\n\t\t\t\t\t\t\"angle\": -3.56,\n\t\t\t\t\t\t\"curve\": [ 0.25, 0, 0.75, 1 ]\n\t\t\t\t\t},\n\t\t\t\t\t{\n\t\t\t\t\t\t\"time\": 0.7667,\n\t\t\t\t\t\t\"angle\": 2.07,\n\t\t\t\t\t\t\"curve\": [ 0.244, 0, 0.694, 0.77 ]\n\t\t\t\t\t},\n\t\t\t\t\t{ \"time\": 1.3333, \"angle\": -3.09 }\n\t\t\t\t]\n\t\t\t}\n\t\t}\n\t}\n}\n}","_skeletonJson":{"skeleton":{"hash":"jwrt5qPEOiTe0vi/teFELz86wKQ","spine":"3.7.94","width":215.99,"height":129.48},"bones":[{"name":"root"},{"name":"All","parent":"root","rotation":-90,"scaleX":0.558,"scaleY":0.558},{"name":"than","parent":"All","x":-14.3,"y":89.43},{"name":"than2","parent":"than","length":60.02,"rotation":90.65},{"name":"than3","parent":"than","length":51.83,"rotation":-90,"y":-1.36},{"name":"than4","parent":"than3","length":51.84,"rotation":0.75,"x":51.83},{"name":"than5","parent":"than4","length":48.43,"rotation":-1.56,"x":51.84},{"name":"than6","parent":"than5","length":44.35,"rotation":2.57,"x":48.43},{"name":"than7","parent":"than6","length":34.1,"rotation":-1.76,"x":44.35},{"name":"than8","parent":"than7","length":21.32,"rotation":-0.66,"x":33.84,"y":0.05},{"name":"than9","parent":"than8","length":18.14,"rotation":-1.66,"x":21.32},{"name":"than10","parent":"than9","length":15.68,"rotation":3.22,"x":18.14},{"name":"than11","parent":"than10","length":16.19,"rotation":-3.5,"x":15.68},{"name":"than12","parent":"than6","length":14.04,"rotation":-59.57,"x":41.05,"y":-23.82},{"name":"than13","parent":"than6","length":14.53,"rotation":56.23,"x":42.88,"y":21.24},{"name":"than14","parent":"than7","length":14.3,"rotation":-30.51,"x":33.3,"y":-10.93},{"name":"than15","parent":"than7","length":12.83,"rotation":30.96,"x":35.5,"y":10.41},{"name":"than16","parent":"All","x":40.11,"y":-19.04,"scaleX":0.403,"scaleY":0.403},{"name":"than17","parent":"than16","length":60.02,"rotation":90.65},{"name":"than18","parent":"than16","length":51.83,"rotation":-90,"y":-1.36},{"name":"than19","parent":"than18","length":51.84,"rotation":0.75,"x":51.83},{"name":"than20","parent":"than19","length":48.43,"rotation":-1.56,"x":51.84},{"name":"than21","parent":"than20","length":44.35,"rotation":2.57,"x":48.43},{"name":"than22","parent":"than21","length":34.1,"rotation":-1.76,"x":44.35},{"name":"than23","parent":"than22","length":21.32,"rotation":-0.66,"x":33.84,"y":0.05},{"name":"than24","parent":"than23","length":18.14,"rotation":-1.66,"x":21.32},{"name":"than25","parent":"than24","length":15.68,"rotation":3.22,"x":18.14},{"name":"than26","parent":"than25","length":16.19,"rotation":-3.5,"x":15.68},{"name":"than27","parent":"than22","length":14.3,"rotation":-30.51,"x":33.3,"y":-10.93},{"name":"than28","parent":"than22","length":12.83,"rotation":30.96,"x":35.5,"y":10.41},{"name":"than29","parent":"than21","length":14.04,"rotation":-59.57,"x":41.05,"y":-23.82},{"name":"than30","parent":"than21","length":14.53,"rotation":56.23,"x":42.88,"y":21.24},{"name":"vay","parent":"than3","length":26.44,"rotation":49.09,"x":30.63,"y":58.44},{"name":"vay1","parent":"than3","length":29.05,"rotation":-51.2,"x":32.4,"y":-59.21},{"name":"vay2","parent":"vay1","length":23.93,"rotation":10.72,"x":29.05},{"name":"vay3","parent":"vay2","length":26.44,"rotation":11.34,"x":23.93},{"name":"vay4","parent":"vay","length":30.53,"rotation":-8.21,"x":26.44},{"name":"vay5","parent":"vay4","length":23.4,"rotation":-7.48,"x":30.53},{"name":"vay6","parent":"than4","length":17.39,"rotation":-8.64,"x":17.93,"y":-2.15},{"name":"vay7","parent":"vay6","length":15.41,"rotation":11.83,"x":17.39},{"name":"vay8","parent":"vay7","length":17.47,"rotation":5.66,"x":15.41},{"name":"vay12","parent":"than18","length":29.05,"rotation":-51.2,"x":32.4,"y":-59.21},{"name":"vay13","parent":"vay12","length":23.93,"rotation":10.72,"x":29.05},{"name":"vay14","parent":"vay13","length":26.44,"rotation":11.34,"x":23.93},{"name":"vay15","parent":"than18","length":26.44,"rotation":49.09,"x":30.63,"y":58.44},{"name":"vay16","parent":"vay15","length":30.53,"rotation":-8.21,"x":26.44},{"name":"vay17","parent":"vay16","length":23.4,"rotation":-7.48,"x":30.53}],"slots":[{"name":"bong","bone":"than16","attachment":"22_x180/bong"},{"name":"vay","bone":"vay","attachment":"22_x180/vay"},{"name":"vay5","bone":"vay15"},{"name":"vay1","bone":"vay1","attachment":"22_x180/vay1"},{"name":"vay4","bone":"vay12"},{"name":"than","bone":"than","attachment":"22_x180/than"},{"name":"than2","bone":"than16"},{"name":"vay2","bone":"vay6","attachment":"22_x180/vay2"}],"skins":{"default":{"bong":{"22_x180/bong":{"type":"mesh","color":"ffffff4a","uvs":[0.45916,0,0.55647,0,0.63726,0.03103,0.71621,0.07482,0.76578,0.10401,0.81352,0.1478,0.81168,0.19383,0.80067,0.24885,0.83188,0.29264,0.88513,0.3252,0.93654,0.35889,0.97142,0.39482,1,0.44534,1,0.49699,0.95857,0.50822,0.8888,0.48689,0.80985,0.45994,0.78965,0.51383,0.76027,0.56997,0.71804,0.61264,0.67311,0.66244,0.65426,0.69491,0.70223,0.72739,0.69538,0.76091,0.64912,0.76301,0.59088,0.76091,0.61829,0.79653,0.64056,0.83844,0.61829,0.86882,0.58574,0.87825,0.56175,0.92644,0.55319,0.96834,0.53263,1,0.44698,1,0.44184,0.94006,0.4367,0.88977,0.38016,0.8751,0.36646,0.83006,0.40243,0.78606,0.42984,0.75882,0.3459,0.76196,0.29793,0.75149,0.3202,0.70644,0.35275,0.68444,0.31678,0.64463,0.27224,0.5912,0.22427,0.53463,0.202,0.4833,0.19343,0.44872,0.11121,0.47492,0.05125,0.49796,0,0.5252,0,0.47072,0,0.42672,0.06666,0.35339,0.10949,0.32196,0.19343,0.27587,0.19686,0.23501,0.20371,0.17425,0.20714,0.1313,0.27395,0.09358,0.34248,0.05063,0.40757,0.0213,0.05296,0.45606,0.09407,0.4173,0.16774,0.3733,0.26881,0.34815,0.3202,0.17215,0.45383,0.07892,0.62685,0.11768,0.70737,0.18158,0.50522,0.17006,0.50179,0.27377,0.50693,0.35863,0.5155,0.45815,0.49975,0.56766,0.50932,0.671,0.50454,0.76265,0.5141,0.84064,0.49497,0.92254,0.4312,0.83772,0.58265,0.83479,0.64802,0.73632,0.57787,0.71585,0.36424,0.72462,0.43598,0.7061,0.41207,0.62615,0.597,0.62323,0.34351,0.52838,0.64961,0.52643,0.66556,0.43283,0.34511,0.43673,0.38656,0.31487,0.64164,0.31222,0.78034,0.37364,0.89354,0.41166,0.94615,0.46138,0.31322,0.24787,0.6544,0.23617,0.42482,0.22447,0.42004,0.13868,0.62411,0.16988],"triangles":[15,96,14,14,96,13,96,12,13,15,95,96,15,16,95,96,11,12,96,95,11,94,95,16,95,10,11,90,94,16,95,94,9,95,9,10,9,94,8,90,93,94,94,93,7,7,93,98,94,7,8,7,98,70,7,70,6,6,70,5,50,51,63,50,63,49,63,51,52,63,64,49,49,64,48,52,53,63,63,53,64,64,65,48,53,54,64,48,65,66,64,55,65,64,54,55,65,55,56,48,66,91,91,66,92,65,56,66,66,97,92,66,56,97,56,57,97,57,58,97,97,58,67,97,67,99,101,72,71,67,58,59,67,59,60,98,101,70,67,100,99,99,100,71,101,69,70,70,4,5,70,3,4,70,69,3,67,61,100,67,60,61,100,68,71,69,71,68,101,71,69,1,68,0,1,69,68,100,61,68,68,61,62,69,2,3,69,1,2,68,62,0,92,72,73,73,72,93,93,72,98,101,98,72,92,99,72,92,97,99,72,99,71,88,91,74,89,74,90,47,48,91,91,73,74,74,73,90,91,92,73,73,93,90,86,44,88,44,45,88,86,88,75,87,89,19,87,75,89,19,89,18,45,46,88,18,89,17,75,74,89,75,88,74,88,46,91,91,46,47,89,90,17,17,90,16,83,76,87,85,86,76,86,75,76,76,75,87,80,77,78,78,77,81,80,39,77,81,77,25,39,85,77,77,83,25,77,76,83,77,85,76,25,82,24,24,82,23,23,82,22,25,83,82,82,21,22,82,83,21,83,87,21,21,87,20,20,87,19,40,84,39,40,41,84,39,84,85,41,42,84,42,43,84,84,43,85,43,86,85,43,44,86,78,81,29,29,81,28,28,81,27,81,26,27,81,25,26,36,80,35,35,80,78,36,37,80,37,38,80,38,39,80,31,79,30,34,35,79,29,30,78,30,79,78,79,35,78,31,32,79,32,33,79,33,34,79],"vertices":[3,18,85.1,9.55,0.99679,41,-112.36,-62.04,0.00321,43,-177.83,0.31,0,3,18,84.83,-14.19,0.99043,42,-165.9,-16.6,0,44,-110.78,58.78,0.00957,3,18,72.23,-33.76,0.93451,42,-169.28,6.43,0,44,-87.78,62.34,0.06549,3,18,54.54,-52.83,0.78638,42,-168.5,32.42,0,44,-61.78,61.75,0.21362,4,19,-44.85,64.3,0.00012,18,42.75,-64.79,0.6634,42,-167.5,49.19,0,44,-45.01,60.87,0.33649,4,19,-27.38,75.95,0.00433,18,25.15,-76.24,0.51379,42,-161.77,69.39,0,44,-24.76,55.3,0.48188,4,19,-9.01,75.5,0.01666,18,6.79,-75.58,0.36654,42,-147.51,80.97,0,44,-13.07,41.12,0.61679,4,19,12.94,72.81,0.01266,18,-15.13,-72.64,0.11844,42,-129.07,93.18,0,44,-0.73,22.77,0.86889,4,18,-32.69,-80.06,0.00501,42,-120.72,110.32,0,44,16.47,14.56,0.94262,45,-11.94,12.98,0.05237,3,42,-119.28,128.64,0,44,34.8,13.25,0.14292,45,6.38,14.31,0.85708,3,42,-117.2,146.9,0,45,24.75,15,0.85831,46,-7.68,14.12,0.14169,3,42,-111.82,162.68,0,45,41.16,12.05,0.06818,46,8.97,13.33,0.93182,2,42,-101.02,181.08,0,46,29.64,8.06,1,2,42,-85.34,194.46,0,46,46.85,-3.28,1,5,31,34.03,113.09,0.00015,21,11.21,110.83,0.00116,20,66.06,110.48,0.00068,43,-60.08,205.5,0,46,45.02,-14.18,0.99801,8,31,15.08,111.28,0.00321,22,-41.25,95.63,0.00001,21,2.93,93.68,0.02068,20,57.32,93.57,0.01675,43,-59.22,186.48,0,44,77.73,-34.92,0.00063,45,55.75,-27.23,0.03277,46,28.55,-23.71,0.92596,8,31,-6.96,110.19,0.02903,22,-52.59,76.71,0.00272,21,-7.55,74.27,0.16761,20,46.32,74.45,0.12918,43,-59.23,164.42,0,44,56.13,-39.41,0.03811,45,35.01,-34.76,0.25486,46,8.97,-33.88,0.37849,8,31,0.26,89.34,0.10292,22,-31.24,71.12,0.02801,21,14.03,69.65,0.43171,20,67.75,69.24,0.14611,43,-38.05,170.59,0,44,66.49,-58.88,0.0205,45,48.05,-52.56,0.14936,46,24.21,-49.83,0.1214,8,31,6.06,66.55,0.20475,22,-9.07,63.26,0.09304,21,36.52,62.79,0.50842,20,90.06,61.78,0.06491,43,-14.99,175.24,0,44,75.74,-80.51,0.0031,45,60.3,-72.64,0.0738,46,38.97,-68.14,0.05197,7,31,6.34,46.65,0.34369,22,7.62,52.44,0.18458,21,53.69,52.73,0.39804,20,106.95,51.25,0.01749,43,4.89,174.54,0,45,66.43,-91.57,0.03372,46,47.52,-86.11,0.02247,7,31,7.57,23.99,0.64822,22,27.15,40.87,0.19932,21,73.71,42.05,0.13885,20,126.67,40.02,0.00037,43,27.59,174.64,0,45,74.28,-112.86,0.00807,46,58.07,-106.2,0.00518,6,31,10.54,10.56,0.93456,22,39.96,35.88,0.0396,21,86.74,37.63,0.02367,43,41.14,176.93,0,45,81.07,-124.82,0.00132,46,66.36,-117.17,0.00084,3,29,-4.99,46.17,0.00127,31,27.33,5.78,0.99873,43,46.76,193.47,0,5,29,5.62,37.85,0.01821,31,33.01,-6.45,0.97271,23,20.84,45.76,0.00908,21,112.93,48.03,0,42,43.01,206.3,0,4,29,0.53,27.75,0.06851,31,23.88,-13.14,0.87043,23,21.68,34.47,0.06106,42,50.97,198.26,0,4,29,-7.5,15.99,0.34544,31,11.38,-19.96,0.34563,23,20.84,20.26,0.30893,42,59.56,186.9,0,4,29,8.13,14.41,0.94646,31,24.59,-28.47,0.03529,23,35.05,26.95,0.01825,42,66.03,201.22,0,6,26,-20.99,33.65,0.00253,25,-4.7,32.42,0.09907,29,25.26,10.47,0.8984,21,144.04,35.09,0,42,75.22,216.21,0,43,92.79,201.9,0,5,26,-8.95,28.02,0.04306,25,7.63,27.48,0.3118,29,32.86,-0.43,0.64514,21,156.24,29.83,0,43,106.02,203.06,0,6,26,-5.32,20.02,0.15719,25,11.71,19.69,0.47318,24,33.6,19.35,0.00225,29,32,-9.17,0.36737,21,160.11,21.94,0,43,113.17,197.96,0,6,27,-2.71,13.73,0.29877,26,13.82,13.87,0.63426,25,31.16,14.63,0.04873,29,45.48,-24.08,0.01824,21,179.42,16.36,0,43,132.82,202.21,0,4,27,14.09,12.4,0.97963,26,30.5,11.52,0.02037,21,196.17,14.51,0,43,148.44,208.53,0,3,27,26.94,7.97,1,21,208.87,9.67,0,43,161.91,210.3,0,2,27,27.89,-12.91,1,42,154.91,222.13,0,5,27,4.05,-15.25,0.62748,26,18.79,-15.47,0.35196,25,37.78,-14.39,0.0122,28,53.48,25.51,0.00836,42,137.54,205.65,0,5,27,-15.94,-17.41,0.00728,26,-1.29,-16.41,0.28979,25,17.78,-16.46,0.44727,28,36.83,14.24,0.25566,42,123.09,191.67,0,4,26,-7.35,-30.11,0.04917,25,12.49,-30.48,0.30921,28,38.79,-0.61,0.64162,42,127.59,177.38,0,4,26,-25.38,-33.17,0.00248,25,-5.33,-34.54,0.08046,28,25,-12.62,0.91706,42,116.1,163.17,0,5,28,5.42,-13.97,0.94469,30,19.34,27.33,0.04748,23,30.87,-25.72,0.00782,21,123.96,-23.3,0,43,102.83,140.98,0,5,28,-7.34,-13.73,0.41159,30,7.89,21.7,0.30566,23,20,-19.03,0.28275,21,113,-16.76,0,43,90.08,141.53,0,5,28,4.14,-30.74,0.03545,30,25.89,11.85,0.93953,23,21.26,-39.52,0.02502,21,114.54,-37.22,0,43,101.15,124.25,0,5,28,6.48,-42.94,0.00356,30,33.57,2.07,0.99644,21,110.53,-48.99,0,42,103.11,130.1,0,43,103.2,111.99,0,5,30,19.4,-10.24,0.99368,22,42.05,-45.74,0.00307,21,92.48,-43.8,0.00304,42,85.91,122.56,0.00012,43,84.86,107.98,0.00008,6,30,8,-13.44,0.86464,22,33.52,-37.53,0.08967,21,83.59,-35.99,0.0425,20,134.42,-38.25,0.00028,42,74.08,122.9,0.00174,43,73.32,110.65,0.00118,7,30,6.96,-31.56,0.51187,22,17.37,-45.81,0.22856,21,67.83,-44.99,0.23206,20,118.42,-46.82,0.00864,41,75.87,116.65,0.00049,42,67.69,105.91,0.01073,43,63.73,95.24,0.00766,7,30,4.8,-55.39,0.26245,22,-4.27,-56.02,0.13366,21,46.67,-56.16,0.46958,20,96.96,-57.41,0.0595,41,70.98,93.23,0.00896,42,58.54,83.81,0.03726,43,50.4,75.37,0.02858,7,30,2.68,-80.73,0.12705,22,-27.19,-67.02,0.03627,21,24.27,-68.18,0.47549,20,74.24,-68.81,0.1564,41,65.96,68.3,0.03782,42,48.97,60.25,0.08971,43,36.39,54.15,0.07725,7,30,-3.63,-100.95,0.06232,22,-47.83,-71.83,0.00692,21,3.86,-73.9,0.32367,20,53.68,-73.98,0.20391,41,57.37,48.94,0.07916,42,36.92,42.82,0.15752,43,21.15,39.43,0.16651,7,30,-9.22,-113.74,0.02309,22,-61.68,-73.49,0.00054,21,-9.9,-76.18,0.1431,20,39.86,-75.88,0.1446,41,50.35,36.88,0.09089,42,27.78,32.27,0.22106,43,10.12,30.89,0.37671,6,30,13.33,-115.59,0.00173,21,0.83,-96.1,0.01184,20,50.05,-96.08,0.01274,41,72.54,32.45,0.00325,42,48.76,23.8,0.01528,43,29.02,18.45,0.95516,4,30,30.61,-115.6,0.00002,21,10.23,-110.6,0.00019,20,59.05,-110.83,0.00016,43,44.18,10.15,0.99962,1,43,59.76,4.53,1,1,43,40.77,-6.06,1,1,43,25.44,-14.61,1,2,42,18.94,-15.95,0.83425,43,-8.04,-14.66,0.16575,2,41,34.63,-15.38,0.28421,42,2.61,-16.14,0.71579,3,18,-24.23,75.63,0.04226,41,7.14,-16.88,0.95774,43,-50.12,-2.71,0,4,19,7.42,-74.52,0.01175,18,-7.94,74.61,0.20141,41,-3.73,-29.06,0.78684,43,-64.76,-9.92,0,4,19,-16.82,-72.85,0.00922,18,16.29,72.66,0.47952,41,-20.22,-46.91,0.51126,43,-86.75,-20.27,0,4,19,-33.96,-72.01,0.00021,18,33.41,71.63,0.60893,41,-31.61,-59.74,0.39085,43,-102.12,-27.88,0,3,18,48.28,55.16,0.75878,41,-53.74,-61.25,0.24122,43,-123.21,-20.97,0,3,18,65.22,38.25,0.90965,41,-77.51,-64.13,0.09035,43,-146.32,-14.72,0,3,18,76.75,22.23,0.97844,41,-97.23,-63.3,0.02156,43,-164.28,-6.55,0,4,30,21.35,-129.53,0.00007,21,-6.49,-110.41,0.00049,20,42.34,-110.2,0.00049,43,29.37,2.38,0.99895,6,30,4.62,-137.27,0.00049,21,-22.1,-100.6,0.00339,20,27.01,-99.96,0.00414,41,61.39,11.91,0.00141,42,33.99,5.69,0.01615,43,10.98,3.6,0.97443,6,30,-19.95,-142.55,0.00156,21,-39.91,-82.88,0.01187,20,9.69,-81.76,0.02579,41,36.38,9.49,0.09347,42,8.97,7.96,0.82387,43,-13.11,10.75,0.04344,7,30,-46.16,-137.9,0.00167,21,-50.28,-58.36,0.01499,20,-0.02,-56.97,0.11861,19,52.56,-56.96,0.03921,41,10.88,17.13,0.75901,42,-14.68,20.21,0.05991,43,-33.89,27.4,0.00659,4,19,-17.66,-44.42,0.05218,18,16.8,44.23,0.59391,41,-42.9,-29.75,0.35391,43,-101.32,4.15,0,3,18,53.63,11.21,0.98141,41,-91.62,-38.31,0.01859,43,-149.7,14.51,0,4,19,-39.4,30.4,0.00459,18,37.68,-30.83,0.84074,42,-141.34,26.95,0,44,-67.05,34.55,0.15467,4,19,-13.9,50.05,0.06598,18,11.97,-50.19,0.47195,42,-134.7,58.44,0,44,-35.51,28.15,0.46207,3,18,17.12,-0.92,0.99816,42,-106.17,17.94,0,44,-75.79,-0.68,0.00184,4,19,22.89,-0.11,0.99813,41,-52.03,29.61,0.0012,42,-74.16,44.17,0,44,-49.32,-32.5,0.00067,6,31,-91.06,105.29,0,20,4.93,1.08,0.981,19,56.74,1.14,0.0159,44,-26.2,-57.27,0.00283,45,-43.92,-64.2,0.00026,46,-65.45,-73.35,0.00001,5,31,-68.24,72.73,0.00074,20,44.66,2.64,0.99394,44,1.39,-85.91,0.00198,45,-12.52,-88.6,0.0025,46,-31.15,-93.46,0.00084,6,30,-47.18,-33.76,0.00112,21,36.5,-0.78,0.99864,20,88.3,-1.77,0.00006,41,21.83,120.69,0.00001,42,15.35,119.93,0.0001,43,15.16,119.28,0.00007,4,31,-24.51,-0.09,0.01446,22,29.33,0.82,0.98553,45,50.71,-145.32,0.00001,46,38.93,-141.45,0.00001,5,28,-15.28,2.75,0.01938,30,-6.71,32.7,0.00244,23,21.53,-0.81,0.97818,21,114.27,1.48,0,43,82.54,158.19,0,5,25,-2.57,1.62,0.22807,24,18.79,1.7,0.71854,29,10.14,-16.44,0.05339,21,145.36,4.26,0,43,108.58,175.38,0,5,27,-3.52,-2.62,0.1055,26,12.01,-2.4,0.88785,25,30.27,-1.72,0.00282,28,40.87,33.13,0.00383,42,123.8,210.97,0,5,26,-22.07,-17.43,0.0053,25,-2.92,-18.64,0.14841,24,17.86,-18.54,0.03501,28,19.61,2.54,0.81128,42,108.16,177.17,0,6,26,-22.66,19.54,0.00314,25,-5.58,18.24,0.09445,24,16.27,18.39,0.00368,29,16.74,-0.9,0.89872,21,142.79,20.95,0,43,98.4,188.86,0,4,29,-8.74,32.99,0.03041,31,18.01,-4.25,0.93599,23,11.03,34.2,0.03359,42,43.05,191.14,0,5,29,-24.55,22.52,0.03182,31,-0.84,-6.4,0.7346,23,2.86,17.09,0.21744,22,47.73,16.99,0.01614,42,47.94,172.82,0,3,28,-10.97,-34.44,0.00627,30,14.17,1.62,0.98681,23,6.36,-35.04,0.00692,4,28,-26.22,-23.12,0.01841,30,-4.58,4.69,0.7082,23,-1.03,-17.54,0.14457,22,42.78,-17.5,0.12882,7,30,-16.64,-25.41,0.31849,22,10.72,-22.35,0.46995,21,60.14,-21.84,0.19997,20,111.35,-23.47,0.0025,41,53.13,125.48,0.00007,42,46.99,118.81,0.00533,43,45.97,111.96,0.00369,7,31,-16.46,27.41,0.31069,22,10.94,22.79,0.45346,21,58.33,23.26,0.22243,20,110.78,21.66,0.00012,43,22.97,150.8,0,45,50.3,-116.67,0.00815,46,34.79,-113.1,0.00516,7,30,-23.27,-67.33,0.11053,22,-28.79,-37.87,0.04072,21,21.36,-39.12,0.58713,20,72.12,-39.69,0.14669,41,41.72,84.59,0.02559,42,28.18,80.76,0.05145,43,20.04,78.35,0.0379,8,31,-26.05,66.97,0.10307,22,-27.27,36.81,0.04308,21,19.53,35.55,0.62629,20,72.33,35.01,0.1134,43,-17.02,143.2,0,44,43.96,-85.06,0.01023,45,29.49,-81.69,0.06455,46,9.61,-81.13,0.03938,9,31,-42.54,100.7,0.01983,22,-64.48,41.85,0.00022,21,-17.86,38.91,0.18968,20,35.04,39.39,0.45543,19,86.35,39.84,0.00362,43,-51.53,128.41,0,44,22.44,-54.29,0.13539,45,3.8,-54.31,0.14615,46,-19.43,-57.33,0.04968,7,30,-43.08,-98.07,0.02032,21,-15.21,-39.24,0.20156,20,35.57,-38.82,0.4782,19,87.91,-38.34,0.00406,41,18.51,56.34,0.15875,42,0.12,57.31,0.09102,43,-12.09,60.88,0.0461,7,30,-77.55,-133.83,0.00005,21,-63.97,-29.82,0.00039,20,-12.92,-28.06,0.13084,19,39.28,-28.23,0.48805,18,-40.32,28.69,0.00081,41,-19.84,24.78,0.37861,42,-43.43,33.44,0.00124,8,31,-73,138.42,0.00008,21,-65.9,32.4,0.00081,20,-13.16,34.19,0.12482,19,38.22,34.01,0.363,18,-39.97,-33.56,0.00151,42,-84.65,80.09,0,44,-13.49,-21.75,0.50404,45,-36.41,-27.23,0.00574,8,31,-31.31,135.57,0.00384,21,-41.87,66.59,0.03086,20,11.79,67.7,0.09861,19,62.73,67.85,0.00385,43,-85.8,141.36,0,44,28.14,-18.1,0.35015,45,4.27,-17.67,0.48266,46,-23.74,-20.94,0.03002,7,31,0.15,137.35,0.00131,21,-27.09,94.42,0.00875,20,27.32,95.12,0.00924,43,-86,172.87,0,44,58.94,-11.48,0.00026,45,33.81,-6.72,0.19118,46,4.12,-6.23,0.78926,5,31,21.55,127.33,0.00042,21,-7.44,107.53,0.00288,20,47.33,107.7,0.00219,43,-74.93,193.75,0,46,27.75,-6.43,0.99451,5,20,-39.88,-45.6,0.00019,19,12.55,-46.12,0.20109,18,-13.39,46.28,0.16693,41,-22.64,-7.27,0.63179,43,-74.11,17.38,0,5,20,-43.46,37.7,0.00014,19,7.88,37.12,0.32073,18,-9.67,-37.01,0.20221,42,-109.74,62.75,0,44,-31.01,3.22,0.47692,4,19,3.21,-18.89,0.55084,18,-4.36,18.95,0.28737,41,-49.71,2.51,0.1618,43,-95.53,36.61,0,4,19,-31.02,-20.06,0.00151,18,29.88,19.72,0.9107,41,-70.25,-24.9,0.0878,43,-124.85,18.92,0,4,19,-18.57,29.73,0.0839,18,16.87,-29.92,0.68571,42,-125.06,39.96,0,44,-53.92,18.37,0.2304],"hull":63}},"than":{"22_x180/than":{"type":"mesh","uvs":[0.44977,0,0.5873,0,0.707,0.02614,0.81905,0.06731,0.92092,0.10664,1,0.13042,1,0.17982,0.98714,0.23745,1,0.28318,1,0.3399,1,0.38838,1,0.44254,0.95658,0.50017,0.90819,0.55505,0.84452,0.60628,0.76557,0.66116,0.7019,0.69501,0.77321,0.71604,0.79868,0.75904,0.70445,0.75538,0.6255,0.75172,0.58221,0.77916,0.65352,0.80752,0.70954,0.84136,0.68917,0.87795,0.60258,0.87246,0.59239,0.92157,0.56947,0.96456,0.5491,1,0.44213,1,0.41667,0.94261,0.39629,0.89413,0.38865,0.86485,0.3148,0.86943,0.28933,0.8365,0.35554,0.80174,0.40648,0.78161,0.37592,0.74686,0.27914,0.756,0.18237,0.76423,0.17727,0.73862,0.24858,0.70752,0.29188,0.69289,0.24349,0.65929,0.15435,0.59892,0.0754,0.53946,0.03211,0.48458,0,0.42969,0,0.37573,0,0.32725,0,0.26962,0.01683,0.21932,0,0.16626,0,0.11961,0.08304,0.10315,0.16963,0.06473,0.29442,0.02997,0.08814,0.15529,0.90819,0.16261,0.50835,0.094,0.50835,0.21657,0.5058,0.34281,0.49816,0.46904,0.5058,0.58324,0.49307,0.68478,0.5058,0.7854,0.5058,0.86681,0.49816,0.94731,0.59749,0.83845,0.40903,0.83114,0.28933,0.73188,0.36064,0.71268,0.70954,0.73097,0.63569,0.7145],"triangles":[71,42,64,70,41,42,70,42,71,40,41,70,37,71,64,70,39,40,37,38,70,37,70,71,38,39,70,73,64,16,72,16,17,73,16,72,20,64,73,17,18,72,20,73,72,19,20,72,18,19,72,68,21,22,68,22,23,24,25,68,66,68,25,23,24,68,35,36,69,34,35,69,69,33,34,32,69,66,32,33,69,28,67,27,29,67,28,67,30,66,67,66,26,27,67,26,29,30,67,31,32,66,26,66,25,30,31,66,21,64,20,65,36,64,21,65,64,69,36,65,68,65,21,68,66,65,69,65,66,64,43,63,64,63,15,42,43,64,16,64,15,36,37,64,63,62,13,45,62,63,44,45,63,14,63,13,43,44,63,15,63,14,62,47,48,62,61,10,61,62,48,11,62,10,46,47,62,12,62,11,45,46,62,13,62,12,60,58,7,61,49,50,61,7,8,61,51,60,61,60,7,9,61,8,61,50,51,48,49,61,61,9,10,59,0,1,57,54,55,53,54,57,58,3,4,58,4,5,52,53,57,58,5,6,59,56,0,51,52,57,60,57,55,56,60,55,59,60,56,7,58,6,60,59,2,59,1,2,60,2,3,58,60,3,51,57,60],"vertices":[1,3,82.83,5.6,1,2,3,82.61,-13.52,0.99996,4,-84.12,12.58,0.00004,2,3,72.31,-30.04,0.98824,4,-74.01,29.21,0.01176,2,3,56.2,-45.43,0.91882,4,-58.08,44.79,0.08118,3,3,40.82,-59.42,0.779,4,-42.85,58.95,0.21814,5,-93.9,60.19,0.00286,3,3,31.49,-70.3,0.69332,4,-33.65,69.94,0.29794,5,-84.55,71.06,0.00874,3,3,12.37,-70.09,0.54895,4,-14.53,69.94,0.4189,5,-65.44,70.81,0.03215,3,3,-9.91,-68.05,0.28569,4,7.77,68.15,0.59342,5,-43.16,68.73,0.12089,4,3,-27.62,-69.63,0.12126,4,25.47,69.94,0.6227,5,-25.44,70.28,0.2542,6,-79.16,68.15,0.00184,5,3,-49.57,-69.38,0.02711,4,47.42,69.94,0.48573,5,-3.5,69.99,0.46351,6,-57.22,68.46,0.02343,14,-37.66,149.67,0.00021,5,3,-68.33,-69.17,0.00289,4,66.18,69.94,0.29972,5,15.26,69.75,0.61234,6,-38.46,68.72,0.08296,14,-27.71,133.76,0.00209,4,4,87.14,69.94,0.13964,5,36.23,69.47,0.64215,6,-17.5,69.02,0.20964,14,-16.6,115.98,0.00857,5,4,109.44,63.91,0.04267,5,58.45,63.14,0.49487,6,4.89,63.3,0.42837,7,-40.66,65.19,0.00631,14,-9.9,93.87,0.02779,5,4,130.68,57.18,0.0059,5,79.6,56.14,0.24947,6,26.22,56.87,0.61685,7,-19.64,57.81,0.05542,14,-4.35,72.29,0.07237,4,5,99.3,47.03,0.07356,6,46.17,48.3,0.56549,7,-0.09,48.36,0.19824,14,-1.35,50.79,0.16271,4,5,120.39,35.77,0.00544,6,67.56,37.63,0.22985,7,20.8,36.73,0.38121,14,0.61,26.97,0.3835,3,6,80.78,28.96,0.03698,7,33.62,27.48,0.19934,14,0.04,11.17,0.76367,3,6,88.78,38.99,0.00103,7,42.06,37.14,0.00039,14,12.76,9.52,0.99858,3,7,58.8,40.17,0,16,-3.58,37.35,0.00001,14,24.58,-2.72,0.99999,3,8,11.79,27.5,0.04955,16,-11.53,26.85,0.00066,14,12.73,-8.46,0.94978,4,7,55.23,16.19,0.00473,8,10.38,16.52,0.43863,16,-18.39,18.17,0.01515,14,2.67,-13.07,0.54149,3,8,21,10.5,0.72636,16,-12.38,7.54,0.22335,14,3.19,-25.27,0.05029,3,8,31.97,20.42,0.0388,16,2.13,10.4,0.9604,14,17.42,-29.32,0.0008,1,16,17.36,10.34,1,3,9,25.1,25.62,0.00281,10,3.04,25.71,0.04502,16,28.05,0.62,0.95217,4,9,23.11,13.56,0.15154,10,1.4,13.6,0.35612,11,-15.95,14.52,0.0036,16,20.04,-8.61,0.48874,3,10,20.45,12.96,0.34273,11,3.02,12.81,0.64433,16,35.6,-19.6,0.01294,2,11,19.61,9.36,0.27326,12,3.35,9.58,0.72674,1,12,17.18,7.38,1,1,12,17.86,-7.47,1,4,10,29.57,-11.12,0.06521,11,10.78,-11.74,0.77513,12,-4.17,-12.02,0.15834,15,44.7,24.51,0.00132,4,9,31.82,-15.02,0.01875,10,10.94,-14.71,0.73789,11,-8.02,-14.28,0.11096,15,29.97,12.55,0.1324,4,9,20.51,-16.21,0.14445,10,-0.34,-16.23,0.23371,11,-19.36,-15.17,0.00119,15,20.75,5.88,0.62065,3,10,1.85,-26.41,0.02029,11,-17.75,-25.46,0,15,27.49,-2.06,0.97971,2,11,-30.55,-28.8,0,15,18.3,-11.58,1,4,8,29.73,-21,0.05434,11,-43.86,-19.39,0,15,2.04,-10.48,0.94073,13,14.75,28.88,0.00493,4,8,21.95,-13.92,0.46939,11,-51.53,-12.18,0,15,-8.26,-8.34,0.47251,13,4.6,26.06,0.0581,4,7,52.28,-18.42,0.03116,8,8.49,-18.17,0.35091,15,-17.69,-18.83,0.05076,13,1.03,12.42,0.56717,3,8,12.03,-31.62,0.01172,15,-7.81,-28.62,0.00137,13,14.3,8.25,0.98692,1,13,27.38,3.77,1,1,13,22.7,-4.99,1,3,6,86.51,-33.97,0.00549,7,36.52,-35.65,0.01484,13,7.9,-9.89,0.97966,4,5,131.8,-30.23,0.00019,6,80.76,-28.04,0.0464,7,31.05,-29.46,0.19342,13,-0.21,-11.48,0.76,4,5,118.72,-36.78,0.00779,6,67.86,-34.94,0.26187,7,17.84,-35.78,0.35827,13,-1.45,-26.07,0.37207,4,5,95.19,-48.86,0.09708,6,44.67,-47.66,0.6529,7,-5.89,-47.45,0.12871,13,-3.41,-52.44,0.12131,5,4,124.65,-58.58,0.00775,5,72.04,-59.53,0.31601,6,21.82,-58.96,0.62139,7,-29.23,-57.71,0.01464,13,-6.38,-77.76,0.04021,6,3,-104.03,65.78,0.00328,4,103.41,-64.6,0.04635,5,50.72,-65.27,0.52405,6,0.66,-65.28,0.41313,7,-50.64,-63.07,0.00006,13,-12.61,-98.94,0.01313,5,3,-82.74,70,0.02193,4,82.17,-69.06,0.13853,5,29.42,-69.45,0.61938,6,-20.51,-70.04,0.21711,13,-20.15,-119.29,0.00306,5,3,-61.86,69.77,0.07572,4,61.28,-69.06,0.2853,5,8.54,-69.18,0.54757,6,-41.4,-70.33,0.09113,13,-31.28,-136.97,0.00029,4,3,-43.1,69.55,0.18325,4,42.52,-69.06,0.41567,5,-10.22,-68.93,0.3719,6,-60.16,-70.6,0.02918,4,3,-20.8,69.3,0.40012,4,20.22,-69.06,0.42701,5,-32.52,-68.64,0.16935,6,-82.46,-70.91,0.00352,4,3,-1.36,66.74,0.65964,4,0.75,-66.72,0.28252,5,-51.95,-66.04,0.05783,6,-101.95,-68.84,0.00001,3,3,19.2,68.85,0.8804,4,-19.78,-69.06,0.11006,5,-72.51,-68.11,0.00955,3,3,37.25,68.64,0.95275,4,-37.83,-69.06,0.04659,5,-90.57,-67.87,0.00066,2,3,43.49,57.03,0.97628,4,-44.21,-57.52,0.02372,2,3,58.22,44.82,0.99923,4,-59.07,-45.48,0.00077,1,3,71.48,27.32,1,3,3,23.31,56.55,0.9122,4,-24.03,-56.81,0.08257,5,-76.6,-55.81,0.00523,3,3,19.18,-57.4,0.62905,4,-21.2,57.18,0.35295,5,-72.27,58.14,0.018,2,3,46.36,-2.13,0.99941,4,-47.75,1.6,0.00059,3,3,-1.07,-1.59,0.18922,4,-0.31,1.6,0.81067,5,-52.12,2.29,0.00011,2,4,48.54,1.25,0.9456,5,-3.27,1.29,0.0544,2,5,45.56,-0.41,0.99999,13,-70.63,-69.51,0.00001,2,6,37.92,1.1,0.9988,14,-46,33.4,0.0012,3,6,77.23,-0.12,0.00006,7,28.77,-1.41,0.98236,13,-25.55,0.76,0.01758,4,8,23.41,-0.12,0.99084,15,-14.01,4.3,0.00679,16,-15.78,-2.81,0.00173,13,-6.3,34.66,0.00063,3,9,21.08,0.08,0.52501,10,-0.24,0.07,0.47298,16,11.24,-19.01,0.00201,3,10,30.93,0.27,0.00041,11,12.78,-0.44,0.89743,12,-2.87,-0.62,0.10216,3,9,9.96,12.7,0.11239,10,-11.72,12.36,0.01037,16,8.39,-2.44,0.87725,3,9,7.43,-13.53,0.08184,10,-13.49,-13.93,0.00096,15,8.07,1.7,0.91719,3,8,2.7,-30.21,0.00432,15,-16.57,-32.14,0.0005,13,8.13,1.1,0.99518,5,6,88.29,-18.37,0.00237,7,38.99,-20.14,0.14328,8,-4.73,-20.29,0.02124,15,-28.01,-27.37,0.00049,13,-4.22,0.09,0.83261,3,8,2.35,28.2,0.00077,16,-19.27,32.32,0.00001,14,8.32,-0.07,0.99922,4,6,88.45,19.87,0.00089,7,40.88,18.05,0.13191,8,-4.03,17.94,0.02758,14,-3.76,-0.11,0.83962],"hull":57}},"vay":{"22_x180/vay":{"type":"mesh","uvs":[0,0.05596,0.12165,0,0.36079,0.06503,0.55742,0.22608,0.71419,0.40074,0.84439,0.55498,0.93474,0.67974,1,0.82264,1,1,0.91082,1,0.76468,0.92698,0.61588,0.85213,0.48568,0.80449,0.36611,0.77501,0.24919,0.8181,0.10305,0.81357,0.04459,0.70242,0.01802,0.54137,0,0.33722,0,0.15803,0.80453,0.79088,0.61322,0.66159,0.40065,0.52776,0.21996,0.29186,0.21199,0.56859],"triangles":[22,24,23,23,24,18,24,17,18,22,23,3,18,19,23,23,0,1,23,2,3,23,1,2,23,19,0,12,21,11,13,14,24,24,14,15,21,12,22,20,21,5,15,16,24,12,13,22,13,24,22,16,17,24,21,4,5,21,22,4,22,3,4,8,20,7,10,20,9,8,9,20,10,11,20,11,21,20,20,6,7,20,5,6],"vertices":[1,32,-16.1,-0.51,1,1,32,-12.67,8.53,1,1,32,3.47,15.47,1,2,36,-5.95,13.79,0.19823,32,22.52,14.5,0.80177,2,36,12.06,12.72,0.99023,32,40.19,10.87,0.00977,2,37,-4.4,10.85,0.24626,36,27.59,11.34,0.75374,2,37,7.62,10.51,0.95479,36,39.46,9.42,0.04521,1,37,19.92,7.87,1,1,37,32.07,-0.13,1,1,37,28.63,-5.34,1,2,37,18,-10.59,0.9723,36,47,-12.85,0.0277,3,37,7.14,-15.91,0.60695,36,35.54,-16.71,0.39282,32,59.23,-21.61,0.00023,3,37,-1.13,-21.37,0.20166,36,26.63,-21.04,0.77789,32,49.79,-24.63,0.02045,3,37,-7.76,-27.03,0.04019,36,19.32,-25.79,0.85322,32,41.88,-28.28,0.10659,3,37,-9.31,-35.81,0.0038,36,16.64,-34.29,0.80143,32,38.01,-36.31,0.19478,2,36,9.66,-41.78,0.75048,32,30.03,-42.73,0.24952,2,36,0.09,-38.91,0.6721,32,20.97,-38.53,0.3279,2,36,-11.11,-31.68,0.4307,32,10.92,-29.76,0.5693,2,36,-24.59,-21.68,0.08947,32,-1,-17.94,0.91053,2,36,-35.71,-12.06,0.00159,32,-10.62,-6.84,0.99841,2,37,10.22,-2.12,0.98702,36,40.39,-3.43,0.01298,3,37,-6,-7.47,0.09556,36,23.61,-6.62,0.90427,32,48.86,-9.93,0.00017,3,37,-23.35,-13.85,0.00011,36,5.57,-10.69,0.83097,32,30.43,-11.38,0.16892,2,36,-17.33,-7.6,0.02251,32,8.2,-5.04,0.97749,2,36,-0.54,-22.87,0.58258,32,22.64,-22.56,0.41742],"hull":20}},"vay1":{"22_x180/vay1":{"type":"mesh","uvs":[0.83437,0,1,0.05762,1,0.22262,0.96401,0.4,0.94044,0.55675,0.96637,0.68462,0.8603,0.78569,0.65758,0.77331,0.44308,0.82281,0.25451,0.91769,0.10837,1,0,1,0,0.89294,0.02587,0.72587,0.15315,0.55675,0.30873,0.37937,0.49965,0.21231,0.69058,0.05969,0.1508,0.83106,0.31344,0.6805,0.5303,0.54025,0.76365,0.26594,0.75658,0.58769],"triangles":[5,22,4,5,6,22,3,4,22,22,20,21,3,22,21,20,16,21,3,21,2,16,17,21,2,21,1,21,17,0,21,0,1,7,8,20,7,22,6,8,19,20,7,20,22,14,15,19,19,15,20,15,16,20,10,18,9,10,11,18,11,12,18,8,9,19,12,13,18,9,18,19,19,18,14,18,13,14],"vertices":[1,33,-10.32,-10.34,1,1,33,-16.47,0.51,1,2,34,-34.59,17.54,0.00182,33,-8.2,10.8,0.99818,2,34,-22.16,24.84,0.07463,33,2.66,20.28,0.92537,2,34,-11.55,31.72,0.27855,33,11.8,29.02,0.72145,3,35,-20.51,44.65,0.00092,34,-4.95,39.75,0.40105,33,16.8,38.13,0.59803,3,35,-9.83,42.1,0.01176,34,6.02,39.35,0.47415,33,27.65,39.78,0.51409,3,35,-3.78,29.23,0.10309,34,14.48,27.91,0.60281,33,38.09,30.12,0.2941,3,35,6.99,18.04,0.58029,34,27.24,19.07,0.38948,33,52.27,23.8,0.03024,2,35,20.05,10.21,0.98765,34,41.58,13.95,0.01235,1,35,30.78,4.48,1,1,35,34.47,-2.14,1,1,35,26.99,-6.31,1,1,35,14.44,-11.24,1,2,35,-1.72,-10.05,0.45583,34,24.23,-10.19,0.54417,2,34,6.36,-11.12,0.92413,33,37.37,-9.74,0.07587,2,34,-12.48,-9.63,0.0039,33,18.58,-11.79,0.9961,1,33,0.52,-12.93,1,2,35,17.53,0.5,0.99993,34,41.02,3.93,0.00007,3,35,1.46,4.57,0.66312,34,24.47,4.77,0.33605,33,52.21,9.24,0.00083,3,35,-15.73,12.37,0.01637,34,6.08,9.03,0.79663,33,33.35,10.01,0.18701,2,34,-21.21,7.21,0.00246,33,6.87,3.14,0.99754,3,35,-20.13,28.05,0.00963,34,-1.32,23.54,0.4007,33,23.38,22.89,0.58967],"hull":18}},"vay2":{"22_x180/vay2":{"type":"mesh","uvs":[0.33122,0,1,0,1,0.21245,1,0.42886,1,0.65411,1,0.84403,0.82589,1,0.33122,1,0.22522,0.83961,0,0.68061,0,0.47303,0,0.28753,0,0.13736,0.52556,0.20361,0.47256,0.47745,0.54322,0.75128],"triangles":[7,15,6,6,15,5,7,8,15,15,4,5,8,9,15,9,14,15,15,14,4,9,10,14,14,3,4,14,13,3,14,10,11,13,14,11,13,2,3,11,12,13,13,1,2,12,0,13,13,0,1],"vertices":[1,38,-6.42,-4.1,1,1,38,-7.79,5.84,1,2,38,4.84,7.59,0.99514,39,-10.73,10,0.00486,3,38,17.7,9.37,0.3361,39,2.22,9.11,0.66009,40,-12.22,10.36,0.00381,2,39,15.7,8.18,0.30927,40,1.1,8.11,0.69073,1,40,12.34,6.2,1,1,40,21.13,2.07,1,1,40,19.89,-5.25,1,1,40,10.14,-5.21,1,2,39,16.26,-6.9,0.48648,40,0.17,-6.95,0.51352,2,38,22.38,-5.13,0.07954,39,3.83,-6.04,0.92046,1,38,11.35,-6.65,1,1,38,2.43,-7.89,1,1,38,5.29,0.46,1,3,38,21.67,1.93,0.00564,39,4.59,1.01,0.99396,40,-10.67,2.07,0.0004,1,40,5.71,0.38,1],"hull":13}}}},"animations":{"animation":{"bones":{"than2":{"rotate":[{"time":0,"angle":2.9,"curve":[0.25,0,0.75,1]},{"time":0.6667,"angle":-4.62,"curve":[0.25,0,0.75,1]},{"time":1.3333,"angle":2.9}]},"than3":{"rotate":[{"time":0,"angle":-3.09,"curve":[0.369,0.63,0.706,1]},{"time":0.1,"angle":-3.56,"curve":[0.25,0,0.75,1]},{"time":0.7667,"angle":2.07,"curve":[0.244,0,0.694,0.77]},{"time":1.3333,"angle":-3.09}]},"than4":{"rotate":[{"time":0,"angle":-2.2,"curve":[0.382,0.58,0.731,1]},{"time":0.2,"angle":-3.56,"curve":[0.25,0,0.75,1]},{"time":0.8667,"angle":2.07,"curve":[0.243,0,0.655,0.63]},{"time":1.3333,"angle":-2.2}]},"than5":{"rotate":[{"time":0,"angle":-1.12,"curve":[0.379,0.52,0.747,1]},{"time":0.3,"angle":-3.56,"curve":[0.25,0,0.75,1]},{"time":0.9667,"angle":2.07,"curve":[0.247,0,0.63,0.53]},{"time":1.3333,"angle":-1.12}]},"than6":{"rotate":[{"time":0,"angle":8.5,"curve":[0.36,0.64,0.695,1]},{"time":0.0667,"angle":9.3,"curve":[0.25,0,0.75,1]},{"time":0.7333,"angle":-9.59,"curve":[0.245,0,0.711,0.83]},{"time":1.3333,"angle":8.5}]},"than7":{"rotate":[{"time":0,"angle":6.84,"curve":[0.375,0.62,0.716,1]},{"time":0.1333,"angle":9.3,"curve":[0.25,0,0.75,1]},{"time":0.8,"angle":-9.59,"curve":[0.243,0,0.68,0.71]},{"time":1.3333,"angle":6.84}]},"than8":{"rotate":[{"time":0,"angle":4.73,"curve":[0.382,0.58,0.731,1]},{"time":0.2,"angle":9.3,"curve":[0.25,0,0.75,1]},{"time":0.8667,"angle":-9.59,"curve":[0.243,0,0.655,0.63]},{"time":1.3333,"angle":4.73}]},"than9":{"rotate":[{"time":0,"angle":2.35,"curve":[0.381,0.55,0.742,1]},{"time":0.2667,"angle":9.3,"curve":[0.25,0,0.75,1]},{"time":0.9333,"angle":-9.59,"curve":[0.245,0,0.637,0.56]},{"time":1.3333,"angle":2.35}]},"than10":{"rotate":[{"time":0,"angle":-0.14,"curve":[0.375,0.5,0.75,1]},{"time":0.3333,"angle":9.3,"curve":[0.25,0,0.75,1]},{"time":1,"angle":-9.59,"curve":[0.25,0,0.625,0.5]},{"time":1.3333,"angle":-0.14}]},"than11":{"rotate":[{"time":0,"angle":-2.64,"curve":[0.363,0.44,0.755,1]},{"time":0.4,"angle":9.3,"curve":[0.25,0,0.75,1]},{"time":1.0667,"angle":-9.59,"curve":[0.258,0,0.619,0.45]},{"time":1.3333,"angle":-2.64}]},"vay6":{"rotate":[{"time":0,"angle":0.27,"curve":[0.36,0.64,0.695,1]},{"time":0.0667,"angle":0,"curve":[0.25,0,0.75,1]},{"time":0.7333,"angle":6.36,"curve":[0.245,0,0.711,0.83]},{"time":1.3333,"angle":0.27}]},"vay7":{"rotate":[{"time":0,"angle":0.83,"curve":[0.375,0.62,0.716,1]},{"time":0.1333,"angle":0,"curve":[0.25,0,0.75,1]},{"time":0.8,"angle":6.36,"curve":[0.243,0,0.68,0.71]},{"time":1.3333,"angle":0.83}]},"vay8":{"rotate":[{"time":0,"angle":1.54,"curve":[0.382,0.58,0.731,1]},{"time":0.2,"angle":0,"curve":[0.25,0,0.75,1]},{"time":0.8667,"angle":6.36,"curve":[0.243,0,0.655,0.63]},{"time":1.3333,"angle":1.54}]},"vay1":{"rotate":[{"time":0,"angle":0.18,"curve":[0.36,0.64,0.695,1]},{"time":0.0667,"angle":0,"curve":[0.25,0,0.75,1]},{"time":0.7333,"angle":4.28,"curve":[0.245,0,0.711,0.83]},{"time":1.3333,"angle":0.18}]},"vay2":{"rotate":[{"time":0,"angle":0.56,"curve":[0.375,0.62,0.716,1]},{"time":0.1333,"angle":0,"curve":[0.25,0,0.75,1]},{"time":0.8,"angle":4.28,"curve":[0.243,0,0.68,0.71]},{"time":1.3333,"angle":0.56}]},"vay3":{"rotate":[{"time":0,"angle":1.04,"curve":[0.382,0.58,0.731,1]},{"time":0.2,"angle":0,"curve":[0.25,0,0.75,1]},{"time":0.8667,"angle":4.28,"curve":[0.243,0,0.655,0.63]},{"time":1.3333,"angle":1.04}]},"vay":{"rotate":[{"time":0,"angle":-0.24,"curve":[0.36,0.64,0.695,1]},{"time":0.0667,"angle":0,"curve":[0.25,0,0.75,1]},{"time":0.7333,"angle":-5.6,"curve":[0.245,0,0.711,0.83]},{"time":1.3333,"angle":-0.24}]},"vay4":{"rotate":[{"time":0,"angle":-0.73,"curve":[0.375,0.62,0.716,1]},{"time":0.1333,"angle":0,"curve":[0.25,0,0.75,1]},{"time":0.8,"angle":-5.6,"curve":[0.243,0,0.68,0.71]},{"time":1.3333,"angle":-0.73}]},"vay5":{"rotate":[{"time":0,"angle":-1.36,"curve":[0.382,0.58,0.731,1]},{"time":0.2,"angle":0,"curve":[0.25,0,0.75,1]},{"time":0.8667,"angle":-5.6,"curve":[0.243,0,0.655,0.63]},{"time":1.3333,"angle":-1.36}]},"than17":{"rotate":[{"time":0,"angle":2.9,"curve":[0.25,0,0.75,1]},{"time":0.6667,"angle":-4.62,"curve":[0.25,0,0.75,1]},{"time":1.3333,"angle":2.9}]},"than26":{"rotate":[{"time":0,"angle":-2.64,"curve":[0.363,0.44,0.755,1]},{"time":0.4,"angle":9.3,"curve":[0.25,0,0.75,1]},{"time":1.0667,"angle":-9.59,"curve":[0.258,0,0.619,0.45]},{"time":1.3333,"angle":-2.64}]},"than25":{"rotate":[{"time":0,"angle":-0.14,"curve":[0.375,0.5,0.75,1]},{"time":0.3333,"angle":9.3,"curve":[0.25,0,0.75,1]},{"time":1,"angle":-9.59,"curve":[0.25,0,0.625,0.5]},{"time":1.3333,"angle":-0.14}]},"than24":{"rotate":[{"time":0,"angle":2.35,"curve":[0.381,0.55,0.742,1]},{"time":0.2667,"angle":9.3,"curve":[0.25,0,0.75,1]},{"time":0.9333,"angle":-9.59,"curve":[0.245,0,0.637,0.56]},{"time":1.3333,"angle":2.35}]},"than23":{"rotate":[{"time":0,"angle":4.73,"curve":[0.382,0.58,0.731,1]},{"time":0.2,"angle":9.3,"curve":[0.25,0,0.75,1]},{"time":0.8667,"angle":-9.59,"curve":[0.243,0,0.655,0.63]},{"time":1.3333,"angle":4.73}]},"than22":{"rotate":[{"time":0,"angle":6.84,"curve":[0.375,0.62,0.716,1]},{"time":0.1333,"angle":9.3,"curve":[0.25,0,0.75,1]},{"time":0.8,"angle":-9.59,"curve":[0.243,0,0.68,0.71]},{"time":1.3333,"angle":6.84}]},"than21":{"rotate":[{"time":0,"angle":8.5,"curve":[0.36,0.64,0.695,1]},{"time":0.0667,"angle":9.3,"curve":[0.25,0,0.75,1]},{"time":0.7333,"angle":-9.59,"curve":[0.245,0,0.711,0.83]},{"time":1.3333,"angle":8.5}]},"than20":{"rotate":[{"time":0,"angle":-1.12,"curve":[0.379,0.52,0.747,1]},{"time":0.3,"angle":-3.56,"curve":[0.25,0,0.75,1]},{"time":0.9667,"angle":2.07,"curve":[0.247,0,0.63,0.53]},{"time":1.3333,"angle":-1.12}]},"than19":{"rotate":[{"time":0,"angle":-2.2,"curve":[0.382,0.58,0.731,1]},{"time":0.2,"angle":-3.56,"curve":[0.25,0,0.75,1]},{"time":0.8667,"angle":2.07,"curve":[0.243,0,0.655,0.63]},{"time":1.3333,"angle":-2.2}]},"vay14":{"rotate":[{"time":0,"angle":1.04,"curve":[0.382,0.58,0.731,1]},{"time":0.2,"angle":0,"curve":[0.25,0,0.75,1]},{"time":0.8667,"angle":4.28,"curve":[0.243,0,0.655,0.63]},{"time":1.3333,"angle":1.04}]},"vay13":{"rotate":[{"time":0,"angle":0.56,"curve":[0.375,0.62,0.716,1]},{"time":0.1333,"angle":0,"curve":[0.25,0,0.75,1]},{"time":0.8,"angle":4.28,"curve":[0.243,0,0.68,0.71]},{"time":1.3333,"angle":0.56}]},"vay12":{"rotate":[{"time":0,"angle":0.18,"curve":[0.36,0.64,0.695,1]},{"time":0.0667,"angle":0,"curve":[0.25,0,0.75,1]},{"time":0.7333,"angle":4.28,"curve":[0.245,0,0.711,0.83]},{"time":1.3333,"angle":0.18}]},"vay17":{"rotate":[{"time":0,"angle":-1.36,"curve":[0.382,0.58,0.731,1]},{"time":0.2,"angle":0,"curve":[0.25,0,0.75,1]},{"time":0.8667,"angle":-5.6,"curve":[0.243,0,0.655,0.63]},{"time":1.3333,"angle":-1.36}]},"vay16":{"rotate":[{"time":0,"angle":-0.73,"curve":[0.375,0.62,0.716,1]},{"time":0.1333,"angle":0,"curve":[0.25,0,0.75,1]},{"time":0.8,"angle":-5.6,"curve":[0.243,0,0.68,0.71]},{"time":1.3333,"angle":-0.73}]},"vay15":{"rotate":[{"time":0,"angle":-0.24,"curve":[0.36,0.64,0.695,1]},{"time":0.0667,"angle":0,"curve":[0.25,0,0.75,1]},{"time":0.7333,"angle":-5.6,"curve":[0.245,0,0.711,0.83]},{"time":1.3333,"angle":-0.24}]},"than18":{"rotate":[{"time":0,"angle":-3.09,"curve":[0.369,0.63,0.706,1]},{"time":0.1,"angle":-3.56,"curve":[0.25,0,0.75,1]},{"time":0.7667,"angle":2.07,"curve":[0.244,0,0.694,0.77]},{"time":1.3333,"angle":-3.09}]}}}}},"_atlasText":"\n1999_Fish.png\nsize: 1825,1286\nformat: RGBA8888\nfilter: Linear,Linear\nrepeat: none\n22_x180/bong\n  rotate: true\n  xy: 1126, 663\n  size: 153, 251\n  orig: 154, 251\n  offset: 0, 0\n  index: -1\n22_x180/than\n  rotate: false\n  xy: 1032, 402\n  size: 87, 243\n  orig: 88, 244\n  offset: 0, 1\n  index: -1\n22_x180/vay\n  rotate: false\n  xy: 1639, 761\n  size: 44, 51\n  orig: 44, 52\n  offset: 0, 1\n  index: -1\n22_x180/vay1\n  rotate: true\n  xy: 1525, 2\n  size: 44, 50\n  orig: 44, 50\n  offset: 0, 0\n  index: -1\n22_x180/vay2\n  rotate: true\n  xy: 373, 873\n  size: 9, 37\n  orig: 9, 38\n  offset: 0, 1\n  index: -1\n","textures":[{"__uuid__":"02vAt9yrJC47ypLRdNAdpF"}],"textureNames":["1999_Fish.png"]}