[{"__type__":"cc.Prefab","_name":"33","data":{"__id__":1}},{"__type__":"cc.Node","_name":"Fish","_children":[{"__id__":2},{"__id__":4},{"__id__":6}],"_level":1,"_components":[{"__type__":"cc.BoxCollider","node":{"__id__":1},"tag":1,"_offset":{"__type__":"cc.Vec2","x":-22.8,"y":8.3},"_size":{"__type__":"cc.Size","width":120.4,"height":131.3}},{"__type__":"cc.BoxCollider","node":{"__id__":1},"tag":2,"_offset":{"__type__":"cc.Vec2","x":-114,"y":-39.3},"_size":{"__type__":"cc.Size","width":60.1,"height":28.1}},{"__type__":"cc.BoxCollider","node":{"__id__":1},"tag":3,"_offset":{"__type__":"cc.Vec2","x":10,"y":76},"_size":{"__type__":"cc.Size","width":296,"height":28}},{"__type__":"cc.BoxCollider","node":{"__id__":1},"tag":4,"_offset":{"__type__":"cc.Vec2","x":40,"y":-8},"_size":{"__type__":"cc.Size","width":52,"height":76}},{"__type__":"cc.BoxCollider","node":{"__id__":1},"tag":5,"_offset":{"__type__":"cc.Vec2","x":-14.9,"y":136.6},"_size":{"__type__":"cc.Size","width":76.3,"height":53}},{"__type__":"633aaNoCudNDJBRrk8d3b9L","node":{"__id__":1},"_isOutScreen":false,"_HIT_COLOR":null,"fishAnim":{"__id__":5},"spAura":{"__id__":3},"nodePosSmashTail":{"__id__":6}}],"_prefab":{"__type__":"cc.PrefabInfo","root":{"__id__":1},"asset":{"__uuid__":"eehWPoEx9MX7BudYAE9rbe"},"fileId":"03TfudVg5AF7/clmg87II9"},"groupIndex":4},{"__type__":"cc.Node","_name":"Aura","_parent":{"__id__":1},"_level":2,"_components":[{"__id__":3}],"_prefab":{"__type__":"cc.PrefabInfo","root":{"__id__":1},"asset":{"__uuid__":"eehWPoEx9MX7BudYAE9rbe"},"fileId":"caI7WNYa5K/KYVB1Y8sGoh"},"_contentSize":{"__type__":"cc.Size","width":363.45,"height":228.48},"_position":{"__type__":"cc.Vec3","x":-30,"y":-67}},{"__type__":"sp.Skeleton","node":{"__id__":2},"_materials":[{"__uuid__":"7a/QZLET9IDreTiBfRn2PD"}],"defaultAnimation":5,"_preCacheMode":0,"loop":false,"_animationName":5,"_playTimes":1,"_N$skeletonData":{"__uuid__":"e5m/Yc7DVMlKpXAi00qquT"}},{"__type__":"cc.Node","_name":"MainFish","_parent":{"__id__":1},"_level":4,"_components":[{"__id__":5}],"_prefab":{"__type__":"cc.PrefabInfo","root":{"__id__":1},"asset":{"__uuid__":"eehWPoEx9MX7BudYAE9rbe"},"fileId":"bcN7TkMQJLsoPCuV7bKLcZ"},"_contentSize":{"__type__":"cc.Size","width":544.92,"height":258.75},"_scale":{"__type__":"cc.Vec3","x":-1,"y":1,"z":1}},{"__type__":"sp.Skeleton","node":{"__id__":4},"_materials":[{"__uuid__":"4bWNXBMS9MrI80HvJZZB8e"}],"_preCacheMode":0,"_animationName":"Walk_Rotate_Trident","_N$skeletonData":{"__uuid__":"14XYt5fHpFoa0Hg0cxHKjO"}},{"__type__":"cc.Node","_name":"slapTail","_parent":{"__id__":1},"_level":2,"_prefab":{"__type__":"cc.PrefabInfo","root":{"__id__":1},"asset":{"__uuid__":"eehWPoEx9MX7BudYAE9rbe"},"fileId":"bbubxK86pJ+ap/g753mw9K"},"_position":{"__type__":"cc.Vec3","x":-164.917,"y":-44.011}}]