{"__type__":"sp.SkeletonData","_name":"Fish_14","skeletonJsonStr":"{\"skeleton\":{\"hash\":\"WMMzHsPqbJ6ng61vgPEighybqTA\",\"spine\":\"3.7.94\",\"width\":128.92,\"height\":97.1},\"bones\":[{\"name\":\"root\"},{\"name\":\"All_Scale\",\"parent\":\"root\"},{\"name\":\"scale\",\"parent\":\"All_Scale\",\"scaleX\":0.5,\"scaleY\":0.5},{\"name\":\"pos\",\"parent\":\"scale\",\"x\":150},{\"name\":\"neg\",\"parent\":\"scale\",\"x\":175},{\"name\":\"Control\",\"parent\":\"scale\",\"x\":200},{\"name\":\"bone\",\"parent\":\"scale\",\"x\":-48.92},{\"name\":\"bone2\",\"parent\":\"bone\",\"length\":16.24,\"rotation\":180},{\"name\":\"bone3\",\"parent\":\"bone2\",\"length\":16.24,\"x\":16.24},{\"name\":\"bone4\",\"parent\":\"bone3\",\"length\":16.24,\"x\":16.24},{\"name\":\"bone5\",\"parent\":\"bone4\",\"length\":16.24,\"x\":16.24},{\"name\":\"spike4\",\"parent\":\"scale\",\"x\":19.45,\"y\":63.96},{\"name\":\"spike1\",\"parent\":\"scale\",\"x\":18.59,\"y\":51.04},{\"name\":\"spike2\",\"parent\":\"scale\",\"x\":18.02,\"y\":35.26},{\"name\":\"spike3\",\"parent\":\"scale\",\"x\":18.02,\"y\":13.16},{\"name\":\"mouth\",\"parent\":\"scale\",\"x\":120.41},{\"name\":\"tailcontrol\",\"parent\":\"scale\",\"x\":-123.92,\"y\":-4.43},{\"name\":\"shadow\",\"parent\":\"scale\",\"length\":123.12,\"rotation\":178.24,\"x\":38.37,\"y\":-42.34,\"scaleX\":0.83,\"scaleY\":0.83},{\"name\":\"shadow2\",\"parent\":\"shadow\",\"length\":7.15,\"rotation\":5.13,\"x\":123.12},{\"name\":\"shadow3\",\"parent\":\"shadow2\",\"length\":10.63,\"rotation\":5.72,\"x\":6.73,\"y\":0.02},{\"name\":\"shadow4\",\"parent\":\"shadow3\",\"length\":9.21,\"rotation\":15.14,\"x\":10.63},{\"name\":\"shadow5\",\"parent\":\"shadow4\",\"x\":-3.18,\"y\":13.41}],\"slots\":[{\"name\":\"shadow\",\"bone\":\"shadow\",\"attachment\":\"14_x30/shadow\"},{\"name\":\"finbot2\",\"bone\":\"scale\",\"attachment\":\"14_x30/finbot2\"},{\"name\":\"spike4\",\"bone\":\"spike4\",\"attachment\":\"14_x30/spike4\"},{\"name\":\"spike8\",\"bone\":\"spike4\",\"attachment\":\"14_x30/spike4\"},{\"name\":\"body\",\"bone\":\"scale\",\"attachment\":\"14_x30/body\"},{\"name\":\"mouth\",\"bone\":\"mouth\",\"attachment\":\"14_x30/mouth\"},{\"name\":\"spike1\",\"bone\":\"spike1\",\"attachment\":\"14_x30/spike1\"},{\"name\":\"spike7\",\"bone\":\"spike1\",\"attachment\":\"14_x30/spike1\"},{\"name\":\"spike2\",\"bone\":\"spike2\",\"attachment\":\"14_x30/spike2\"},{\"name\":\"spike5\",\"bone\":\"spike2\",\"attachment\":\"14_x30/spike2\"},{\"name\":\"spike3\",\"bone\":\"spike3\",\"attachment\":\"14_x30/spike3\"},{\"name\":\"spike6\",\"bone\":\"spike3\",\"attachment\":\"14_x30/spike3\"},{\"name\":\"fintop\",\"bone\":\"scale\",\"attachment\":\"14_x30/fintop\"}],\"transform\":[{\"name\":\"mouth\",\"order\":6,\"bones\":[\"mouth\"],\"target\":\"pos\",\"x\":-29.59,\"rotateMix\":0,\"translateMix\":-0.3,\"scaleMix\":0,\"shearMix\":0},{\"name\":\"neg\",\"order\":1,\"bones\":[\"neg\"],\"target\":\"Control\",\"x\":-25,\"rotateMix\":0,\"translateMix\":-1,\"scaleMix\":0,\"shearMix\":0},{\"name\":\"pos\",\"order\":0,\"bones\":[\"pos\"],\"target\":\"Control\",\"x\":-50,\"rotateMix\":0,\"scaleMix\":0,\"shearMix\":0},{\"name\":\"spike1\",\"order\":2,\"bones\":[\"spike4\"],\"target\":\"neg\",\"x\":-155.55,\"y\":63.96,\"rotateMix\":0,\"translateMix\":0.5,\"scaleMix\":0,\"shearMix\":0},{\"name\":\"spike2\",\"order\":3,\"bones\":[\"spike1\"],\"target\":\"pos\",\"x\":-131.41,\"y\":51.04,\"rotateMix\":0,\"translateMix\":-0.3,\"scaleMix\":0,\"shearMix\":0},{\"name\":\"spike3\",\"order\":4,\"bones\":[\"spike2\"],\"target\":\"neg\",\"x\":-156.98,\"y\":35.26,\"rotateMix\":0,\"translateMix\":-0.03,\"scaleMix\":0,\"shearMix\":0},{\"name\":\"spike4\",\"order\":5,\"bones\":[\"spike3\"],\"target\":\"neg\",\"x\":-156.98,\"y\":13.16,\"rotateMix\":0,\"translateMix\":-0.2,\"scaleMix\":0,\"shearMix\":0}],\"skins\":{\"default\":{\"body\":{\"14_x30/body\":{\"type\":\"mesh\",\"uvs\":[1,1,0.62715,1,0.41288,0.93807,0.20909,0.53937,0.17839,0.53859,0.14168,0.53767,0.10561,0.53856,0.0729,0.53937,0.03521,0.52679,1.0E-5,0.51504,0,0.5,1.0E-5,0.47544,0.03672,0.46595,0.0729,0.45661,0.10756,0.45661,0.14098,0.45662,0.1764,0.4553,0.20909,0.45409,0.41288,0.06112,0.62715,0,1,0,1,0.25,1,0.5,1,0.75,0.70066,0.5,0.44649,0.5,0.20909,0.5,0.14151,0.49828,0.0729,0.5,0.10755,0.49913,0.17562,0.49915,0.03635,0.5,0.82833,0.18442,0.8758,0.26381,0.9116,0.36248,0.92172,0.33526,0.93183,0.27629,0.90615,0.20937,0.8579,0.19123,0.91113,0.62449,0.87724,0.72327,0.82891,0.80376,0.86406,0.79187,0.90548,0.76992,0.93059,0.71778,0.92368,0.65833],\"triangles\":[31,11,12,10,11,31,28,12,13,31,12,28,9,10,31,8,9,31,8,31,28,7,8,28,29,13,14,27,29,14,27,14,15,28,13,29,29,27,5,6,28,29,6,29,5,7,28,6,30,27,15,16,30,15,26,16,17,30,16,26,5,27,30,4,30,26,5,30,4,4,26,3,32,19,20,38,32,20,37,38,20,37,20,21,33,38,37,32,38,33,36,37,21,33,37,36,35,33,36,34,33,35,35,36,21,22,35,21,34,35,22,19,24,18,24,32,33,24,33,34,24,34,22,32,24,19,25,17,18,25,26,17,18,24,25,3,26,25,39,24,22,45,39,22,23,44,45,40,24,39,40,39,45,40,45,44,23,45,22,43,40,44,40,41,24,42,40,43,42,41,40,2,3,25,2,25,24,24,1,2,41,1,24,43,44,23,0,43,23,42,43,0,41,42,0,1,41,0],\"vertices\":[2,7,-172.76,82,0.5,4,-51.16,-82,0.5,2,7,-83.65,82,0.5,4,-140.27,-82,0.5,2,7,-32.44,71.84,0.5,4,-191.48,-71.84,0.5,2,7,16.26,6.46,0.5,8,0.02,6.46,0.5,3,7,23.6,6.33,0.27231,8,7.36,6.33,0.5,9,-8.88,6.33,0.22769,2,8,16.14,6.18,0.5,9,-0.11,6.18,0.5,3,8,24.76,6.32,0.23781,9,8.51,6.32,0.5,10,-7.73,6.32,0.26219,2,9,16.33,6.46,0.5,10,0.09,6.46,0.5,2,9,25.34,4.39,0.24146,10,9.1,4.39,0.75854,1,10,17.51,2.47,1,1,10,17.51,0,1,1,10,17.51,-4.03,1,2,9,24.98,-5.58,0.25183,10,8.74,-5.58,0.74817,2,9,16.33,-7.12,0.5,10,0.09,-7.12,0.5,3,8,24.29,-7.12,0.25455,9,8.05,-7.12,0.5,10,-8.19,-7.12,0.24545,2,8,16.3,-7.12,0.5,9,0.06,-7.12,0.5,3,7,24.08,-7.33,0.26004,8,7.84,-7.33,0.5,9,-8.4,-7.33,0.23996,2,7,16.26,-7.53,0.5,8,0.02,-7.53,0.5,2,7,-32.44,-71.98,0.5,4,-191.48,71.98,0.5,2,7,-83.65,-82,0.5,4,-140.27,82,0.5,2,7,-172.76,-82,0.5,4,-51.16,82,0.5,2,7,-172.76,-41,0.558,4,-51.16,41,0.442,2,7,-172.76,0,0.8,4,-51.16,0,0.2,2,7,-172.76,41,0.558,4,-51.16,-41,0.442,2,7,-101.22,0,0.5,3,-97.7,0,0.5,2,7,-40.47,0,0.5,3,-158.45,0,0.5,2,7,16.26,0,0.5,8,0.02,0,0.5,2,8,16.18,-0.28,0.5,9,-0.07,-0.28,0.5,2,9,16.33,0,0.5,10,0.09,0,0.5,3,8,24.29,-0.14,0.25254,9,8.05,-0.14,0.5,10,-8.19,-0.14,0.24746,3,7,24.26,-0.14,0.2524,8,8.02,-0.14,0.5,9,-8.22,-0.14,0.2476,2,9,25.07,0,0.24931,10,8.83,0,0.75069,2,7,-131.73,-51.75,0.5,4,-92.19,51.75,0.5,2,7,-143.08,-38.73,0.7,4,-80.84,38.73,0.3,2,7,-151.63,-22.55,0.7,4,-72.29,22.55,0.3,2,7,-154.05,-27.02,0.5,4,-69.87,27.02,0.5,2,7,-156.47,-36.69,0.5,4,-67.45,36.69,0.5,2,7,-150.33,-47.66,0.5,4,-73.59,47.66,0.5,2,7,-138.8,-50.64,0.5,4,-85.12,50.64,0.5,2,7,-151.52,20.42,0.7,4,-72.4,-20.42,0.3,2,7,-143.42,36.62,0.7,4,-80.5,-36.62,0.3,2,7,-131.87,49.82,0.5,4,-92.05,-49.82,0.5,2,7,-140.27,47.87,0.5,4,-83.65,-47.87,0.5,2,7,-150.17,44.27,0.5,4,-73.75,-44.27,0.5,2,7,-156.17,35.72,0.5,4,-67.75,-35.72,0.5,2,7,-154.52,25.97,0.5,4,-69.4,-25.97,0.5],\"hull\":24}},\"finbot2\":{\"14_x30/finbot2\":{\"type\":\"mesh\",\"uvs\":[1,1,0.942,1,0.65158,1,0.37295,1,0,1,0,0,0.37295,9.0E-5,0.65158,0,0.942,0,1,0],\"triangles\":[3,4,6,7,2,3,2,8,1,0,1,8,4,5,6,6,7,3,9,0,8,8,2,7],\"vertices\":[1,16,62.01,-18.46,1,1,16,58.71,-18.46,1,1,16,42.15,-18.46,1,1,16,26.27,-18.47,1,1,16,5.01,-18.46,1,1,10,21.26,-0.11,1,2,9,16.25,-0.1,0.49339,10,0.01,-0.1,0.50661,2,8,16.61,-0.11,0.16921,9,0.37,-0.11,0.83079,1,8,0.05,-0.11,1,1,8,-3.25,-0.11,1],\"hull\":10}},\"fintop\":{\"14_x30/fintop\":{\"type\":\"mesh\",\"uvs\":[1,1,0,1,0,0,1,0],\"triangles\":[1,2,3,1,3,0],\"vertices\":[2,3,-159.11,-0.1,0.5,4,-184.11,-0.1,0.5,2,3,-215.11,-0.1,0.5,4,-240.11,-0.1,0.5,1,3,-215.11,-0.02,1,1,3,-159.11,-0.02,1],\"hull\":4}},\"mouth\":{\"14_x30/mouth\":{\"width\":22,\"height\":68}},\"shadow\":{\"14_x30/shadow\":{\"type\":\"mesh\",\"color\":\"ffffff65\",\"uvs\":[1,0,0.19319,0,0.21059,0.43883,0.16925,0.44744,0.10181,0.44744,0.00825,0.48191,0,0.56807,0.08658,0.62551,0.16055,0.64274,0.21059,0.58817,0.20842,1,1,1],\"triangles\":[7,6,4,4,6,5,8,7,9,7,4,9,4,3,9,10,9,11,11,2,0,3,2,9,11,9,2,2,1,0],\"vertices\":[2,17,-7.03,-64.25,0.99788,19,-146.61,-37.96,0.00212,1,17,126.03,-60.16,1,2,17,121.48,-5.42,0.80672,19,-9.33,-4.37,0.19328,3,17,128.26,-4.14,0.03825,18,4.76,-4.58,0.09926,19,-2.43,-4.38,0.86249,3,18,15.87,-5.23,0.30973,19,8.56,-6.14,0.51205,20,-3.6,-5.39,0.17822,2,18,31.53,-1.84,0.00782,20,12.24,-7.79,0.99218,2,19,27.53,6.09,0.00266,20,17.9,1.47,0.99734,4,17,141.22,18.53,0.01833,18,19.68,16.84,5.9E-4,19,14.56,15.44,0.42722,20,7.82,13.88,0.55387,4,17,128.95,20.31,0.15382,18,7.62,19.71,0.03832,19,2.85,19.5,0.5948,20,-2.42,20.85,0.21306,4,17,120.91,13.24,0.85,18,-1.02,13.38,0.03904,19,-6.38,14.06,0.09957,20,-12.75,18.02,0.01139,1,17,119.69,64.7,1,1,17,-10.86,60.69,1],\"hull\":12}},\"spike1\":{\"14_x30/spike1\":{\"x\":3.83,\"y\":17.55,\"width\":123,\"height\":53}},\"spike2\":{\"14_x30/spike2\":{\"x\":-17.1,\"y\":4.84,\"width\":122,\"height\":42}},\"spike3\":{\"14_x30/spike3\":{\"x\":-12.1,\"y\":-0.06,\"width\":104,\"height\":20}},\"spike4\":{\"14_x30/spike4\":{\"x\":16.97,\"y\":-13.36,\"width\":205,\"height\":93}},\"spike5\":{\"14_x30/spike2\":{\"x\":-17.1,\"y\":-75.35,\"scaleY\":-1,\"width\":122,\"height\":42}},\"spike6\":{\"14_x30/spike3\":{\"x\":-12.1,\"y\":-26.26,\"scaleY\":-1,\"width\":104,\"height\":20}},\"spike7\":{\"14_x30/spike1\":{\"x\":3.83,\"y\":-119.64,\"scaleY\":-1,\"width\":123,\"height\":53}},\"spike8\":{\"14_x30/spike4\":{\"x\":16.97,\"y\":-114.55,\"scaleY\":-1,\"width\":205,\"height\":93}}}},\"animations\":{\"animation\":{\"bones\":{\"Control\":{\"translate\":[{\"time\":0,\"x\":0,\"y\":10,\"curve\":[0.25,0,0.75,1]},{\"time\":0.5,\"x\":0,\"y\":-10,\"curve\":[0.25,0,0.75,1]},{\"time\":1,\"x\":0,\"y\":10}]},\"mouth\":{\"scale\":[{\"time\":0,\"x\":1,\"y\":1,\"curve\":[0.25,0,0.75,1]},{\"time\":0.2333,\"x\":1,\"y\":0.9,\"curve\":[0.25,0,0.75,1]},{\"time\":0.5,\"x\":1,\"y\":1,\"curve\":[0.25,0,0.75,1]},{\"time\":0.7667,\"x\":1,\"y\":0.9,\"curve\":[0.25,0,0.75,1]},{\"time\":1,\"x\":1,\"y\":1}]},\"bone2\":{\"rotate\":[{\"time\":0,\"angle\":0}]},\"bone3\":{\"rotate\":[{\"time\":0,\"angle\":-32.95,\"curve\":[0.25,0,0.75,1]},{\"time\":0.5,\"angle\":30.23,\"curve\":[0.25,0,0.75,1]},{\"time\":1,\"angle\":-32.95}]},\"bone4\":{\"rotate\":[{\"time\":0,\"angle\":-15.02,\"curve\":[0.382,0.57,0.735,1]},{\"time\":0.1667,\"angle\":-32.95,\"curve\":[0.25,0,0.75,1]},{\"time\":0.6667,\"angle\":30.23,\"curve\":[0.243,0,0.649,0.6]},{\"time\":1,\"angle\":-15.02}]},\"bone5\":{\"rotate\":[{\"time\":0,\"angle\":12.3,\"curve\":[0.351,0.4,0.757,1]},{\"time\":0.3333,\"angle\":-32.95,\"curve\":[0.25,0,0.75,1]},{\"time\":0.8333,\"angle\":30.23,\"curve\":[0.265,0,0.618,0.43]},{\"time\":1,\"angle\":12.3}]},\"tailcontrol\":{\"translate\":[{\"time\":0,\"x\":0,\"y\":12.48,\"curve\":[0.351,0.4,0.757,1]},{\"time\":0.3333,\"x\":0,\"y\":43.97,\"curve\":[0.25,0,0.75,1]},{\"time\":0.8333,\"x\":0,\"y\":0,\"curve\":[0.265,0,0.618,0.43]},{\"time\":1,\"x\":0,\"y\":12.48}]},\"shadow\":{\"scale\":[{\"time\":0,\"x\":1,\"y\":1,\"curve\":\"stepped\"},{\"time\":1,\"x\":1,\"y\":1}]},\"shadow2\":{\"rotate\":[{\"time\":0,\"angle\":-33.17,\"curve\":[0.25,0,0.75,1]},{\"time\":0.5,\"angle\":20.37,\"curve\":[0.25,0,0.75,1]},{\"time\":1,\"angle\":-33.17}]},\"shadow3\":{\"rotate\":[{\"time\":0,\"angle\":-26.2,\"curve\":[0.375,0.62,0.716,1]},{\"time\":0.1,\"angle\":-33.17},{\"time\":0.6,\"angle\":20.37,\"curve\":[0.243,0,0.68,0.71]},{\"time\":1,\"angle\":-26.2}]},\"shadow4\":{\"rotate\":[{\"time\":0,\"angle\":-13.68,\"curve\":[0.349,0.39,0.689,0.74]},{\"time\":0.1,\"angle\":-26.2,\"curve\":[0.375,0.62,0.716,1]},{\"time\":0.2,\"angle\":-33.17,\"curve\":[0.25,0,0.75,1]},{\"time\":0.7,\"angle\":20.37,\"curve\":[0.245,0,0.637,0.56]},{\"time\":1,\"angle\":-13.68}]}},\"deform\":{\"default\":{\"shadow\":{\"14_x30/shadow\":[{\"time\":0,\"curve\":[0.25,0,0.75,1]},{\"time\":0.5,\"vertices\":[0.59199,-19.2709,-3.04605,-19.03781,0.59199,-19.2709,0,0,0,0,0,0,0,0,0,0,0,0,0,0,0,0,0,0,0,0,0,0,0,0,0,0,0,0,0,0,0,0,0,0,0,0,0,0,0,0,0,0,0,0,0,0,0,0,0.2516,-8.19014,0.2516,-8.19014],\"curve\":[0.25,0,0.75,1]},{\"time\":1}]}}}}}}","_skeletonJson":{"skeleton":{"hash":"WMMzHsPqbJ6ng61vgPEighybqTA","spine":"3.7.94","width":128.92,"height":97.1},"bones":[{"name":"root"},{"name":"All_Scale","parent":"root"},{"name":"scale","parent":"All_Scale","scaleX":0.5,"scaleY":0.5},{"name":"pos","parent":"scale","x":150},{"name":"neg","parent":"scale","x":175},{"name":"Control","parent":"scale","x":200},{"name":"bone","parent":"scale","x":-48.92},{"name":"bone2","parent":"bone","length":16.24,"rotation":180},{"name":"bone3","parent":"bone2","length":16.24,"x":16.24},{"name":"bone4","parent":"bone3","length":16.24,"x":16.24},{"name":"bone5","parent":"bone4","length":16.24,"x":16.24},{"name":"spike4","parent":"scale","x":19.45,"y":63.96},{"name":"spike1","parent":"scale","x":18.59,"y":51.04},{"name":"spike2","parent":"scale","x":18.02,"y":35.26},{"name":"spike3","parent":"scale","x":18.02,"y":13.16},{"name":"mouth","parent":"scale","x":120.41},{"name":"tailcontrol","parent":"scale","x":-123.92,"y":-4.43},{"name":"shadow","parent":"scale","length":123.12,"rotation":178.24,"x":38.37,"y":-42.34,"scaleX":0.83,"scaleY":0.83},{"name":"shadow2","parent":"shadow","length":7.15,"rotation":5.13,"x":123.12},{"name":"shadow3","parent":"shadow2","length":10.63,"rotation":5.72,"x":6.73,"y":0.02},{"name":"shadow4","parent":"shadow3","length":9.21,"rotation":15.14,"x":10.63},{"name":"shadow5","parent":"shadow4","x":-3.18,"y":13.41}],"slots":[{"name":"shadow","bone":"shadow","attachment":"14_x30/shadow"},{"name":"finbot2","bone":"scale","attachment":"14_x30/finbot2"},{"name":"spike4","bone":"spike4","attachment":"14_x30/spike4"},{"name":"spike8","bone":"spike4","attachment":"14_x30/spike4"},{"name":"body","bone":"scale","attachment":"14_x30/body"},{"name":"mouth","bone":"mouth","attachment":"14_x30/mouth"},{"name":"spike1","bone":"spike1","attachment":"14_x30/spike1"},{"name":"spike7","bone":"spike1","attachment":"14_x30/spike1"},{"name":"spike2","bone":"spike2","attachment":"14_x30/spike2"},{"name":"spike5","bone":"spike2","attachment":"14_x30/spike2"},{"name":"spike3","bone":"spike3","attachment":"14_x30/spike3"},{"name":"spike6","bone":"spike3","attachment":"14_x30/spike3"},{"name":"fintop","bone":"scale","attachment":"14_x30/fintop"}],"transform":[{"name":"mouth","order":6,"bones":["mouth"],"target":"pos","x":-29.59,"rotateMix":0,"translateMix":-0.3,"scaleMix":0,"shearMix":0},{"name":"neg","order":1,"bones":["neg"],"target":"Control","x":-25,"rotateMix":0,"translateMix":-1,"scaleMix":0,"shearMix":0},{"name":"pos","order":0,"bones":["pos"],"target":"Control","x":-50,"rotateMix":0,"scaleMix":0,"shearMix":0},{"name":"spike1","order":2,"bones":["spike4"],"target":"neg","x":-155.55,"y":63.96,"rotateMix":0,"translateMix":0.5,"scaleMix":0,"shearMix":0},{"name":"spike2","order":3,"bones":["spike1"],"target":"pos","x":-131.41,"y":51.04,"rotateMix":0,"translateMix":-0.3,"scaleMix":0,"shearMix":0},{"name":"spike3","order":4,"bones":["spike2"],"target":"neg","x":-156.98,"y":35.26,"rotateMix":0,"translateMix":-0.03,"scaleMix":0,"shearMix":0},{"name":"spike4","order":5,"bones":["spike3"],"target":"neg","x":-156.98,"y":13.16,"rotateMix":0,"translateMix":-0.2,"scaleMix":0,"shearMix":0}],"skins":{"default":{"body":{"14_x30/body":{"type":"mesh","uvs":[1,1,0.62715,1,0.41288,0.93807,0.20909,0.53937,0.17839,0.53859,0.14168,0.53767,0.10561,0.53856,0.0729,0.53937,0.03521,0.52679,0.00001,0.51504,0,0.5,0.00001,0.47544,0.03672,0.46595,0.0729,0.45661,0.10756,0.45661,0.14098,0.45662,0.1764,0.4553,0.20909,0.45409,0.41288,0.06112,0.62715,0,1,0,1,0.25,1,0.5,1,0.75,0.70066,0.5,0.44649,0.5,0.20909,0.5,0.14151,0.49828,0.0729,0.5,0.10755,0.49913,0.17562,0.49915,0.03635,0.5,0.82833,0.18442,0.8758,0.26381,0.9116,0.36248,0.92172,0.33526,0.93183,0.27629,0.90615,0.20937,0.8579,0.19123,0.91113,0.62449,0.87724,0.72327,0.82891,0.80376,0.86406,0.79187,0.90548,0.76992,0.93059,0.71778,0.92368,0.65833],"triangles":[31,11,12,10,11,31,28,12,13,31,12,28,9,10,31,8,9,31,8,31,28,7,8,28,29,13,14,27,29,14,27,14,15,28,13,29,29,27,5,6,28,29,6,29,5,7,28,6,30,27,15,16,30,15,26,16,17,30,16,26,5,27,30,4,30,26,5,30,4,4,26,3,32,19,20,38,32,20,37,38,20,37,20,21,33,38,37,32,38,33,36,37,21,33,37,36,35,33,36,34,33,35,35,36,21,22,35,21,34,35,22,19,24,18,24,32,33,24,33,34,24,34,22,32,24,19,25,17,18,25,26,17,18,24,25,3,26,25,39,24,22,45,39,22,23,44,45,40,24,39,40,39,45,40,45,44,23,45,22,43,40,44,40,41,24,42,40,43,42,41,40,2,3,25,2,25,24,24,1,2,41,1,24,43,44,23,0,43,23,42,43,0,41,42,0,1,41,0],"vertices":[2,7,-172.76,82,0.5,4,-51.16,-82,0.5,2,7,-83.65,82,0.5,4,-140.27,-82,0.5,2,7,-32.44,71.84,0.5,4,-191.48,-71.84,0.5,2,7,16.26,6.46,0.5,8,0.02,6.46,0.5,3,7,23.6,6.33,0.27231,8,7.36,6.33,0.5,9,-8.88,6.33,0.22769,2,8,16.14,6.18,0.5,9,-0.11,6.18,0.5,3,8,24.76,6.32,0.23781,9,8.51,6.32,0.5,10,-7.73,6.32,0.26219,2,9,16.33,6.46,0.5,10,0.09,6.46,0.5,2,9,25.34,4.39,0.24146,10,9.1,4.39,0.75854,1,10,17.51,2.47,1,1,10,17.51,0,1,1,10,17.51,-4.03,1,2,9,24.98,-5.58,0.25183,10,8.74,-5.58,0.74817,2,9,16.33,-7.12,0.5,10,0.09,-7.12,0.5,3,8,24.29,-7.12,0.25455,9,8.05,-7.12,0.5,10,-8.19,-7.12,0.24545,2,8,16.3,-7.12,0.5,9,0.06,-7.12,0.5,3,7,24.08,-7.33,0.26004,8,7.84,-7.33,0.5,9,-8.4,-7.33,0.23996,2,7,16.26,-7.53,0.5,8,0.02,-7.53,0.5,2,7,-32.44,-71.98,0.5,4,-191.48,71.98,0.5,2,7,-83.65,-82,0.5,4,-140.27,82,0.5,2,7,-172.76,-82,0.5,4,-51.16,82,0.5,2,7,-172.76,-41,0.558,4,-51.16,41,0.442,2,7,-172.76,0,0.8,4,-51.16,0,0.2,2,7,-172.76,41,0.558,4,-51.16,-41,0.442,2,7,-101.22,0,0.5,3,-97.7,0,0.5,2,7,-40.47,0,0.5,3,-158.45,0,0.5,2,7,16.26,0,0.5,8,0.02,0,0.5,2,8,16.18,-0.28,0.5,9,-0.07,-0.28,0.5,2,9,16.33,0,0.5,10,0.09,0,0.5,3,8,24.29,-0.14,0.25254,9,8.05,-0.14,0.5,10,-8.19,-0.14,0.24746,3,7,24.26,-0.14,0.2524,8,8.02,-0.14,0.5,9,-8.22,-0.14,0.2476,2,9,25.07,0,0.24931,10,8.83,0,0.75069,2,7,-131.73,-51.75,0.5,4,-92.19,51.75,0.5,2,7,-143.08,-38.73,0.7,4,-80.84,38.73,0.3,2,7,-151.63,-22.55,0.7,4,-72.29,22.55,0.3,2,7,-154.05,-27.02,0.5,4,-69.87,27.02,0.5,2,7,-156.47,-36.69,0.5,4,-67.45,36.69,0.5,2,7,-150.33,-47.66,0.5,4,-73.59,47.66,0.5,2,7,-138.8,-50.64,0.5,4,-85.12,50.64,0.5,2,7,-151.52,20.42,0.7,4,-72.4,-20.42,0.3,2,7,-143.42,36.62,0.7,4,-80.5,-36.62,0.3,2,7,-131.87,49.82,0.5,4,-92.05,-49.82,0.5,2,7,-140.27,47.87,0.5,4,-83.65,-47.87,0.5,2,7,-150.17,44.27,0.5,4,-73.75,-44.27,0.5,2,7,-156.17,35.72,0.5,4,-67.75,-35.72,0.5,2,7,-154.52,25.97,0.5,4,-69.4,-25.97,0.5],"hull":24}},"finbot2":{"14_x30/finbot2":{"type":"mesh","uvs":[1,1,0.942,1,0.65158,1,0.37295,1,0,1,0,0,0.37295,0.00009,0.65158,0,0.942,0,1,0],"triangles":[3,4,6,7,2,3,2,8,1,0,1,8,4,5,6,6,7,3,9,0,8,8,2,7],"vertices":[1,16,62.01,-18.46,1,1,16,58.71,-18.46,1,1,16,42.15,-18.46,1,1,16,26.27,-18.47,1,1,16,5.01,-18.46,1,1,10,21.26,-0.11,1,2,9,16.25,-0.1,0.49339,10,0.01,-0.1,0.50661,2,8,16.61,-0.11,0.16921,9,0.37,-0.11,0.83079,1,8,0.05,-0.11,1,1,8,-3.25,-0.11,1],"hull":10}},"fintop":{"14_x30/fintop":{"type":"mesh","uvs":[1,1,0,1,0,0,1,0],"triangles":[1,2,3,1,3,0],"vertices":[2,3,-159.11,-0.1,0.5,4,-184.11,-0.1,0.5,2,3,-215.11,-0.1,0.5,4,-240.11,-0.1,0.5,1,3,-215.11,-0.02,1,1,3,-159.11,-0.02,1],"hull":4}},"mouth":{"14_x30/mouth":{"width":22,"height":68}},"shadow":{"14_x30/shadow":{"type":"mesh","color":"ffffff65","uvs":[1,0,0.19319,0,0.21059,0.43883,0.16925,0.44744,0.10181,0.44744,0.00825,0.48191,0,0.56807,0.08658,0.62551,0.16055,0.64274,0.21059,0.58817,0.20842,1,1,1],"triangles":[7,6,4,4,6,5,8,7,9,7,4,9,4,3,9,10,9,11,11,2,0,3,2,9,11,9,2,2,1,0],"vertices":[2,17,-7.03,-64.25,0.99788,19,-146.61,-37.96,0.00212,1,17,126.03,-60.16,1,2,17,121.48,-5.42,0.80672,19,-9.33,-4.37,0.19328,3,17,128.26,-4.14,0.03825,18,4.76,-4.58,0.09926,19,-2.43,-4.38,0.86249,3,18,15.87,-5.23,0.30973,19,8.56,-6.14,0.51205,20,-3.6,-5.39,0.17822,2,18,31.53,-1.84,0.00782,20,12.24,-7.79,0.99218,2,19,27.53,6.09,0.00266,20,17.9,1.47,0.99734,4,17,141.22,18.53,0.01833,18,19.68,16.84,0.00059,19,14.56,15.44,0.42722,20,7.82,13.88,0.55387,4,17,128.95,20.31,0.15382,18,7.62,19.71,0.03832,19,2.85,19.5,0.5948,20,-2.42,20.85,0.21306,4,17,120.91,13.24,0.85,18,-1.02,13.38,0.03904,19,-6.38,14.06,0.09957,20,-12.75,18.02,0.01139,1,17,119.69,64.7,1,1,17,-10.86,60.69,1],"hull":12}},"spike1":{"14_x30/spike1":{"x":3.83,"y":17.55,"width":123,"height":53}},"spike2":{"14_x30/spike2":{"x":-17.1,"y":4.84,"width":122,"height":42}},"spike3":{"14_x30/spike3":{"x":-12.1,"y":-0.06,"width":104,"height":20}},"spike4":{"14_x30/spike4":{"x":16.97,"y":-13.36,"width":205,"height":93}},"spike5":{"14_x30/spike2":{"x":-17.1,"y":-75.35,"scaleY":-1,"width":122,"height":42}},"spike6":{"14_x30/spike3":{"x":-12.1,"y":-26.26,"scaleY":-1,"width":104,"height":20}},"spike7":{"14_x30/spike1":{"x":3.83,"y":-119.64,"scaleY":-1,"width":123,"height":53}},"spike8":{"14_x30/spike4":{"x":16.97,"y":-114.55,"scaleY":-1,"width":205,"height":93}}}},"animations":{"animation":{"bones":{"Control":{"translate":[{"time":0,"x":0,"y":10,"curve":[0.25,0,0.75,1]},{"time":0.5,"x":0,"y":-10,"curve":[0.25,0,0.75,1]},{"time":1,"x":0,"y":10}]},"mouth":{"scale":[{"time":0,"x":1,"y":1,"curve":[0.25,0,0.75,1]},{"time":0.2333,"x":1,"y":0.9,"curve":[0.25,0,0.75,1]},{"time":0.5,"x":1,"y":1,"curve":[0.25,0,0.75,1]},{"time":0.7667,"x":1,"y":0.9,"curve":[0.25,0,0.75,1]},{"time":1,"x":1,"y":1}]},"bone2":{"rotate":[{"time":0,"angle":0}]},"bone3":{"rotate":[{"time":0,"angle":-32.95,"curve":[0.25,0,0.75,1]},{"time":0.5,"angle":30.23,"curve":[0.25,0,0.75,1]},{"time":1,"angle":-32.95}]},"bone4":{"rotate":[{"time":0,"angle":-15.02,"curve":[0.382,0.57,0.735,1]},{"time":0.1667,"angle":-32.95,"curve":[0.25,0,0.75,1]},{"time":0.6667,"angle":30.23,"curve":[0.243,0,0.649,0.6]},{"time":1,"angle":-15.02}]},"bone5":{"rotate":[{"time":0,"angle":12.3,"curve":[0.351,0.4,0.757,1]},{"time":0.3333,"angle":-32.95,"curve":[0.25,0,0.75,1]},{"time":0.8333,"angle":30.23,"curve":[0.265,0,0.618,0.43]},{"time":1,"angle":12.3}]},"tailcontrol":{"translate":[{"time":0,"x":0,"y":12.48,"curve":[0.351,0.4,0.757,1]},{"time":0.3333,"x":0,"y":43.97,"curve":[0.25,0,0.75,1]},{"time":0.8333,"x":0,"y":0,"curve":[0.265,0,0.618,0.43]},{"time":1,"x":0,"y":12.48}]},"shadow":{"scale":[{"time":0,"x":1,"y":1,"curve":"stepped"},{"time":1,"x":1,"y":1}]},"shadow2":{"rotate":[{"time":0,"angle":-33.17,"curve":[0.25,0,0.75,1]},{"time":0.5,"angle":20.37,"curve":[0.25,0,0.75,1]},{"time":1,"angle":-33.17}]},"shadow3":{"rotate":[{"time":0,"angle":-26.2,"curve":[0.375,0.62,0.716,1]},{"time":0.1,"angle":-33.17},{"time":0.6,"angle":20.37,"curve":[0.243,0,0.68,0.71]},{"time":1,"angle":-26.2}]},"shadow4":{"rotate":[{"time":0,"angle":-13.68,"curve":[0.349,0.39,0.689,0.74]},{"time":0.1,"angle":-26.2,"curve":[0.375,0.62,0.716,1]},{"time":0.2,"angle":-33.17,"curve":[0.25,0,0.75,1]},{"time":0.7,"angle":20.37,"curve":[0.245,0,0.637,0.56]},{"time":1,"angle":-13.68}]}},"deform":{"default":{"shadow":{"14_x30/shadow":[{"time":0,"curve":[0.25,0,0.75,1]},{"time":0.5,"vertices":[0.59199,-19.2709,-3.04605,-19.03781,0.59199,-19.2709,0,0,0,0,0,0,0,0,0,0,0,0,0,0,0,0,0,0,0,0,0,0,0,0,0,0,0,0,0,0,0,0,0,0,0,0,0,0,0,0,0,0,0,0,0,0,0,0,0.2516,-8.19014,0.2516,-8.19014],"curve":[0.25,0,0.75,1]},{"time":1}]}}}}}},"_atlasText":"\nFish1992.png\nsize: 1024,1024\nformat: RGBA8888\nfilter: Linear,Linear\nrepeat: none\n14_x30/body\n  rotate: true\n  xy: 440, 659\n  size: 120, 82\n  orig: 120, 82\n  offset: 0, 0\n  index: -1\n14_x30/finbot2\n  rotate: true\n  xy: 677, 570\n  size: 29, 12\n  orig: 29, 12\n  offset: 0, 0\n  index: -1\n14_x30/fintop\n  rotate: true\n  xy: 680, 511\n  size: 28, 11\n  orig: 28, 11\n  offset: 0, 0\n  index: -1\n14_x30/mouth\n  rotate: true\n  xy: 338, 319\n  size: 11, 34\n  orig: 11, 34\n  offset: 0, 0\n  index: -1\n14_x30/shadow\n  rotate: true\n  xy: 268, 2\n  size: 81, 61\n  orig: 83, 63\n  offset: 1, 1\n  index: -1\n14_x30/spike1\n  rotate: false\n  xy: 955, 764\n  size: 62, 27\n  orig: 62, 27\n  offset: 0, 0\n  index: -1\n14_x30/spike2\n  rotate: true\n  xy: 653, 420\n  size: 61, 21\n  orig: 61, 21\n  offset: 0, 0\n  index: -1\n14_x30/spike3\n  rotate: false\n  xy: 698, 663\n  size: 52, 10\n  orig: 52, 10\n  offset: 0, 0\n  index: -1\n14_x30/spike4\n  rotate: false\n  xy: 919, 888\n  size: 103, 47\n  orig: 103, 47\n  offset: 0, 0\n  index: -1\n","textures":[{"__uuid__":"9by7GcOfRMaIxdhcHI+96q"}],"textureNames":["Fish1992.png"]}