[{"__type__":"cc.Prefab","_name":"BigExplosion","data":{"__id__":1}},{"__type__":"cc.Node","_name":"BigExplosion","_level":1,"_components":[{"__type__":"sp.Skeleton","node":{"__id__":1},"_materials":[{"__uuid__":"7a/QZLET9IDreTiBfRn2PD"}],"defaultAnimation":"animation","_preCacheMode":0,"_animationName":"animation","_N$skeletonData":{"__uuid__":"60wAAeVe9FI7HDwMqmODuc"},"_N$enableBatch":true},{"__type__":"6c239EkLNZOEqwG7ij0SCmy","node":{"__id__":1}}],"_prefab":{"__type__":"cc.PrefabInfo","root":{"__id__":1},"asset":{"__uuid__":"94Up2IKoJPd7KoPlcW4pHx"},"fileId":"75kKQHKpVBb7Rfelc1fhEf"},"_contentSize":{"__type__":"cc.Size","width":454.19,"height":447.29}}]