{"__type__":"sp.SkeletonData","_name":"Fish_16","skeletonJsonStr":"{\"skeleton\":{\"hash\":\"mbBeeu5OnBQ3yvJO3C05saR0h40\",\"spine\":\"3.7.94\",\"width\":156.1,\"height\":112.36},\"bones\":[{\"name\":\"root\"},{\"name\":\"All_Scale\",\"parent\":\"root\",\"scaleX\":1.05,\"scaleY\":1.05},{\"name\":\"All\",\"parent\":\"All_Scale\",\"scaleX\":0.5,\"scaleY\":0.5},{\"name\":\"Main\",\"parent\":\"All\"},{\"name\":\"bone\",\"parent\":\"Main\",\"rotation\":180,\"x\":67},{\"name\":\"bone2\",\"parent\":\"bone\",\"length\":57.14,\"x\":57.14},{\"name\":\"bone3\",\"parent\":\"bone2\",\"length\":57.14,\"x\":57.14},{\"name\":\"bone5\",\"parent\":\"bone3\",\"length\":21.08,\"x\":57.15,\"y\":-2.09},{\"name\":\"eye\",\"parent\":\"Main\",\"x\":55.59,\"y\":-16.13},{\"name\":\"wing\",\"parent\":\"Main\",\"x\":29.52,\"y\":-45.85},{\"name\":\"bone6\",\"parent\":\"bone5\",\"length\":21.08,\"x\":21.08},{\"name\":\"bone7\",\"parent\":\"bone6\",\"length\":22.11,\"x\":21.08},{\"name\":\"pos\",\"parent\":\"Main\",\"x\":150},{\"name\":\"neg\",\"parent\":\"Main\",\"x\":175},{\"name\":\"control\",\"parent\":\"Main\",\"x\":200},{\"name\":\"fintop\",\"parent\":\"Main\",\"x\":-18.81,\"y\":2.58},{\"name\":\"fin1\",\"parent\":\"Main\",\"x\":-42.6,\"y\":61.08},{\"name\":\"fin2\",\"parent\":\"Main\",\"x\":-56.23,\"y\":42.48},{\"name\":\"fin3\",\"parent\":\"Main\",\"x\":-66.17,\"y\":28.28},{\"name\":\"fin4\",\"parent\":\"Main\",\"x\":-74.69,\"y\":16.49},{\"name\":\"fin5\",\"parent\":\"Main\",\"x\":-80.8,\"y\":7.97},{\"name\":\"bone4\",\"parent\":\"Main\",\"length\":27.61,\"rotation\":142.81,\"x\":34.94,\"y\":5.49},{\"name\":\"bone8\",\"parent\":\"bone4\",\"length\":26.87,\"rotation\":-1.21,\"x\":27.61},{\"name\":\"bone9\",\"parent\":\"bone8\",\"length\":21.78,\"rotation\":0.38,\"x\":26.87},{\"name\":\"bone10\",\"parent\":\"bone9\",\"length\":21.1,\"rotation\":-0.38,\"x\":21.76,\"y\":-0.22},{\"name\":\"bone11\",\"parent\":\"bone7\",\"length\":22.11,\"x\":22.11},{\"name\":\"bone12\",\"parent\":\"Main\",\"x\":-200.67,\"y\":-32.19},{\"name\":\"wing2\",\"parent\":\"wing\",\"length\":56.55,\"rotation\":-129.47,\"x\":0.78,\"y\":-9.41},{\"name\":\"wing3\",\"parent\":\"wing\",\"length\":47.34,\"rotation\":-142.72,\"x\":-3.92,\"y\":-5.78},{\"name\":\"wing4\",\"parent\":\"wing\",\"length\":35.79,\"rotation\":-153.74,\"x\":-12.91,\"y\":-5.78},{\"name\":\"wing5\",\"parent\":\"Main\",\"x\":29.52,\"y\":45.85,\"scaleY\":-1},{\"name\":\"wing6\",\"parent\":\"wing5\",\"length\":56.55,\"rotation\":-129.47,\"x\":0.78,\"y\":-9.41},{\"name\":\"wing7\",\"parent\":\"wing5\",\"length\":47.34,\"rotation\":-142.72,\"x\":-3.92,\"y\":-5.78},{\"name\":\"wing8\",\"parent\":\"wing5\",\"length\":35.79,\"rotation\":-153.74,\"x\":-12.91,\"y\":-5.78},{\"name\":\"Shadow\",\"parent\":\"All\",\"x\":-44.67,\"y\":-44.2,\"scaleX\":0.83,\"scaleY\":0.83},{\"name\":\"bone13\",\"parent\":\"Shadow\",\"length\":21.08,\"rotation\":180,\"x\":-44.53,\"y\":3.69,\"scaleX\":0.789,\"scaleY\":0.789},{\"name\":\"bone14\",\"parent\":\"bone13\",\"length\":21.08,\"x\":21.08},{\"name\":\"bone15\",\"parent\":\"bone14\",\"length\":22.11,\"x\":21.08},{\"name\":\"bone16\",\"parent\":\"bone15\",\"length\":22.11,\"x\":22.11},{\"name\":\"wing9\",\"parent\":\"Shadow\",\"x\":18.74,\"y\":-28.39},{\"name\":\"wing10\",\"parent\":\"wing9\",\"length\":56.55,\"rotation\":-129.47,\"x\":0.78,\"y\":-9.41},{\"name\":\"wing11\",\"parent\":\"wing9\",\"length\":47.34,\"rotation\":-142.72,\"x\":-3.92,\"y\":-5.78},{\"name\":\"wing12\",\"parent\":\"wing9\",\"length\":35.79,\"rotation\":-153.74,\"x\":-12.91,\"y\":-5.78}],\"slots\":[{\"name\":\"shadow\",\"bone\":\"Shadow\",\"color\":\"ffffff65\",\"attachment\":\"shadow\"},{\"name\":\"wing\",\"bone\":\"wing\",\"attachment\":\"wing\"},{\"name\":\"wing2\",\"bone\":\"wing5\",\"attachment\":\"wing\"},{\"name\":\"tail\",\"bone\":\"Main\",\"attachment\":\"tail\"},{\"name\":\"tail1\",\"bone\":\"Main\",\"attachment\":\"tail1\"},{\"name\":\"body\",\"bone\":\"Main\",\"attachment\":\"body\"},{\"name\":\"body2\",\"bone\":\"Main\",\"attachment\":\"body\"},{\"name\":\"eye\",\"bone\":\"eye\",\"attachment\":\"eye\"},{\"name\":\"eye2\",\"bone\":\"eye\",\"attachment\":\"eye\"},{\"name\":\"fintop\",\"bone\":\"fintop\",\"attachment\":\"fintop\"},{\"name\":\"fintop_thin\",\"bone\":\"Main\",\"attachment\":\"fintop_thin\"}],\"transform\":[{\"name\":\"eye\",\"order\":2,\"bones\":[\"eye\"],\"target\":\"pos\",\"x\":-94.41,\"y\":-14.95,\"rotateMix\":0,\"translateMix\":0.2,\"scaleMix\":0,\"shearMix\":0},{\"name\":\"neg\",\"order\":0,\"bones\":[\"neg\"],\"target\":\"control\",\"x\":-25,\"rotateMix\":0,\"translateMix\":-1,\"scaleMix\":0,\"shearMix\":0},{\"name\":\"pos\",\"order\":1,\"bones\":[\"pos\"],\"target\":\"control\",\"x\":-50,\"rotateMix\":0,\"scaleMix\":0,\"shearMix\":0},{\"name\":\"poswing\",\"order\":3,\"bones\":[\"wing\"],\"target\":\"pos\",\"x\":-120.48,\"y\":-45.85,\"rotateMix\":0,\"translateMix\":-0.5,\"scaleMix\":0,\"shearMix\":0},{\"name\":\"topfin\",\"order\":4,\"bones\":[\"fintop\"],\"target\":\"pos\",\"x\":-168.81,\"y\":2.58,\"rotateMix\":0,\"translateMix\":0.45,\"scaleMix\":0,\"shearMix\":0},{\"name\":\"wingpos2\",\"order\":5,\"bones\":[\"wing5\"],\"target\":\"pos\",\"x\":-120.48,\"y\":45.85,\"scaleY\":-2,\"shearY\":-180,\"rotateMix\":0,\"translateMix\":-0.5,\"scaleMix\":0,\"shearMix\":0}],\"skins\":{\"default\":{\"body\":{\"body\":{\"type\":\"mesh\",\"path\":\"13_x25/body\",\"uvs\":[0.99999,0.40509,0.83036,0.89424,0.57102,0.99992,0.31584,0.86463,0.05748,0.23136,0.03838,0.14466,0.01861,0.09507,0.01053,0.02732,0.05747,0.02732,0.31584,0.02732,0.57102,0.02732,0.83036,0.02732,1,0.02732,0.31584,0.25201,0.57102,0.36113,0.83036,0.24508,0.81343,0.49479,0.74546,0.64438,0.76577,0.69775,0.797,0.69549,0.82125,0.65461,0.8358,0.56944,0.83944,0.52175,0.79325,0.65307,0.7842,0.62392,0.7908,0.56121,0.80208,0.53085,0.81815,0.52831,0.82561,0.56136,0.8152,0.61644,0.8048,0.64187],\"triangles\":[4,13,3,13,8,9,8,13,4,8,4,5,5,6,8,6,7,8,18,19,1,18,2,17,0,21,22,21,0,20,19,20,1,0,1,20,17,2,14,18,23,19,18,17,23,20,23,30,20,19,23,30,29,20,20,29,21,17,24,23,23,24,30,24,17,25,30,24,29,24,25,29,25,17,14,29,25,28,29,28,21,28,26,27,26,28,25,21,28,22,28,27,22,25,14,26,26,16,27,26,14,16,27,16,22,22,16,0,16,15,0,16,14,15,0,15,12,15,11,12,2,18,1,2,3,14,3,13,14,13,10,14,14,10,15,13,9,10,10,11,15],\"vertices\":[2,13,-70.78,-19.91,0.5,4,-37.22,19.91,0.5,2,13,-108.27,-48.77,0.7,4,0.27,48.77,0.3,3,13,-165.58,-55.01,0.7,4,57.58,55.01,0.15,5,0.44,55.01,0.15,3,13,-221.98,-47.03,0.7,5,56.83,47.03,0.15,6,-0.31,47.03,0.15,2,13,-279.08,-9.66,0.25,6,56.79,9.66,0.75,2,13,-283.3,-3.86,0.25,6,61.01,3.86,0.75,2,13,-287.67,-0.55,0.25,6,65.38,0.55,0.75,2,13,-289.45,3.99,0.25,6,67.16,-3.99,0.75,2,13,-279.08,3.99,0.25,6,56.79,-3.99,0.75,3,12,-196.98,3.99,0.6,5,56.83,-3.99,0.2,6,-0.31,-3.99,0.2,3,12,-140.58,3.99,0.6,4,57.58,-3.99,0.2,5,0.44,-3.99,0.2,2,12,-83.27,3.99,0.6,4,0.27,-3.99,0.4,1,4,-37.22,-3.99,1,3,12,-196.98,-10.88,0.35,5,56.83,10.88,0.325,6,-0.31,10.88,0.325,3,12,-140.58,-17.32,0.5,4,57.58,17.32,0.25,5,0.44,17.32,0.25,2,12,-83.27,-10.47,0.35,4,0.27,10.47,0.65,1,4,4.01,25.21,1,2,13,-127.03,-34.03,0.12,4,19.03,34.03,0.88,2,13,-122.54,-37.18,0.12,4,14.54,37.18,0.88,2,13,-115.64,-37.05,0.12,4,7.64,37.05,0.88,2,13,-110.28,-34.64,0.12,4,2.28,34.64,0.88,2,13,-107.07,-29.61,0.12,4,-0.93,29.61,0.88,2,13,-106.26,-26.8,0.12,4,-1.74,26.8,0.88,1,4,8.47,34.55,1,2,12,-93.47,-32.83,0.1,4,10.47,32.83,0.9,2,12,-92.01,-29.13,0.1,4,9.01,29.13,0.9,2,12,-89.52,-27.33,0.1,4,6.52,27.33,0.9,2,12,-85.97,-27.18,0.1,4,2.97,27.18,0.9,2,12,-84.32,-29.13,0.2,4,1.32,29.13,0.8,2,12,-86.62,-32.38,0.1,4,3.62,32.38,0.9,2,12,-88.92,-33.88,0.1,4,5.92,33.88,0.9],\"hull\":13}},\"body2\":{\"body\":{\"type\":\"mesh\",\"path\":\"13_x25/body\",\"uvs\":[0.99999,0.40509,0.83036,0.89424,0.57102,0.99992,0.31584,0.86463,0.05748,0.23136,0.03725,0.14145,0.01652,0.07976,0.01136,0.02807,0.05747,0.02807,0.31584,0.02807,0.57102,0.02807,0.83036,0.02807,1,0.02807,0.31584,0.25201,0.57102,0.36113,0.83036,0.24508,0.81343,0.49479,0.74546,0.64438,0.76577,0.69775,0.797,0.69549,0.82125,0.65461,0.8358,0.56944,0.83944,0.52175,0.79325,0.65307,0.7842,0.62392,0.7908,0.56121,0.80208,0.53085,0.81815,0.52831,0.82561,0.56136,0.8152,0.61644,0.8048,0.64187],\"triangles\":[4,13,3,13,8,9,8,13,4,8,4,5,5,6,8,6,7,8,18,19,1,18,2,17,0,21,22,21,0,20,19,20,1,0,1,20,17,2,14,18,23,19,18,17,23,20,23,30,20,19,23,30,29,20,20,29,21,17,24,23,23,24,30,24,17,25,30,24,29,24,25,29,25,17,14,29,25,28,29,28,21,28,26,27,26,28,25,21,28,22,28,27,22,25,14,26,26,16,27,26,14,16,27,16,22,22,16,0,16,15,0,16,14,15,0,15,12,15,11,12,2,18,1,2,3,14,3,13,14,13,10,14,14,10,15,13,9,10,10,11,15],\"vertices\":[2,13,-70.78,23.28,0.5,4,-37.22,-23.28,0.5,2,13,-108.27,52.14,0.7,4,0.27,-52.14,0.3,3,13,-165.58,58.38,0.7,4,57.58,-58.38,0.15,5,0.44,-58.38,0.15,3,13,-221.98,50.39,0.7,5,56.83,-50.39,0.15,6,-0.31,-50.39,0.15,2,13,-279.08,13.03,0.25,6,56.79,-13.03,0.75,2,13,-283.55,6.99,0.25,6,61.26,-6.99,0.75,2,13,-288.13,2.85,0.25,6,65.84,-2.85,0.75,2,13,-289.27,-0.62,0.25,6,66.98,0.62,0.75,2,13,-279.08,-0.62,0.25,6,56.79,0.62,0.75,3,12,-196.98,-0.62,0.5,5,56.83,0.62,0.25,6,-0.31,0.62,0.25,3,12,-140.58,-0.62,0.6,4,57.58,0.62,0.2,5,0.44,0.62,0.2,2,12,-83.27,-0.62,0.5,4,0.27,0.62,0.5,1,4,-37.22,0.62,1,3,12,-196.98,14.25,0.35,5,56.83,-14.25,0.325,6,-0.31,-14.25,0.325,3,12,-140.58,20.69,0.5,4,57.58,-20.69,0.25,5,0.44,-20.69,0.25,2,12,-83.27,13.84,0.35,4,0.27,-13.84,0.65,1,4,4.01,-28.57,1,2,13,-127.03,37.4,0.12,4,19.03,-37.4,0.88,2,13,-122.54,40.55,0.12,4,14.54,-40.55,0.88,2,13,-115.64,40.41,0.12,4,7.64,-40.41,0.88,2,13,-110.28,38,0.12,4,2.28,-38,0.88,2,13,-107.07,32.98,0.12,4,-0.93,-32.98,0.88,2,13,-106.26,30.16,0.12,4,-1.74,-30.16,0.88,1,4,8.47,-37.91,1,2,12,-93.47,36.19,0.1,4,10.47,-36.19,0.9,2,12,-92.01,32.49,0.1,4,9.01,-32.49,0.9,2,12,-89.52,30.7,0.1,4,6.52,-30.7,0.9,2,12,-85.97,30.55,0.1,4,2.97,-30.55,0.9,2,12,-84.32,32.5,0.2,4,1.32,-32.5,0.8,2,12,-86.62,35.75,0.1,4,3.62,-35.75,0.9,2,12,-88.92,37.25,0.1,4,5.92,-37.25,0.9],\"hull\":13}},\"eye\":{\"eye\":{\"type\":\"mesh\",\"path\":\"13_x25/eye\",\"uvs\":[0.7217,0.10986,0.88995,0.16733,0.9406,0.56919,0.75212,0.65552,0.47876,0.78072,0.08055,0.96311,0.04765,0.88536,0.09874,0.51159,0.4205,0.17433],\"triangles\":[3,0,1,3,1,2,8,0,3,4,7,8,3,4,8,6,7,4,5,6,4],\"vertices\":[2,8,8.95,2.88,0.97497,13,-110.47,-13.25,0.02503,2,8,16.01,1.31,0.95061,13,-103.4,-14.83,0.04939,2,8,18.14,-9.43,0.832,13,-101.27,-27.8,0.168,1,8,10.23,-12.71,1,1,8,-1.25,-16.43,1,2,8,-17.98,-20.75,0.79206,13,-137.39,-36.88,0.20794,2,8,-19.36,-18.55,0.79809,13,-138.78,-34.68,0.20191,2,8,-17.22,-8.34,0.91236,13,-136.63,-24.47,0.08764,2,8,-3.7,1.07,0.97014,13,-123.12,-15.06,0.02986],\"hull\":9}},\"eye2\":{\"eye\":{\"type\":\"mesh\",\"path\":\"13_x25/eye\",\"uvs\":[0.7083,0.11348,0.88946,0.16344,0.9406,0.56919,0.75212,0.65552,0.47876,0.78072,0.05706,0.97386,0.04271,0.8851,0.09376,0.52281,0.40962,0.16796],\"triangles\":[3,0,1,3,1,2,8,0,3,4,7,8,3,4,8,6,7,4,5,6,4],\"vertices\":[2,8,8.39,33.08,0.97374,13,-111.03,16.95,0.02626,2,8,15.99,34.41,0.95176,13,-103.42,18.28,0.04824,2,8,18.14,45.98,0.832,13,-101.27,27.62,0.168,1,8,10.23,48.55,1,1,8,-1.25,52.27,1,2,8,-18.97,57.5,0.7798,13,-138.38,41.37,0.2202,2,8,-19.57,54.98,0.79614,13,-138.98,38.85,0.20386,2,8,-17.42,44.75,0.90752,13,-136.84,28.62,0.09248,2,8,-4.16,34.67,0.97029,13,-123.57,18.54,0.02971],\"hull\":9}},\"fintop\":{\"fintop\":{\"type\":\"mesh\",\"path\":\"13_x25/fintop\",\"uvs\":[1,0.86025,1,1,0.77913,1,0.55527,1,0.32083,1,0.11988,1,0,1,0,0.83885,0.02562,0.77259,0.05123,0.70635,0.09007,0.6059,0.12299,0.52077,0.16555,0.41069,0.20942,0.29725,0.26697,0.14841,0.32435,0,0.41241,0,1,0,0.73804,0.33025],\"triangles\":[2,0,1,0,2,18,3,4,11,3,12,2,5,8,4,5,6,7,18,2,13,13,2,12,18,13,14,4,10,11,11,12,3,4,8,9,10,4,9,5,7,8,18,17,0,18,14,16,14,15,16,18,16,17],\"vertices\":[2,16,79.82,-54.29,0.13175,15,56.04,4.21,0.86825,1,15,56.04,-4.59,1,1,15,29.97,-4.59,1,1,15,3.56,-4.59,1,1,15,-24.11,-4.59,1,1,15,-47.82,-4.59,1,1,15,-61.96,-4.59,1,1,20,0.02,0.17,1,2,20,3.04,4.34,0.5,19,-3.06,-4.18,0.5,1,19,-0.04,-0.01,1,2,19,4.54,6.32,0.5,18,-3.98,-5.46,0.5,1,18,-0.09,-0.1,1,2,18,4.93,6.83,0.5,17,-5.01,-7.37,0.5,1,17,0.16,-0.22,1,2,16,-7.71,-8.83,0.5,17,6.96,9.16,0.5,1,16,0.09,-0.09,1,2,16,10.49,-0.09,0.984,15,-13.3,58.41,0.016,1,16,79.82,-0.09,1,2,16,48.91,-20.9,0.656,15,25.12,37.6,0.344],\"hull\":18}},\"fintop_thin\":{\"fintop_thin\":{\"type\":\"mesh\",\"path\":\"13_x25/fintop_thin\",\"uvs\":[0.23128,0.17242,0.45672,0.37977,0.73551,0.63619,1,0.87946,1,1,0.90621,1,0.65376,0.7377,0.39183,0.46556,0.17491,0.24018,0,0.05845,0,0,0.04382,0],\"triangles\":[8,9,0,9,11,0,9,10,11,7,8,1,8,0,1,6,7,2,7,1,2,5,3,4,5,6,3,6,2,3],\"vertices\":[2,23,21.71,-2.84,0.5,24,-0.03,-2.62,0.5,2,22,26.53,-3.52,0.5,23,-0.37,-3.52,0.5,2,21,26.75,-4.53,0.5,22,-0.77,-4.54,0.5,1,21,0.84,-4.95,1,1,21,-3.75,1.1,1,1,21,2.15,5.58,1,2,21,28.03,4.47,0.5,22,0.32,4.48,0.5,2,22,27.19,3.9,0.5,23,0.34,3.89,0.5,2,23,22.59,3.26,0.5,24,0.81,3.49,0.5,1,24,18.75,3.1,1,1,24,21.04,0.21,1,1,24,18.32,-1.94,1],\"hull\":12}},\"shadow\":{\"shadow\":{\"type\":\"mesh\",\"path\":\"13_x25/shadow\",\"uvs\":[0.77648,0.23099,0.88613,0.26076,1,0.39966,1,0.61425,0.88173,0.7447,0.77657,0.75133,0.741,0.85967,0.68533,0.93926,0.58945,1,0.49976,1,0.56007,0.90167,0.57553,0.79997,0.59873,0.75354,0.45897,0.68386,0.33275,0.56737,0.22427,0.73631,0.15222,0.68642,0.08581,0.61239,0,0.49169,0,0.46272,0.04993,0.45913,0.10727,0.455,0.17936,0.44982,0.24899,0.44481,0.3132,0.44019,0.46084,0.3138,0.60027,0.23925],\"triangles\":[7,10,11,6,7,11,8,10,7,9,10,8,5,12,26,6,12,5,11,12,6,18,19,20,17,20,21,18,20,17,22,17,21,16,17,22,22,14,16,14,15,16,14,24,25,2,0,1,13,14,25,23,24,14,0,2,5,3,4,2,4,5,2,26,0,5,12,13,25,25,26,12,23,14,22],\"vertices\":[1,35,-88.37,-38.73,1,1,35,-113.81,-33.9,1,1,35,-140.23,-11.35,1,1,35,-140.23,23.47,1,1,35,-112.79,44.65,1,1,39,6.44,-3.99,1,1,40,7.06,4.71,1,1,40,21.4,3.32,1,1,40,38.55,-5.28,1,1,40,48.99,-17.95,1,2,39,-33.18,-23.23,0.28,40,32.26,-17.43,0.72,2,39,-30.35,-10.21,0.688,40,20.41,-23.52,0.312,1,39,-26.1,-4.27,1,1,35,-14.7,34.77,1,1,35,14.59,15.87,1,4,35,39.76,43.28,0.00104,36,18.68,43.28,0.5217,37,-2.4,43.28,0.44277,38,-24.51,43.28,0.0345,3,36,35.39,35.19,0.33649,37,14.31,35.19,0.51911,38,-7.8,35.19,0.14441,3,36,50.81,23.17,0.08014,37,29.72,23.17,0.34152,38,7.61,23.17,0.57834,1,38,27.52,3.58,1,1,38,27.52,-1.12,1,1,38,15.94,-1.7,1,2,37,24.74,-2.37,0.0283,38,2.63,-2.37,0.9717,1,37,8.02,-3.21,1,1,36,12.94,-4.02,1,1,35,19.13,-4.77,1,1,35,-15.13,-25.29,1,1,35,-47.48,-37.39,1],\"hull\":27}},\"tail\":{\"tail\":{\"type\":\"mesh\",\"path\":\"13_x25/tail\",\"uvs\":[1,0.15182,0.65597,1,0.43022,0.82898,0.26553,0.51218,0,0,0.22852,0,0.43762,0,0.63747,0,0.82992,0,1,0],\"triangles\":[7,2,3,0,1,2,4,5,3,3,5,6,7,3,6,8,9,0,7,0,2,0,7,8],\"vertices\":[2,7,-18.32,9.72,0.848,26,114.56,24.56,0.152,1,26,77.75,-17.85,1,2,11,0.48,43.58,0.176,26,53.59,-9.3,0.824,2,25,-4.01,27.74,0.48,26,35.97,6.54,0.52,2,25,24.4,2.13,0.944,26,7.56,32.15,0.056,3,11,22.06,2.13,0.472,25,-0.05,2.13,0.472,26,32.01,32.15,0.056,3,10,20.77,2.13,0.472,11,-0.31,2.13,0.472,26,54.38,32.15,0.056,3,7,20.47,2.13,0.472,10,-0.61,2.13,0.472,26,75.77,32.15,0.056,2,7,-0.12,2.13,0.944,26,96.36,32.15,0.056,2,7,-18.32,2.13,0.944,26,114.56,32.15,0.056],\"hull\":10}},\"tail1\":{\"tail1\":{\"type\":\"mesh\",\"path\":\"13_x25/tail1\",\"uvs\":[1,1,0.94691,1,0.71726,1,0.48484,1,0.24774,1,0,1,0,0,0.24774,0,0.48484,0,0.71726,0,0.94691,0,1,0],\"triangles\":[4,5,7,5,6,7,3,4,7,7,8,3,3,9,2,3,8,9,11,0,10,2,10,1,0,1,10,2,9,10],\"vertices\":[2,7,-4.93,8.75,0.75,13,-274.5,-6.66,0.25,2,7,-0.05,8.75,0.75,13,-279.39,-6.66,0.25,2,7,21.08,8.75,0.4284,10,0,8.75,0.5716,2,10,21.38,8.75,0.34988,11,0.3,8.75,0.65012,2,11,22.12,8.75,0.5584,25,0.01,8.75,0.4416,1,25,22.8,8.75,1,1,25,22.8,-9.25,1,2,11,22.12,-9.25,0.52725,25,0.01,-9.25,0.47275,2,10,21.38,-9.25,0.44578,11,0.3,-9.25,0.55422,2,7,21.08,-9.25,0.53155,10,0,-9.25,0.46845,2,7,-0.05,-9.25,0.75,13,-279.39,11.34,0.25,2,7,-4.93,-9.25,0.75,13,-274.5,11.34,0.25],\"hull\":12}},\"wing\":{\"wing\":{\"type\":\"mesh\",\"path\":\"13_x25/wing\",\"uvs\":[1,0.14448,0.83391,0.5118,0.53323,0.828,0.15128,1,0,1,0,0.92702,0.04928,0.91973,0.17024,0.70983,0.16482,0.63636,0.23526,0.39681,0.24338,0.33293,0.30298,0,1,0,0.10794,0.91105,0.46822,0.75135,0.73098,0.46069,0.86913,0.2403,0.64971,0.4543,0.40862,0.6172,0.38424,0.54054,0.59824,0.38084,0.78515,0.20517,0.53865,0.32974,0.49801,0.25308,0.68493,0.15087,0.36544,0.63398],\"triangles\":[19,9,22,22,10,23,22,9,10,10,11,23,22,24,21,22,23,24,23,11,24,12,21,24,20,22,21,14,25,18,25,14,7,14,18,17,7,8,25,25,8,19,18,25,17,19,8,9,17,25,19,19,20,17,19,22,20,17,21,16,17,20,21,3,14,2,3,13,14,2,15,1,2,14,15,14,17,15,1,16,0,1,15,16,15,17,16,4,6,3,6,13,3,4,5,6,14,13,7,7,13,6,24,11,12,0,21,12,16,21,0],\"vertices\":[1,9,7.7,-3.85,1,1,27,18.65,7.32,1,1,27,50.1,2.45,1,1,27,78.18,-13.52,1,1,27,85.78,-22.74,1,1,27,82,-25.85,1,1,27,79.15,-23.16,1,1,28,64.69,-4.06,1,1,28,62.04,-8.24,1,1,29,42.32,-4.18,1,1,29,39.85,-7.73,1,1,9,-47.37,5.83,1,1,9,7.7,5.83,1,1,27,75.76,-19.95,1,1,27,49.4,-4.78,1,1,27,21.17,-1.14,1,2,27,2.84,-2.1,0.5,28,1.7,4.35,0.5,1,28,24.18,5.26,1,1,28,45.94,2.41,1,1,28,44.36,-2.85,1,1,28,24.43,-1.12,1,2,28,5.55,-1.54,0.5,29,-2.32,3.53,0.5,1,29,18.84,2.4,1,1,29,19.45,-3.63,1,1,29,3.18,-3.24,1,1,28,49.34,1.24,1],\"hull\":13}},\"wing2\":{\"wing\":{\"type\":\"mesh\",\"path\":\"13_x25/wing\",\"uvs\":[1,0.14448,0.83391,0.5118,0.53323,0.828,0.15128,1,0,1,0,0.92702,0.04928,0.91973,0.17024,0.70983,0.16482,0.63636,0.23526,0.39681,0.24338,0.33293,0.30298,0,1,0,0.10794,0.91105,0.46822,0.75135,0.73098,0.46069,0.86913,0.2403,0.64971,0.4543,0.40862,0.6172,0.38424,0.54054,0.59824,0.38084,0.78515,0.20517,0.53865,0.32974,0.49801,0.25308,0.68493,0.15087,0.36544,0.63398],\"triangles\":[19,9,22,22,10,23,22,9,10,10,11,23,22,24,21,22,23,24,23,11,24,12,21,24,20,22,21,14,25,18,25,14,7,14,18,17,7,8,25,25,8,19,18,25,17,19,8,9,17,25,19,19,20,17,19,22,20,17,21,16,17,20,21,3,14,2,3,13,14,2,15,1,2,14,15,14,17,15,1,16,0,1,15,16,15,17,16,4,6,3,6,13,3,4,5,6,14,13,7,7,13,6,24,11,12,0,21,12,16,21,0],\"vertices\":[1,30,7.7,-3.85,1,1,31,18.65,7.32,1,1,31,50.1,2.45,1,1,31,78.18,-13.52,1,1,31,85.78,-22.74,1,1,31,82,-25.85,1,1,31,79.15,-23.16,1,1,32,64.69,-4.06,1,1,32,62.04,-8.24,1,1,33,42.32,-4.18,1,1,33,39.85,-7.73,1,1,30,-47.37,5.83,1,1,30,7.7,5.83,1,1,31,75.76,-19.95,1,1,31,49.4,-4.78,1,1,31,21.17,-1.14,1,2,31,2.84,-2.1,0.5,32,1.7,4.35,0.5,1,32,24.18,5.26,1,1,32,45.94,2.41,1,1,32,44.36,-2.85,1,1,32,24.43,-1.12,1,2,32,5.55,-1.54,0.5,33,-2.32,3.53,0.5,1,33,18.84,2.4,1,1,33,19.45,-3.63,1,1,33,3.18,-3.24,1,1,32,49.34,1.24,1],\"hull\":13}}}},\"animations\":{\"animation\":{\"bones\":{\"control\":{\"translate\":[{\"time\":0,\"x\":0,\"y\":10,\"curve\":[0.25,0,0.75,1]},{\"time\":0.5,\"x\":0,\"y\":-10,\"curve\":[0.25,0,0.75,1]},{\"time\":1,\"x\":0,\"y\":10}]},\"fin1\":{\"translate\":[{\"time\":0,\"x\":0,\"y\":0,\"curve\":[0.25,0,0.75,1]},{\"time\":0.5,\"x\":0,\"y\":-122.16,\"curve\":[0.25,0,0.75,1]},{\"time\":1,\"x\":0,\"y\":0}]},\"fin2\":{\"translate\":[{\"time\":0,\"x\":0,\"y\":-5.9,\"curve\":[0.366,0.63,0.703,1]},{\"time\":0.0667,\"x\":0,\"y\":0,\"curve\":[0.25,0,0.75,1]},{\"time\":0.5667,\"x\":0,\"y\":-84.96,\"curve\":[0.244,0,0.7,0.79]},{\"time\":1,\"x\":0,\"y\":-5.9}]},\"fin3\":{\"translate\":[{\"time\":0,\"x\":0,\"y\":-11.46,\"curve\":[0.38,0.59,0.727,1]},{\"time\":0.1333,\"x\":0,\"y\":0,\"curve\":[0.25,0,0.75,1]},{\"time\":0.6333,\"x\":0,\"y\":-56.56,\"curve\":[0.242,0,0.663,0.65]},{\"time\":1,\"x\":0,\"y\":-11.46}]},\"fin4\":{\"translate\":[{\"time\":0,\"x\":0,\"y\":-12.13,\"curve\":[0.381,0.55,0.742,1]},{\"time\":0.2,\"x\":0,\"y\":0,\"curve\":[0.25,0,0.75,1]},{\"time\":0.7,\"x\":0,\"y\":-32.99,\"curve\":[0.245,0,0.637,0.56]},{\"time\":1,\"x\":0,\"y\":-12.13}]},\"fin5\":{\"translate\":[{\"time\":0,\"x\":0,\"y\":-8.68,\"curve\":[0.372,0.48,0.752,1]},{\"time\":0.2667,\"x\":0,\"y\":0,\"curve\":[0.25,0,0.75,1]},{\"time\":0.7667,\"x\":0,\"y\":-15.95,\"curve\":[0.252,0,0.622,0.48]},{\"time\":1,\"x\":0,\"y\":-8.68}]},\"bone4\":{\"rotate\":[{\"time\":0,\"angle\":-9.62,\"curve\":[0.25,0,0.75,1]},{\"time\":0.5,\"angle\":82.11,\"curve\":[0.25,0,0.75,1]},{\"time\":1,\"angle\":-9.62}],\"translate\":[{\"time\":0,\"x\":0,\"y\":0,\"curve\":[0.25,0,0.75,1]},{\"time\":0.5,\"x\":0,\"y\":-14.49,\"curve\":[0.25,0,0.75,1]},{\"time\":1,\"x\":0,\"y\":0}]},\"bone8\":{\"rotate\":[{\"time\":0,\"angle\":8.4},{\"time\":0.5,\"angle\":-9},{\"time\":1,\"angle\":8.4}]},\"bone9\":{\"rotate\":[{\"time\":0,\"angle\":10.37},{\"time\":0.5,\"angle\":-9},{\"time\":1,\"angle\":10.37}]},\"bone10\":{\"rotate\":[{\"time\":0,\"angle\":7.52},{\"time\":0.5,\"angle\":-9},{\"time\":1,\"angle\":7.52}]},\"bone12\":{\"translate\":[{\"time\":0,\"x\":14.83,\"y\":21.99,\"curve\":[0.382,0.57,0.735,1]},{\"time\":0.1667,\"x\":14.83,\"y\":-12.74,\"curve\":[0.25,0,0.75,1]},{\"time\":0.6667,\"x\":14.83,\"y\":109.62,\"curve\":[0.243,0,0.649,0.6]},{\"time\":1,\"x\":14.83,\"y\":21.99}]},\"bone5\":{\"rotate\":[{\"time\":0,\"angle\":14.97,\"curve\":[0.25,0,0.75,1]},{\"time\":0.5,\"angle\":-21.4,\"curve\":[0.25,0,0.75,1]},{\"time\":1,\"angle\":14.97}]},\"bone6\":{\"rotate\":[{\"time\":0,\"angle\":10.24,\"curve\":[0.375,0.62,0.716,1]},{\"time\":0.1,\"angle\":14.97,\"curve\":[0.25,0,0.75,1]},{\"time\":0.6,\"angle\":-21.4,\"curve\":[0.243,0,0.68,0.71]},{\"time\":1,\"angle\":10.24}]},\"bone11\":{\"rotate\":[{\"time\":0,\"angle\":-8.02,\"curve\":[0.363,0.44,0.755,1]},{\"time\":0.3,\"angle\":14.97,\"curve\":[0.25,0,0.75,1]},{\"time\":0.8,\"angle\":-21.4,\"curve\":[0.258,0,0.619,0.45]},{\"time\":1,\"angle\":-8.02}]},\"bone7\":{\"rotate\":[{\"time\":0,\"angle\":1.59,\"curve\":[0.381,0.55,0.742,1]},{\"time\":0.2,\"angle\":14.97,\"curve\":[0.25,0,0.75,1]},{\"time\":0.7,\"angle\":-21.4,\"curve\":[0.245,0,0.637,0.56]},{\"time\":1,\"angle\":1.59}]},\"wing2\":{\"rotate\":[{\"time\":0,\"angle\":-41.64,\"curve\":[0.25,0,0.75,1]},{\"time\":0.5,\"angle\":41.93,\"curve\":[0.25,0,0.75,1]},{\"time\":1,\"angle\":-41.64}]},\"wing3\":{\"rotate\":[{\"time\":0,\"angle\":-35.83,\"curve\":[0.366,0.63,0.703,1]},{\"time\":0.0667,\"angle\":-41.64,\"curve\":[0.25,0,0.75,1]},{\"time\":0.5667,\"angle\":41.93,\"curve\":[0.244,0,0.7,0.79]},{\"time\":1,\"angle\":-35.83}]},\"wing4\":{\"rotate\":[{\"time\":0,\"angle\":-17.92,\"curve\":[0.382,0.57,0.735,1]},{\"time\":0.1667,\"angle\":-41.64,\"curve\":[0.25,0,0.75,1]},{\"time\":0.6667,\"angle\":41.93,\"curve\":[0.243,0,0.649,0.6]},{\"time\":1,\"angle\":-17.92}]},\"wing6\":{\"rotate\":[{\"time\":0,\"angle\":-41.64,\"curve\":[0.25,0,0.75,1]},{\"time\":0.5,\"angle\":41.93,\"curve\":[0.25,0,0.75,1]},{\"time\":1,\"angle\":-41.64}]},\"wing7\":{\"rotate\":[{\"time\":0,\"angle\":-35.83,\"curve\":[0.366,0.63,0.703,1]},{\"time\":0.0667,\"angle\":-41.64,\"curve\":[0.25,0,0.75,1]},{\"time\":0.5667,\"angle\":41.93,\"curve\":[0.244,0,0.7,0.79]},{\"time\":1,\"angle\":-35.83}]},\"wing8\":{\"rotate\":[{\"time\":0,\"angle\":-17.92,\"curve\":[0.382,0.57,0.735,1]},{\"time\":0.1667,\"angle\":-41.64,\"curve\":[0.25,0,0.75,1]},{\"time\":0.6667,\"angle\":41.93,\"curve\":[0.243,0,0.649,0.6]},{\"time\":1,\"angle\":-17.92}]},\"bone2\":{\"rotate\":[{\"time\":0,\"angle\":0.54,\"curve\":[0.363,0.44,0.755,1]},{\"time\":0.3,\"angle\":-5.39,\"curve\":[0.25,0,0.75,1]},{\"time\":0.8,\"angle\":3.99,\"curve\":[0.258,0,0.619,0.45]},{\"time\":1,\"angle\":0.54}]},\"bone3\":{\"rotate\":[{\"time\":0,\"angle\":2.77,\"curve\":[0.32,0.29,0.757,1]},{\"time\":0.4,\"angle\":-5.39,\"curve\":[0.25,0,0.75,1]},{\"time\":0.9,\"angle\":3.99,\"curve\":[0.284,0,0.625,0.38]},{\"time\":1,\"angle\":2.77}]},\"bone16\":{\"rotate\":[{\"time\":0,\"angle\":-8.02,\"curve\":[0.363,0.44,0.755,1]},{\"time\":0.3,\"angle\":14.97,\"curve\":[0.25,0,0.75,1]},{\"time\":0.8,\"angle\":-21.4,\"curve\":[0.258,0,0.619,0.45]},{\"time\":1,\"angle\":-8.02}]},\"bone15\":{\"rotate\":[{\"time\":0,\"angle\":1.59,\"curve\":[0.381,0.55,0.742,1]},{\"time\":0.2,\"angle\":14.97,\"curve\":[0.25,0,0.75,1]},{\"time\":0.7,\"angle\":-21.4,\"curve\":[0.245,0,0.637,0.56]},{\"time\":1,\"angle\":1.59}]},\"bone14\":{\"rotate\":[{\"time\":0,\"angle\":10.24,\"curve\":[0.375,0.62,0.716,1]},{\"time\":0.1,\"angle\":14.97,\"curve\":[0.25,0,0.75,1]},{\"time\":0.6,\"angle\":-21.4,\"curve\":[0.243,0,0.68,0.71]},{\"time\":1,\"angle\":10.24}]},\"wing10\":{\"rotate\":[{\"time\":0,\"angle\":-41.64,\"curve\":[0.25,0,0.75,1]},{\"time\":0.5,\"angle\":41.93,\"curve\":[0.25,0,0.75,1]},{\"time\":1,\"angle\":-41.64}]},\"wing11\":{\"rotate\":[{\"time\":0,\"angle\":-35.83,\"curve\":[0.366,0.63,0.703,1]},{\"time\":0.0667,\"angle\":-41.64,\"curve\":[0.25,0,0.75,1]},{\"time\":0.5667,\"angle\":41.93,\"curve\":[0.244,0,0.7,0.79]},{\"time\":1,\"angle\":-35.83}]},\"wing12\":{\"rotate\":[{\"time\":0,\"angle\":-17.92,\"curve\":[0.382,0.57,0.735,1]},{\"time\":0.1667,\"angle\":-41.64,\"curve\":[0.25,0,0.75,1]},{\"time\":0.6667,\"angle\":41.93,\"curve\":[0.243,0,0.649,0.6]},{\"time\":1,\"angle\":-17.92}]}}}}}","_skeletonJson":{"skeleton":{"hash":"mbBeeu5OnBQ3yvJO3C05saR0h40","spine":"3.7.94","width":156.1,"height":112.36},"bones":[{"name":"root"},{"name":"All_Scale","parent":"root","scaleX":1.05,"scaleY":1.05},{"name":"All","parent":"All_Scale","scaleX":0.5,"scaleY":0.5},{"name":"Main","parent":"All"},{"name":"bone","parent":"Main","rotation":180,"x":67},{"name":"bone2","parent":"bone","length":57.14,"x":57.14},{"name":"bone3","parent":"bone2","length":57.14,"x":57.14},{"name":"bone5","parent":"bone3","length":21.08,"x":57.15,"y":-2.09},{"name":"eye","parent":"Main","x":55.59,"y":-16.13},{"name":"wing","parent":"Main","x":29.52,"y":-45.85},{"name":"bone6","parent":"bone5","length":21.08,"x":21.08},{"name":"bone7","parent":"bone6","length":22.11,"x":21.08},{"name":"pos","parent":"Main","x":150},{"name":"neg","parent":"Main","x":175},{"name":"control","parent":"Main","x":200},{"name":"fintop","parent":"Main","x":-18.81,"y":2.58},{"name":"fin1","parent":"Main","x":-42.6,"y":61.08},{"name":"fin2","parent":"Main","x":-56.23,"y":42.48},{"name":"fin3","parent":"Main","x":-66.17,"y":28.28},{"name":"fin4","parent":"Main","x":-74.69,"y":16.49},{"name":"fin5","parent":"Main","x":-80.8,"y":7.97},{"name":"bone4","parent":"Main","length":27.61,"rotation":142.81,"x":34.94,"y":5.49},{"name":"bone8","parent":"bone4","length":26.87,"rotation":-1.21,"x":27.61},{"name":"bone9","parent":"bone8","length":21.78,"rotation":0.38,"x":26.87},{"name":"bone10","parent":"bone9","length":21.1,"rotation":-0.38,"x":21.76,"y":-0.22},{"name":"bone11","parent":"bone7","length":22.11,"x":22.11},{"name":"bone12","parent":"Main","x":-200.67,"y":-32.19},{"name":"wing2","parent":"wing","length":56.55,"rotation":-129.47,"x":0.78,"y":-9.41},{"name":"wing3","parent":"wing","length":47.34,"rotation":-142.72,"x":-3.92,"y":-5.78},{"name":"wing4","parent":"wing","length":35.79,"rotation":-153.74,"x":-12.91,"y":-5.78},{"name":"wing5","parent":"Main","x":29.52,"y":45.85,"scaleY":-1},{"name":"wing6","parent":"wing5","length":56.55,"rotation":-129.47,"x":0.78,"y":-9.41},{"name":"wing7","parent":"wing5","length":47.34,"rotation":-142.72,"x":-3.92,"y":-5.78},{"name":"wing8","parent":"wing5","length":35.79,"rotation":-153.74,"x":-12.91,"y":-5.78},{"name":"Shadow","parent":"All","x":-44.67,"y":-44.2,"scaleX":0.83,"scaleY":0.83},{"name":"bone13","parent":"Shadow","length":21.08,"rotation":180,"x":-44.53,"y":3.69,"scaleX":0.789,"scaleY":0.789},{"name":"bone14","parent":"bone13","length":21.08,"x":21.08},{"name":"bone15","parent":"bone14","length":22.11,"x":21.08},{"name":"bone16","parent":"bone15","length":22.11,"x":22.11},{"name":"wing9","parent":"Shadow","x":18.74,"y":-28.39},{"name":"wing10","parent":"wing9","length":56.55,"rotation":-129.47,"x":0.78,"y":-9.41},{"name":"wing11","parent":"wing9","length":47.34,"rotation":-142.72,"x":-3.92,"y":-5.78},{"name":"wing12","parent":"wing9","length":35.79,"rotation":-153.74,"x":-12.91,"y":-5.78}],"slots":[{"name":"shadow","bone":"Shadow","color":"ffffff65","attachment":"shadow"},{"name":"wing","bone":"wing","attachment":"wing"},{"name":"wing2","bone":"wing5","attachment":"wing"},{"name":"tail","bone":"Main","attachment":"tail"},{"name":"tail1","bone":"Main","attachment":"tail1"},{"name":"body","bone":"Main","attachment":"body"},{"name":"body2","bone":"Main","attachment":"body"},{"name":"eye","bone":"eye","attachment":"eye"},{"name":"eye2","bone":"eye","attachment":"eye"},{"name":"fintop","bone":"fintop","attachment":"fintop"},{"name":"fintop_thin","bone":"Main","attachment":"fintop_thin"}],"transform":[{"name":"eye","order":2,"bones":["eye"],"target":"pos","x":-94.41,"y":-14.95,"rotateMix":0,"translateMix":0.2,"scaleMix":0,"shearMix":0},{"name":"neg","order":0,"bones":["neg"],"target":"control","x":-25,"rotateMix":0,"translateMix":-1,"scaleMix":0,"shearMix":0},{"name":"pos","order":1,"bones":["pos"],"target":"control","x":-50,"rotateMix":0,"scaleMix":0,"shearMix":0},{"name":"poswing","order":3,"bones":["wing"],"target":"pos","x":-120.48,"y":-45.85,"rotateMix":0,"translateMix":-0.5,"scaleMix":0,"shearMix":0},{"name":"topfin","order":4,"bones":["fintop"],"target":"pos","x":-168.81,"y":2.58,"rotateMix":0,"translateMix":0.45,"scaleMix":0,"shearMix":0},{"name":"wingpos2","order":5,"bones":["wing5"],"target":"pos","x":-120.48,"y":45.85,"scaleY":-2,"shearY":-180,"rotateMix":0,"translateMix":-0.5,"scaleMix":0,"shearMix":0}],"skins":{"default":{"body":{"body":{"type":"mesh","path":"13_x25/body","uvs":[0.99999,0.40509,0.83036,0.89424,0.57102,0.99992,0.31584,0.86463,0.05748,0.23136,0.03838,0.14466,0.01861,0.09507,0.01053,0.02732,0.05747,0.02732,0.31584,0.02732,0.57102,0.02732,0.83036,0.02732,1,0.02732,0.31584,0.25201,0.57102,0.36113,0.83036,0.24508,0.81343,0.49479,0.74546,0.64438,0.76577,0.69775,0.797,0.69549,0.82125,0.65461,0.8358,0.56944,0.83944,0.52175,0.79325,0.65307,0.7842,0.62392,0.7908,0.56121,0.80208,0.53085,0.81815,0.52831,0.82561,0.56136,0.8152,0.61644,0.8048,0.64187],"triangles":[4,13,3,13,8,9,8,13,4,8,4,5,5,6,8,6,7,8,18,19,1,18,2,17,0,21,22,21,0,20,19,20,1,0,1,20,17,2,14,18,23,19,18,17,23,20,23,30,20,19,23,30,29,20,20,29,21,17,24,23,23,24,30,24,17,25,30,24,29,24,25,29,25,17,14,29,25,28,29,28,21,28,26,27,26,28,25,21,28,22,28,27,22,25,14,26,26,16,27,26,14,16,27,16,22,22,16,0,16,15,0,16,14,15,0,15,12,15,11,12,2,18,1,2,3,14,3,13,14,13,10,14,14,10,15,13,9,10,10,11,15],"vertices":[2,13,-70.78,-19.91,0.5,4,-37.22,19.91,0.5,2,13,-108.27,-48.77,0.7,4,0.27,48.77,0.3,3,13,-165.58,-55.01,0.7,4,57.58,55.01,0.15,5,0.44,55.01,0.15,3,13,-221.98,-47.03,0.7,5,56.83,47.03,0.15,6,-0.31,47.03,0.15,2,13,-279.08,-9.66,0.25,6,56.79,9.66,0.75,2,13,-283.3,-3.86,0.25,6,61.01,3.86,0.75,2,13,-287.67,-0.55,0.25,6,65.38,0.55,0.75,2,13,-289.45,3.99,0.25,6,67.16,-3.99,0.75,2,13,-279.08,3.99,0.25,6,56.79,-3.99,0.75,3,12,-196.98,3.99,0.6,5,56.83,-3.99,0.2,6,-0.31,-3.99,0.2,3,12,-140.58,3.99,0.6,4,57.58,-3.99,0.2,5,0.44,-3.99,0.2,2,12,-83.27,3.99,0.6,4,0.27,-3.99,0.4,1,4,-37.22,-3.99,1,3,12,-196.98,-10.88,0.35,5,56.83,10.88,0.325,6,-0.31,10.88,0.325,3,12,-140.58,-17.32,0.5,4,57.58,17.32,0.25,5,0.44,17.32,0.25,2,12,-83.27,-10.47,0.35,4,0.27,10.47,0.65,1,4,4.01,25.21,1,2,13,-127.03,-34.03,0.12,4,19.03,34.03,0.88,2,13,-122.54,-37.18,0.12,4,14.54,37.18,0.88,2,13,-115.64,-37.05,0.12,4,7.64,37.05,0.88,2,13,-110.28,-34.64,0.12,4,2.28,34.64,0.88,2,13,-107.07,-29.61,0.12,4,-0.93,29.61,0.88,2,13,-106.26,-26.8,0.12,4,-1.74,26.8,0.88,1,4,8.47,34.55,1,2,12,-93.47,-32.83,0.1,4,10.47,32.83,0.9,2,12,-92.01,-29.13,0.1,4,9.01,29.13,0.9,2,12,-89.52,-27.33,0.1,4,6.52,27.33,0.9,2,12,-85.97,-27.18,0.1,4,2.97,27.18,0.9,2,12,-84.32,-29.13,0.2,4,1.32,29.13,0.8,2,12,-86.62,-32.38,0.1,4,3.62,32.38,0.9,2,12,-88.92,-33.88,0.1,4,5.92,33.88,0.9],"hull":13}},"body2":{"body":{"type":"mesh","path":"13_x25/body","uvs":[0.99999,0.40509,0.83036,0.89424,0.57102,0.99992,0.31584,0.86463,0.05748,0.23136,0.03725,0.14145,0.01652,0.07976,0.01136,0.02807,0.05747,0.02807,0.31584,0.02807,0.57102,0.02807,0.83036,0.02807,1,0.02807,0.31584,0.25201,0.57102,0.36113,0.83036,0.24508,0.81343,0.49479,0.74546,0.64438,0.76577,0.69775,0.797,0.69549,0.82125,0.65461,0.8358,0.56944,0.83944,0.52175,0.79325,0.65307,0.7842,0.62392,0.7908,0.56121,0.80208,0.53085,0.81815,0.52831,0.82561,0.56136,0.8152,0.61644,0.8048,0.64187],"triangles":[4,13,3,13,8,9,8,13,4,8,4,5,5,6,8,6,7,8,18,19,1,18,2,17,0,21,22,21,0,20,19,20,1,0,1,20,17,2,14,18,23,19,18,17,23,20,23,30,20,19,23,30,29,20,20,29,21,17,24,23,23,24,30,24,17,25,30,24,29,24,25,29,25,17,14,29,25,28,29,28,21,28,26,27,26,28,25,21,28,22,28,27,22,25,14,26,26,16,27,26,14,16,27,16,22,22,16,0,16,15,0,16,14,15,0,15,12,15,11,12,2,18,1,2,3,14,3,13,14,13,10,14,14,10,15,13,9,10,10,11,15],"vertices":[2,13,-70.78,23.28,0.5,4,-37.22,-23.28,0.5,2,13,-108.27,52.14,0.7,4,0.27,-52.14,0.3,3,13,-165.58,58.38,0.7,4,57.58,-58.38,0.15,5,0.44,-58.38,0.15,3,13,-221.98,50.39,0.7,5,56.83,-50.39,0.15,6,-0.31,-50.39,0.15,2,13,-279.08,13.03,0.25,6,56.79,-13.03,0.75,2,13,-283.55,6.99,0.25,6,61.26,-6.99,0.75,2,13,-288.13,2.85,0.25,6,65.84,-2.85,0.75,2,13,-289.27,-0.62,0.25,6,66.98,0.62,0.75,2,13,-279.08,-0.62,0.25,6,56.79,0.62,0.75,3,12,-196.98,-0.62,0.5,5,56.83,0.62,0.25,6,-0.31,0.62,0.25,3,12,-140.58,-0.62,0.6,4,57.58,0.62,0.2,5,0.44,0.62,0.2,2,12,-83.27,-0.62,0.5,4,0.27,0.62,0.5,1,4,-37.22,0.62,1,3,12,-196.98,14.25,0.35,5,56.83,-14.25,0.325,6,-0.31,-14.25,0.325,3,12,-140.58,20.69,0.5,4,57.58,-20.69,0.25,5,0.44,-20.69,0.25,2,12,-83.27,13.84,0.35,4,0.27,-13.84,0.65,1,4,4.01,-28.57,1,2,13,-127.03,37.4,0.12,4,19.03,-37.4,0.88,2,13,-122.54,40.55,0.12,4,14.54,-40.55,0.88,2,13,-115.64,40.41,0.12,4,7.64,-40.41,0.88,2,13,-110.28,38,0.12,4,2.28,-38,0.88,2,13,-107.07,32.98,0.12,4,-0.93,-32.98,0.88,2,13,-106.26,30.16,0.12,4,-1.74,-30.16,0.88,1,4,8.47,-37.91,1,2,12,-93.47,36.19,0.1,4,10.47,-36.19,0.9,2,12,-92.01,32.49,0.1,4,9.01,-32.49,0.9,2,12,-89.52,30.7,0.1,4,6.52,-30.7,0.9,2,12,-85.97,30.55,0.1,4,2.97,-30.55,0.9,2,12,-84.32,32.5,0.2,4,1.32,-32.5,0.8,2,12,-86.62,35.75,0.1,4,3.62,-35.75,0.9,2,12,-88.92,37.25,0.1,4,5.92,-37.25,0.9],"hull":13}},"eye":{"eye":{"type":"mesh","path":"13_x25/eye","uvs":[0.7217,0.10986,0.88995,0.16733,0.9406,0.56919,0.75212,0.65552,0.47876,0.78072,0.08055,0.96311,0.04765,0.88536,0.09874,0.51159,0.4205,0.17433],"triangles":[3,0,1,3,1,2,8,0,3,4,7,8,3,4,8,6,7,4,5,6,4],"vertices":[2,8,8.95,2.88,0.97497,13,-110.47,-13.25,0.02503,2,8,16.01,1.31,0.95061,13,-103.4,-14.83,0.04939,2,8,18.14,-9.43,0.832,13,-101.27,-27.8,0.168,1,8,10.23,-12.71,1,1,8,-1.25,-16.43,1,2,8,-17.98,-20.75,0.79206,13,-137.39,-36.88,0.20794,2,8,-19.36,-18.55,0.79809,13,-138.78,-34.68,0.20191,2,8,-17.22,-8.34,0.91236,13,-136.63,-24.47,0.08764,2,8,-3.7,1.07,0.97014,13,-123.12,-15.06,0.02986],"hull":9}},"eye2":{"eye":{"type":"mesh","path":"13_x25/eye","uvs":[0.7083,0.11348,0.88946,0.16344,0.9406,0.56919,0.75212,0.65552,0.47876,0.78072,0.05706,0.97386,0.04271,0.8851,0.09376,0.52281,0.40962,0.16796],"triangles":[3,0,1,3,1,2,8,0,3,4,7,8,3,4,8,6,7,4,5,6,4],"vertices":[2,8,8.39,33.08,0.97374,13,-111.03,16.95,0.02626,2,8,15.99,34.41,0.95176,13,-103.42,18.28,0.04824,2,8,18.14,45.98,0.832,13,-101.27,27.62,0.168,1,8,10.23,48.55,1,1,8,-1.25,52.27,1,2,8,-18.97,57.5,0.7798,13,-138.38,41.37,0.2202,2,8,-19.57,54.98,0.79614,13,-138.98,38.85,0.20386,2,8,-17.42,44.75,0.90752,13,-136.84,28.62,0.09248,2,8,-4.16,34.67,0.97029,13,-123.57,18.54,0.02971],"hull":9}},"fintop":{"fintop":{"type":"mesh","path":"13_x25/fintop","uvs":[1,0.86025,1,1,0.77913,1,0.55527,1,0.32083,1,0.11988,1,0,1,0,0.83885,0.02562,0.77259,0.05123,0.70635,0.09007,0.6059,0.12299,0.52077,0.16555,0.41069,0.20942,0.29725,0.26697,0.14841,0.32435,0,0.41241,0,1,0,0.73804,0.33025],"triangles":[2,0,1,0,2,18,3,4,11,3,12,2,5,8,4,5,6,7,18,2,13,13,2,12,18,13,14,4,10,11,11,12,3,4,8,9,10,4,9,5,7,8,18,17,0,18,14,16,14,15,16,18,16,17],"vertices":[2,16,79.82,-54.29,0.13175,15,56.04,4.21,0.86825,1,15,56.04,-4.59,1,1,15,29.97,-4.59,1,1,15,3.56,-4.59,1,1,15,-24.11,-4.59,1,1,15,-47.82,-4.59,1,1,15,-61.96,-4.59,1,1,20,0.02,0.17,1,2,20,3.04,4.34,0.5,19,-3.06,-4.18,0.5,1,19,-0.04,-0.01,1,2,19,4.54,6.32,0.5,18,-3.98,-5.46,0.5,1,18,-0.09,-0.1,1,2,18,4.93,6.83,0.5,17,-5.01,-7.37,0.5,1,17,0.16,-0.22,1,2,16,-7.71,-8.83,0.5,17,6.96,9.16,0.5,1,16,0.09,-0.09,1,2,16,10.49,-0.09,0.984,15,-13.3,58.41,0.016,1,16,79.82,-0.09,1,2,16,48.91,-20.9,0.656,15,25.12,37.6,0.344],"hull":18}},"fintop_thin":{"fintop_thin":{"type":"mesh","path":"13_x25/fintop_thin","uvs":[0.23128,0.17242,0.45672,0.37977,0.73551,0.63619,1,0.87946,1,1,0.90621,1,0.65376,0.7377,0.39183,0.46556,0.17491,0.24018,0,0.05845,0,0,0.04382,0],"triangles":[8,9,0,9,11,0,9,10,11,7,8,1,8,0,1,6,7,2,7,1,2,5,3,4,5,6,3,6,2,3],"vertices":[2,23,21.71,-2.84,0.5,24,-0.03,-2.62,0.5,2,22,26.53,-3.52,0.5,23,-0.37,-3.52,0.5,2,21,26.75,-4.53,0.5,22,-0.77,-4.54,0.5,1,21,0.84,-4.95,1,1,21,-3.75,1.1,1,1,21,2.15,5.58,1,2,21,28.03,4.47,0.5,22,0.32,4.48,0.5,2,22,27.19,3.9,0.5,23,0.34,3.89,0.5,2,23,22.59,3.26,0.5,24,0.81,3.49,0.5,1,24,18.75,3.1,1,1,24,21.04,0.21,1,1,24,18.32,-1.94,1],"hull":12}},"shadow":{"shadow":{"type":"mesh","path":"13_x25/shadow","uvs":[0.77648,0.23099,0.88613,0.26076,1,0.39966,1,0.61425,0.88173,0.7447,0.77657,0.75133,0.741,0.85967,0.68533,0.93926,0.58945,1,0.49976,1,0.56007,0.90167,0.57553,0.79997,0.59873,0.75354,0.45897,0.68386,0.33275,0.56737,0.22427,0.73631,0.15222,0.68642,0.08581,0.61239,0,0.49169,0,0.46272,0.04993,0.45913,0.10727,0.455,0.17936,0.44982,0.24899,0.44481,0.3132,0.44019,0.46084,0.3138,0.60027,0.23925],"triangles":[7,10,11,6,7,11,8,10,7,9,10,8,5,12,26,6,12,5,11,12,6,18,19,20,17,20,21,18,20,17,22,17,21,16,17,22,22,14,16,14,15,16,14,24,25,2,0,1,13,14,25,23,24,14,0,2,5,3,4,2,4,5,2,26,0,5,12,13,25,25,26,12,23,14,22],"vertices":[1,35,-88.37,-38.73,1,1,35,-113.81,-33.9,1,1,35,-140.23,-11.35,1,1,35,-140.23,23.47,1,1,35,-112.79,44.65,1,1,39,6.44,-3.99,1,1,40,7.06,4.71,1,1,40,21.4,3.32,1,1,40,38.55,-5.28,1,1,40,48.99,-17.95,1,2,39,-33.18,-23.23,0.28,40,32.26,-17.43,0.72,2,39,-30.35,-10.21,0.688,40,20.41,-23.52,0.312,1,39,-26.1,-4.27,1,1,35,-14.7,34.77,1,1,35,14.59,15.87,1,4,35,39.76,43.28,0.00104,36,18.68,43.28,0.5217,37,-2.4,43.28,0.44277,38,-24.51,43.28,0.0345,3,36,35.39,35.19,0.33649,37,14.31,35.19,0.51911,38,-7.8,35.19,0.14441,3,36,50.81,23.17,0.08014,37,29.72,23.17,0.34152,38,7.61,23.17,0.57834,1,38,27.52,3.58,1,1,38,27.52,-1.12,1,1,38,15.94,-1.7,1,2,37,24.74,-2.37,0.0283,38,2.63,-2.37,0.9717,1,37,8.02,-3.21,1,1,36,12.94,-4.02,1,1,35,19.13,-4.77,1,1,35,-15.13,-25.29,1,1,35,-47.48,-37.39,1],"hull":27}},"tail":{"tail":{"type":"mesh","path":"13_x25/tail","uvs":[1,0.15182,0.65597,1,0.43022,0.82898,0.26553,0.51218,0,0,0.22852,0,0.43762,0,0.63747,0,0.82992,0,1,0],"triangles":[7,2,3,0,1,2,4,5,3,3,5,6,7,3,6,8,9,0,7,0,2,0,7,8],"vertices":[2,7,-18.32,9.72,0.848,26,114.56,24.56,0.152,1,26,77.75,-17.85,1,2,11,0.48,43.58,0.176,26,53.59,-9.3,0.824,2,25,-4.01,27.74,0.48,26,35.97,6.54,0.52,2,25,24.4,2.13,0.944,26,7.56,32.15,0.056,3,11,22.06,2.13,0.472,25,-0.05,2.13,0.472,26,32.01,32.15,0.056,3,10,20.77,2.13,0.472,11,-0.31,2.13,0.472,26,54.38,32.15,0.056,3,7,20.47,2.13,0.472,10,-0.61,2.13,0.472,26,75.77,32.15,0.056,2,7,-0.12,2.13,0.944,26,96.36,32.15,0.056,2,7,-18.32,2.13,0.944,26,114.56,32.15,0.056],"hull":10}},"tail1":{"tail1":{"type":"mesh","path":"13_x25/tail1","uvs":[1,1,0.94691,1,0.71726,1,0.48484,1,0.24774,1,0,1,0,0,0.24774,0,0.48484,0,0.71726,0,0.94691,0,1,0],"triangles":[4,5,7,5,6,7,3,4,7,7,8,3,3,9,2,3,8,9,11,0,10,2,10,1,0,1,10,2,9,10],"vertices":[2,7,-4.93,8.75,0.75,13,-274.5,-6.66,0.25,2,7,-0.05,8.75,0.75,13,-279.39,-6.66,0.25,2,7,21.08,8.75,0.4284,10,0,8.75,0.5716,2,10,21.38,8.75,0.34988,11,0.3,8.75,0.65012,2,11,22.12,8.75,0.5584,25,0.01,8.75,0.4416,1,25,22.8,8.75,1,1,25,22.8,-9.25,1,2,11,22.12,-9.25,0.52725,25,0.01,-9.25,0.47275,2,10,21.38,-9.25,0.44578,11,0.3,-9.25,0.55422,2,7,21.08,-9.25,0.53155,10,0,-9.25,0.46845,2,7,-0.05,-9.25,0.75,13,-279.39,11.34,0.25,2,7,-4.93,-9.25,0.75,13,-274.5,11.34,0.25],"hull":12}},"wing":{"wing":{"type":"mesh","path":"13_x25/wing","uvs":[1,0.14448,0.83391,0.5118,0.53323,0.828,0.15128,1,0,1,0,0.92702,0.04928,0.91973,0.17024,0.70983,0.16482,0.63636,0.23526,0.39681,0.24338,0.33293,0.30298,0,1,0,0.10794,0.91105,0.46822,0.75135,0.73098,0.46069,0.86913,0.2403,0.64971,0.4543,0.40862,0.6172,0.38424,0.54054,0.59824,0.38084,0.78515,0.20517,0.53865,0.32974,0.49801,0.25308,0.68493,0.15087,0.36544,0.63398],"triangles":[19,9,22,22,10,23,22,9,10,10,11,23,22,24,21,22,23,24,23,11,24,12,21,24,20,22,21,14,25,18,25,14,7,14,18,17,7,8,25,25,8,19,18,25,17,19,8,9,17,25,19,19,20,17,19,22,20,17,21,16,17,20,21,3,14,2,3,13,14,2,15,1,2,14,15,14,17,15,1,16,0,1,15,16,15,17,16,4,6,3,6,13,3,4,5,6,14,13,7,7,13,6,24,11,12,0,21,12,16,21,0],"vertices":[1,9,7.7,-3.85,1,1,27,18.65,7.32,1,1,27,50.1,2.45,1,1,27,78.18,-13.52,1,1,27,85.78,-22.74,1,1,27,82,-25.85,1,1,27,79.15,-23.16,1,1,28,64.69,-4.06,1,1,28,62.04,-8.24,1,1,29,42.32,-4.18,1,1,29,39.85,-7.73,1,1,9,-47.37,5.83,1,1,9,7.7,5.83,1,1,27,75.76,-19.95,1,1,27,49.4,-4.78,1,1,27,21.17,-1.14,1,2,27,2.84,-2.1,0.5,28,1.7,4.35,0.5,1,28,24.18,5.26,1,1,28,45.94,2.41,1,1,28,44.36,-2.85,1,1,28,24.43,-1.12,1,2,28,5.55,-1.54,0.5,29,-2.32,3.53,0.5,1,29,18.84,2.4,1,1,29,19.45,-3.63,1,1,29,3.18,-3.24,1,1,28,49.34,1.24,1],"hull":13}},"wing2":{"wing":{"type":"mesh","path":"13_x25/wing","uvs":[1,0.14448,0.83391,0.5118,0.53323,0.828,0.15128,1,0,1,0,0.92702,0.04928,0.91973,0.17024,0.70983,0.16482,0.63636,0.23526,0.39681,0.24338,0.33293,0.30298,0,1,0,0.10794,0.91105,0.46822,0.75135,0.73098,0.46069,0.86913,0.2403,0.64971,0.4543,0.40862,0.6172,0.38424,0.54054,0.59824,0.38084,0.78515,0.20517,0.53865,0.32974,0.49801,0.25308,0.68493,0.15087,0.36544,0.63398],"triangles":[19,9,22,22,10,23,22,9,10,10,11,23,22,24,21,22,23,24,23,11,24,12,21,24,20,22,21,14,25,18,25,14,7,14,18,17,7,8,25,25,8,19,18,25,17,19,8,9,17,25,19,19,20,17,19,22,20,17,21,16,17,20,21,3,14,2,3,13,14,2,15,1,2,14,15,14,17,15,1,16,0,1,15,16,15,17,16,4,6,3,6,13,3,4,5,6,14,13,7,7,13,6,24,11,12,0,21,12,16,21,0],"vertices":[1,30,7.7,-3.85,1,1,31,18.65,7.32,1,1,31,50.1,2.45,1,1,31,78.18,-13.52,1,1,31,85.78,-22.74,1,1,31,82,-25.85,1,1,31,79.15,-23.16,1,1,32,64.69,-4.06,1,1,32,62.04,-8.24,1,1,33,42.32,-4.18,1,1,33,39.85,-7.73,1,1,30,-47.37,5.83,1,1,30,7.7,5.83,1,1,31,75.76,-19.95,1,1,31,49.4,-4.78,1,1,31,21.17,-1.14,1,2,31,2.84,-2.1,0.5,32,1.7,4.35,0.5,1,32,24.18,5.26,1,1,32,45.94,2.41,1,1,32,44.36,-2.85,1,1,32,24.43,-1.12,1,2,32,5.55,-1.54,0.5,33,-2.32,3.53,0.5,1,33,18.84,2.4,1,1,33,19.45,-3.63,1,1,33,3.18,-3.24,1,1,32,49.34,1.24,1],"hull":13}}}},"animations":{"animation":{"bones":{"control":{"translate":[{"time":0,"x":0,"y":10,"curve":[0.25,0,0.75,1]},{"time":0.5,"x":0,"y":-10,"curve":[0.25,0,0.75,1]},{"time":1,"x":0,"y":10}]},"fin1":{"translate":[{"time":0,"x":0,"y":0,"curve":[0.25,0,0.75,1]},{"time":0.5,"x":0,"y":-122.16,"curve":[0.25,0,0.75,1]},{"time":1,"x":0,"y":0}]},"fin2":{"translate":[{"time":0,"x":0,"y":-5.9,"curve":[0.366,0.63,0.703,1]},{"time":0.0667,"x":0,"y":0,"curve":[0.25,0,0.75,1]},{"time":0.5667,"x":0,"y":-84.96,"curve":[0.244,0,0.7,0.79]},{"time":1,"x":0,"y":-5.9}]},"fin3":{"translate":[{"time":0,"x":0,"y":-11.46,"curve":[0.38,0.59,0.727,1]},{"time":0.1333,"x":0,"y":0,"curve":[0.25,0,0.75,1]},{"time":0.6333,"x":0,"y":-56.56,"curve":[0.242,0,0.663,0.65]},{"time":1,"x":0,"y":-11.46}]},"fin4":{"translate":[{"time":0,"x":0,"y":-12.13,"curve":[0.381,0.55,0.742,1]},{"time":0.2,"x":0,"y":0,"curve":[0.25,0,0.75,1]},{"time":0.7,"x":0,"y":-32.99,"curve":[0.245,0,0.637,0.56]},{"time":1,"x":0,"y":-12.13}]},"fin5":{"translate":[{"time":0,"x":0,"y":-8.68,"curve":[0.372,0.48,0.752,1]},{"time":0.2667,"x":0,"y":0,"curve":[0.25,0,0.75,1]},{"time":0.7667,"x":0,"y":-15.95,"curve":[0.252,0,0.622,0.48]},{"time":1,"x":0,"y":-8.68}]},"bone4":{"rotate":[{"time":0,"angle":-9.62,"curve":[0.25,0,0.75,1]},{"time":0.5,"angle":82.11,"curve":[0.25,0,0.75,1]},{"time":1,"angle":-9.62}],"translate":[{"time":0,"x":0,"y":0,"curve":[0.25,0,0.75,1]},{"time":0.5,"x":0,"y":-14.49,"curve":[0.25,0,0.75,1]},{"time":1,"x":0,"y":0}]},"bone8":{"rotate":[{"time":0,"angle":8.4},{"time":0.5,"angle":-9},{"time":1,"angle":8.4}]},"bone9":{"rotate":[{"time":0,"angle":10.37},{"time":0.5,"angle":-9},{"time":1,"angle":10.37}]},"bone10":{"rotate":[{"time":0,"angle":7.52},{"time":0.5,"angle":-9},{"time":1,"angle":7.52}]},"bone12":{"translate":[{"time":0,"x":14.83,"y":21.99,"curve":[0.382,0.57,0.735,1]},{"time":0.1667,"x":14.83,"y":-12.74,"curve":[0.25,0,0.75,1]},{"time":0.6667,"x":14.83,"y":109.62,"curve":[0.243,0,0.649,0.6]},{"time":1,"x":14.83,"y":21.99}]},"bone5":{"rotate":[{"time":0,"angle":14.97,"curve":[0.25,0,0.75,1]},{"time":0.5,"angle":-21.4,"curve":[0.25,0,0.75,1]},{"time":1,"angle":14.97}]},"bone6":{"rotate":[{"time":0,"angle":10.24,"curve":[0.375,0.62,0.716,1]},{"time":0.1,"angle":14.97,"curve":[0.25,0,0.75,1]},{"time":0.6,"angle":-21.4,"curve":[0.243,0,0.68,0.71]},{"time":1,"angle":10.24}]},"bone11":{"rotate":[{"time":0,"angle":-8.02,"curve":[0.363,0.44,0.755,1]},{"time":0.3,"angle":14.97,"curve":[0.25,0,0.75,1]},{"time":0.8,"angle":-21.4,"curve":[0.258,0,0.619,0.45]},{"time":1,"angle":-8.02}]},"bone7":{"rotate":[{"time":0,"angle":1.59,"curve":[0.381,0.55,0.742,1]},{"time":0.2,"angle":14.97,"curve":[0.25,0,0.75,1]},{"time":0.7,"angle":-21.4,"curve":[0.245,0,0.637,0.56]},{"time":1,"angle":1.59}]},"wing2":{"rotate":[{"time":0,"angle":-41.64,"curve":[0.25,0,0.75,1]},{"time":0.5,"angle":41.93,"curve":[0.25,0,0.75,1]},{"time":1,"angle":-41.64}]},"wing3":{"rotate":[{"time":0,"angle":-35.83,"curve":[0.366,0.63,0.703,1]},{"time":0.0667,"angle":-41.64,"curve":[0.25,0,0.75,1]},{"time":0.5667,"angle":41.93,"curve":[0.244,0,0.7,0.79]},{"time":1,"angle":-35.83}]},"wing4":{"rotate":[{"time":0,"angle":-17.92,"curve":[0.382,0.57,0.735,1]},{"time":0.1667,"angle":-41.64,"curve":[0.25,0,0.75,1]},{"time":0.6667,"angle":41.93,"curve":[0.243,0,0.649,0.6]},{"time":1,"angle":-17.92}]},"wing6":{"rotate":[{"time":0,"angle":-41.64,"curve":[0.25,0,0.75,1]},{"time":0.5,"angle":41.93,"curve":[0.25,0,0.75,1]},{"time":1,"angle":-41.64}]},"wing7":{"rotate":[{"time":0,"angle":-35.83,"curve":[0.366,0.63,0.703,1]},{"time":0.0667,"angle":-41.64,"curve":[0.25,0,0.75,1]},{"time":0.5667,"angle":41.93,"curve":[0.244,0,0.7,0.79]},{"time":1,"angle":-35.83}]},"wing8":{"rotate":[{"time":0,"angle":-17.92,"curve":[0.382,0.57,0.735,1]},{"time":0.1667,"angle":-41.64,"curve":[0.25,0,0.75,1]},{"time":0.6667,"angle":41.93,"curve":[0.243,0,0.649,0.6]},{"time":1,"angle":-17.92}]},"bone2":{"rotate":[{"time":0,"angle":0.54,"curve":[0.363,0.44,0.755,1]},{"time":0.3,"angle":-5.39,"curve":[0.25,0,0.75,1]},{"time":0.8,"angle":3.99,"curve":[0.258,0,0.619,0.45]},{"time":1,"angle":0.54}]},"bone3":{"rotate":[{"time":0,"angle":2.77,"curve":[0.32,0.29,0.757,1]},{"time":0.4,"angle":-5.39,"curve":[0.25,0,0.75,1]},{"time":0.9,"angle":3.99,"curve":[0.284,0,0.625,0.38]},{"time":1,"angle":2.77}]},"bone16":{"rotate":[{"time":0,"angle":-8.02,"curve":[0.363,0.44,0.755,1]},{"time":0.3,"angle":14.97,"curve":[0.25,0,0.75,1]},{"time":0.8,"angle":-21.4,"curve":[0.258,0,0.619,0.45]},{"time":1,"angle":-8.02}]},"bone15":{"rotate":[{"time":0,"angle":1.59,"curve":[0.381,0.55,0.742,1]},{"time":0.2,"angle":14.97,"curve":[0.25,0,0.75,1]},{"time":0.7,"angle":-21.4,"curve":[0.245,0,0.637,0.56]},{"time":1,"angle":1.59}]},"bone14":{"rotate":[{"time":0,"angle":10.24,"curve":[0.375,0.62,0.716,1]},{"time":0.1,"angle":14.97,"curve":[0.25,0,0.75,1]},{"time":0.6,"angle":-21.4,"curve":[0.243,0,0.68,0.71]},{"time":1,"angle":10.24}]},"wing10":{"rotate":[{"time":0,"angle":-41.64,"curve":[0.25,0,0.75,1]},{"time":0.5,"angle":41.93,"curve":[0.25,0,0.75,1]},{"time":1,"angle":-41.64}]},"wing11":{"rotate":[{"time":0,"angle":-35.83,"curve":[0.366,0.63,0.703,1]},{"time":0.0667,"angle":-41.64,"curve":[0.25,0,0.75,1]},{"time":0.5667,"angle":41.93,"curve":[0.244,0,0.7,0.79]},{"time":1,"angle":-35.83}]},"wing12":{"rotate":[{"time":0,"angle":-17.92,"curve":[0.382,0.57,0.735,1]},{"time":0.1667,"angle":-41.64,"curve":[0.25,0,0.75,1]},{"time":0.6667,"angle":41.93,"curve":[0.243,0,0.649,0.6]},{"time":1,"angle":-17.92}]}}}}},"_atlasText":"\nFish1992.png\nsize: 1024,1024\nformat: RGBA8888\nfilter: Linear,Linear\nrepeat: none\n13_x25/body\n  rotate: false\n  xy: 193, 310\n  size: 111, 30\n  orig: 111, 30\n  offset: 0, 0\n  index: -1\n13_x25/eye\n  rotate: false\n  xy: 183, 582\n  size: 21, 14\n  orig: 21, 14\n  offset: 0, 0\n  index: -1\n13_x25/fintop\n  rotate: true\n  xy: 561, 27\n  size: 59, 32\n  orig: 59, 32\n  offset: 0, 0\n  index: -1\n13_x25/fintop_thin\n  rotate: false\n  xy: 940, 730\n  size: 40, 32\n  orig: 40, 32\n  offset: 0, 0\n  index: -1\n13_x25/shadow\n  rotate: true\n  xy: 279, 216\n  size: 92, 64\n  orig: 92, 64\n  offset: 0, 0\n  index: -1\n13_x25/tail\n  rotate: true\n  xy: 592, 113\n  size: 54, 25\n  orig: 54, 25\n  offset: 0, 0\n  index: -1\n13_x25/tail1\n  rotate: false\n  xy: 331, 2\n  size: 46, 7\n  orig: 46, 7\n  offset: 0, 0\n  index: -1\n13_x25/wing\n  rotate: true\n  xy: 752, 643\n  size: 40, 34\n  orig: 40, 34\n  offset: 0, 0\n  index: -1\n","textures":[{"__uuid__":"9by7GcOfRMaIxdhcHI+96q"}],"textureNames":["Fish1992.png"]}