{"__type__":"cc.AnimationClip","_name":"animItemFreeze","_duration":2.0833333333333335,"curveData":{"paths":{"eff1":{"props":{"angle":[{"frame":0.5,"value":0},{"frame":1.75,"value":720}],"scale":[{"frame":0.5,"value":{"__type__":"cc.Vec2","x":0.8,"y":0.8}},{"frame":1.75,"value":{"__type__":"cc.Vec2","x":0.8,"y":0.8}}],"active":[{"frame":0,"value":false},{"frame":0.5,"value":true},{"frame":1.75,"value":false}]}},"eff2":{"props":{"scale":[{"frame":0.5,"value":{"__type__":"cc.Vec2","x":1,"y":1}},{"frame":1,"value":{"__type__":"cc.Vec2","x":2,"y":2}}],"opacity":[{"frame":0.5,"value":255},{"frame":1,"value":255},{"frame":1.1333333333333333,"value":0}],"active":[{"frame":0,"value":false},{"frame":0.5,"value":true}]}},"eff3":{"props":{"active":[{"frame":0,"value":false},{"frame":0.5,"value":false},{"frame":1.75,"value":true},{"frame":2.0833333333333335,"value":false}],"scale":[{"frame":0.5,"value":{"__type__":"cc.Vec2"}},{"frame":1.75,"value":{"__type__":"cc.Vec2","x":1.4,"y":1.4}},{"frame":1.9166666666666667,"value":{"__type__":"cc.Vec2","x":1.6,"y":1.6}}],"opacity":[{"frame":0.5,"value":255},{"frame":1.9166666666666667,"value":255},{"frame":2.0833333333333335,"value":0}]}},"dropEff2":{"props":{"active":[{"frame":0,"value":true}],"position":[{"frame":0,"value":[0,0,0]},{"frame":0.8333333333333334,"value":[-4.167,0,0]}],"scale":[{"frame":0.5,"value":{"__type__":"cc.Vec2"}},{"frame":0.8333333333333334,"value":{"__type__":"cc.Vec2","x":1.3,"y":1.3}}],"opacity":[{"frame":0.5,"value":255},{"frame":0.8333333333333334,"value":255},{"frame":1,"value":0}]}},"dropEff1":{"props":{"active":[{"frame":0,"value":true}],"scale":[{"frame":0.5,"value":{"__type__":"cc.Vec2"}},{"frame":0.8333333333333334,"value":{"__type__":"cc.Vec2","x":1.3,"y":1.3}}],"opacity":[{"frame":0.5,"value":255},{"frame":0.8333333333333334,"value":63.75},{"frame":1,"value":0}]}},"Image":{"props":{"scale":[{"frame":0,"value":{"__type__":"cc.Vec2","x":0.5,"y":0.5}},{"frame":0.5,"value":{"__type__":"cc.Vec2","x":1,"y":1}}]}}},"props":{"scale":[{"frame":0.5,"value":{"__type__":"cc.Vec2","x":1,"y":1}},{"frame":1,"value":{"__type__":"cc.Vec2","x":1.3,"y":1.3}},{"frame":1.25,"value":{"__type__":"cc.Vec2","x":1,"y":1}}]}}}