[{"__type__":"cc.Prefab","_name":"ItemReward1992","data":{"__id__":1}},{"__type__":"cc.Node","_name":"ItemReward","_children":[{"__id__":2},{"__id__":3},{"__id__":4},{"__id__":6}],"_level":1,"_components":[{"__type__":"486691HWVFMUItILZhxwysJ","node":{"__id__":1},"mainImage":{"__id__":5},"textReward":{"__id__":6},"ball":{"__id__":3},"light":{"__id__":2},"listImageReward":[{"__uuid__":"50NoynbGNLVpDMyIe+IWis"},{"__uuid__":"14MGKD3QxK4J8qdkJON0HM"},{"__uuid__":"b2QEukrPBDFrrHT5sRGCl2"},{"__uuid__":"04r8RN3j9Pl4Vyh63EBHa2"},{"__uuid__":"08NHPUB0FGAqEDNGL8bkrz"}]}],"_prefab":{"__type__":"cc.PrefabInfo","root":{"__id__":1},"asset":{"__uuid__":"b4fPxGElxB7ZclR/Y2b1hW"},"fileId":"9dx63F4mVIMIBXGvWAsJJn"},"_contentSize":{"__type__":"cc.Size","width":139,"height":45}},{"__type__":"cc.Node","_name":"Light","_parent":{"__id__":1},"_active":false,"_level":2,"_components":[{"__type__":"cc.Sprite","node":{"__id__":2},"_materials":[{"__uuid__":"ecpdLyjvZBwrvm+cedCcQy"}],"_spriteFrame":{"__uuid__":"efip/63Q9FsoZlXSpAiCKh"}}],"_prefab":{"__type__":"cc.PrefabInfo","root":{"__id__":1},"asset":{"__uuid__":"b4fPxGElxB7ZclR/Y2b1hW"},"fileId":"95NeYWIaNDT4/up1+s0Zo6"},"_contentSize":{"__type__":"cc.Size","width":358,"height":350},"_scale":{"__type__":"cc.Vec3","x":0.5,"y":0.5,"z":1}},{"__type__":"cc.Node","_name":"Ball","_parent":{"__id__":1},"_active":false,"_level":2,"_components":[{"__type__":"cc.Sprite","node":{"__id__":3},"_materials":[{"__uuid__":"ecpdLyjvZBwrvm+cedCcQy"}],"_spriteFrame":{"__uuid__":"7d0Vz0NltNUK0bsdTvYItQ"}}],"_prefab":{"__type__":"cc.PrefabInfo","root":{"__id__":1},"asset":{"__uuid__":"b4fPxGElxB7ZclR/Y2b1hW"},"fileId":"364pPJmr1FHrBN9o5SNaHp"},"_contentSize":{"__type__":"cc.Size","width":259,"height":258},"_scale":{"__type__":"cc.Vec3","x":0.5,"y":0.5,"z":1}},{"__type__":"cc.Node","_name":"Icon","_parent":{"__id__":1},"_active":false,"_level":5,"_components":[{"__id__":5}],"_prefab":{"__type__":"cc.PrefabInfo","root":{"__id__":1},"asset":{"__uuid__":"b4fPxGElxB7ZclR/Y2b1hW"},"fileId":"fa8iSnnX1I64HCClUxXHOF"},"_contentSize":{"__type__":"cc.Size","width":130,"height":130}},{"__type__":"cc.Sprite","node":{"__id__":4},"_materials":[{"__uuid__":"ecpdLyjvZBwrvm+cedCcQy"}],"_spriteFrame":{"__uuid__":"50NoynbGNLVpDMyIe+IWis"},"_sizeMode":2,"_isTrimmedMode":false},{"__type__":"cc.Node","_name":"Reward","_parent":{"__id__":1},"_active":false,"_level":2,"_components":[{"__type__":"cc.Label","node":{"__id__":6},"_materials":[{"__uuid__":"ecpdLyjvZBwrvm+cedCcQy"}],"_N$file":{"__uuid__":"47KUKs0/tO+6nUXDPUJjcR"},"_isSystemFontUsed":false},{"__type__":"07e37rdsyVB8bTMlwDmJZ+V","node":{"__id__":6}}],"_prefab":{"__type__":"cc.PrefabInfo","root":{"__id__":1},"asset":{"__uuid__":"b4fPxGElxB7ZclR/Y2b1hW"},"fileId":"b9hmRElWtCvb3+TJdTO2se"},"_contentSize":{"__type__":"cc.Size","height":50},"_position":{"__type__":"cc.Vec3","y":116.593}}]