[{"__type__":"cc.Prefab","_name":"DropLaserEffect","data":{"__id__":1}},{"__type__":"cc.Node","_name":"ItemLaser","_children":[{"__id__":2},{"__id__":3},{"__id__":4},{"__id__":5},{"__id__":6},{"__id__":7}],"_level":1,"_components":[{"__type__":"cc.Animation","node":{"__id__":1},"_defaultClip":{"__uuid__":"06WOhwK9xNz4huW0cTzMxB"},"_clips":[{"__uuid__":"06WOhwK9xNz4huW0cTzMxB"}]}],"_prefab":{"__type__":"cc.PrefabInfo","root":{"__id__":1},"asset":{"__uuid__":"d0VaB68DhDso0d/KHA1oWE"},"fileId":"bexJkNYSdOjql7Q9fyD8t2"},"_contentSize":{"__type__":"cc.Size","width":161,"height":242}},{"__type__":"cc.Node","_name":"Effect2","_parent":{"__id__":1},"_active":false,"_level":2,"_components":[{"__type__":"cc.Sprite","node":{"__id__":2},"_materials":[{"__uuid__":"ecpdLyjvZBwrvm+cedCcQy"}],"_spriteFrame":{"__uuid__":"61Z8ogwP9KYKX9vRp0FGkZ"},"_sizeMode":2,"_isTrimmedMode":false}],"_prefab":{"__type__":"cc.PrefabInfo","root":{"__id__":1},"asset":{"__uuid__":"d0VaB68DhDso0d/KHA1oWE"},"fileId":"3eJOuY+zBNCLLeFTDpn8dV"},"_contentSize":{"__type__":"cc.Size","width":132,"height":116},"_position":{"__type__":"cc.Vec3","y":45.56}},{"__type__":"cc.Node","_name":"Effect1","_parent":{"__id__":1},"_level":2,"_components":[{"__type__":"cc.Sprite","node":{"__id__":3},"_materials":[{"__uuid__":"ecpdLyjvZBwrvm+cedCcQy"}],"_spriteFrame":{"__uuid__":"05EE4uw5FNPKz0fmtXxVzV"},"_sizeMode":2,"_isTrimmedMode":false}],"_prefab":{"__type__":"cc.PrefabInfo","root":{"__id__":1},"asset":{"__uuid__":"d0VaB68DhDso0d/KHA1oWE"},"fileId":"dbttuq3CRGq6wc/CiaBbUA"},"_contentSize":{"__type__":"cc.Size","width":113,"height":106},"_position":{"__type__":"cc.Vec3","y":45.56}},{"__type__":"cc.Node","_name":"Effect3","_parent":{"__id__":1},"_level":2,"_components":[{"__type__":"cc.Sprite","node":{"__id__":4},"_materials":[{"__uuid__":"ecpdLyjvZBwrvm+cedCcQy"}],"_spriteFrame":{"__uuid__":"08fGHk+wJKv6SE2Vat7Yb0"},"_sizeMode":2,"_isTrimmedMode":false}],"_prefab":{"__type__":"cc.PrefabInfo","root":{"__id__":1},"asset":{"__uuid__":"d0VaB68DhDso0d/KHA1oWE"},"fileId":"04HanRT1RHapgjFJksT++c"},"_contentSize":{"__type__":"cc.Size","width":119,"height":171},"_position":{"__type__":"cc.Vec3","y":62}},{"__type__":"cc.Node","_name":"Effect4","_parent":{"__id__":1},"_level":2,"_components":[{"__type__":"cc.Sprite","node":{"__id__":5},"_materials":[{"__uuid__":"ecpdLyjvZBwrvm+cedCcQy"}],"_spriteFrame":{"__uuid__":"08fGHk+wJKv6SE2Vat7Yb0"},"_sizeMode":2,"_isTrimmedMode":false}],"_prefab":{"__type__":"cc.PrefabInfo","root":{"__id__":1},"asset":{"__uuid__":"d0VaB68DhDso0d/KHA1oWE"},"fileId":"8afi8F8tlNhaQAujQpeq5F"},"_contentSize":{"__type__":"cc.Size","width":119,"height":171},"_position":{"__type__":"cc.Vec3","y":62}},{"__type__":"cc.Node","_name":"Effect5","_parent":{"__id__":1},"_level":2,"_components":[{"__type__":"cc.Sprite","node":{"__id__":6},"_materials":[{"__uuid__":"ecpdLyjvZBwrvm+cedCcQy"}],"_spriteFrame":{"__uuid__":"08fGHk+wJKv6SE2Vat7Yb0"},"_sizeMode":2,"_isTrimmedMode":false}],"_prefab":{"__type__":"cc.PrefabInfo","root":{"__id__":1},"asset":{"__uuid__":"d0VaB68DhDso0d/KHA1oWE"},"fileId":"8fLGwrrWJEPqHn1H3TRktd"},"_contentSize":{"__type__":"cc.Size","width":119,"height":171},"_position":{"__type__":"cc.Vec3","y":49}},{"__type__":"cc.Node","_name":"Image","_parent":{"__id__":1},"_level":5,"_components":[{"__type__":"cc.Sprite","node":{"__id__":7},"_materials":[{"__uuid__":"ecpdLyjvZBwrvm+cedCcQy"}],"_spriteFrame":{"__uuid__":"02694ScWhEGp27Zeqc2IJt"},"_sizeMode":2,"_isTrimmedMode":false}],"_prefab":{"__type__":"cc.PrefabInfo","root":{"__id__":1},"asset":{"__uuid__":"d0VaB68DhDso0d/KHA1oWE"},"fileId":"baY2bFTIJL8J/3Cv/iFlfp"},"_contentSize":{"__type__":"cc.Size","width":177,"height":124},"_anchorPoint":{"__type__":"cc.Vec2","x":0.2,"y":0.5},"_position":{"__type__":"cc.Vec3","y":-4},"_eulerAngles":{"__type__":"cc.Vec3","z":90}}]