[{"__type__":"cc.Prefab","_name":"criticalMiniBoss","data":{"__id__":1}},{"__type__":"cc.Node","_name":"FinMiniBossFx","_children":[{"__id__":2}],"_level":1,"_components":[{"__type__":"cc.Animation","node":{"__id__":1},"_defaultClip":{"__uuid__":"30gxZ9UypP1r54lHna9ykZ"},"_clips":[{"__uuid__":"30gxZ9UypP1r54lHna9ykZ"},{"__uuid__":"32g7tQPT5LDY8j84t4WV5s"}],"playOnLoad":true}],"_prefab":{"__type__":"cc.PrefabInfo","root":{"__id__":1},"asset":{"__uuid__":"ebUza8/Y9JoYbGOTMKa3oJ"},"fileId":"5fp/OpVdZAi5MX5J443rRd"}},{"__type__":"cc.Node","_name":"image","_parent":{"__id__":1},"_level":2,"_components":[{"__type__":"cc.Sprite","node":{"__id__":2},"_materials":[{"__uuid__":"ecpdLyjvZBwrvm+cedCcQy"}],"_spriteFrame":{"__uuid__":"53qtCi6vhMp4yYrAlIMJ8c"},"_sizeMode":0,"_isTrimmedMode":false}],"_prefab":{"__type__":"cc.PrefabInfo","root":{"__id__":1},"asset":{"__uuid__":"ebUza8/Y9JoYbGOTMKa3oJ"},"fileId":"d6VPq6dZ1CPr5Qrs4d+PFn"},"_contentSize":{"__type__":"cc.Size","width":115.75,"height":25.25},"_anchorPoint":{"__type__":"cc.Vec2","x":0.5,"y":0.25}}]