{"__type__":"sp.SkeletonData","_name":"Explosion","skeletonJsonStr":"{\"skeleton\":{\"hash\":\"EAb0BByT0FDKAn+5VhIRRIq9n0U\",\"spine\":\"3.7.94\",\"width\":335.67,\"height\":335.67,\"images\":\"./images/\",\"audio\":\"\"},\"bones\":[{\"name\":\"root\",\"scaleX\":0.67,\"scaleY\":0.67},{\"name\":\"Explosion\",\"parent\":\"root\",\"scaleX\":3,\"scaleY\":3},{\"name\":\"Light\",\"parent\":\"root\",\"x\":-10}],\"slots\":[{\"name\":\"Light\",\"bone\":\"Light\",\"color\":\"ffb978ff\",\"attachment\":\"Light\"},{\"name\":\"Explosion\",\"bone\":\"Explosion\",\"attachment\":\"Explosion 30\"}],\"skins\":{\"default\":{\"Explosion\":{\"Explosion 01\":{\"width\":137,\"height\":137},\"Explosion 03\":{\"width\":137,\"height\":137},\"Explosion 05\":{\"width\":141,\"height\":141},\"Explosion 07\":{\"width\":167,\"height\":167},\"Explosion 09\":{\"width\":167,\"height\":167},\"Explosion 11\":{\"width\":167,\"height\":167},\"Explosion 13\":{\"width\":167,\"height\":167},\"Explosion 15\":{\"width\":167,\"height\":167},\"Explosion 17\":{\"width\":167,\"height\":167},\"Explosion 19\":{\"width\":167,\"height\":167},\"Explosion 21\":{\"width\":167,\"height\":167},\"Explosion 23\":{\"width\":167,\"height\":167},\"Explosion 25\":{\"width\":167,\"height\":167},\"Explosion 27\":{\"width\":167,\"height\":167},\"Explosion 28\":{\"width\":167,\"height\":167},\"Explosion 29\":{\"width\":167,\"height\":167},\"Explosion 30\":{\"width\":167,\"height\":167},\"Explosion 31\":{\"width\":167,\"height\":167}},\"Light\":{\"Light\":{\"scaleX\":2,\"scaleY\":2,\"width\":64,\"height\":64}}}},\"animations\":{\"animation\":{\"slots\":{\"Explosion\":{\"color\":[{\"time\":0.6667,\"color\":\"ffffffff\"},{\"time\":0.8333,\"color\":\"ffffff00\"}],\"attachment\":[{\"time\":0,\"name\":\"Explosion 01\"},{\"time\":0.1333,\"name\":\"Explosion 03\"},{\"time\":0.1667,\"name\":\"Explosion 05\"},{\"time\":0.2,\"name\":\"Explosion 07\"},{\"time\":0.2333,\"name\":\"Explosion 09\"},{\"time\":0.2667,\"name\":\"Explosion 11\"},{\"time\":0.3,\"name\":\"Explosion 13\"},{\"time\":0.3333,\"name\":\"Explosion 15\"},{\"time\":0.3667,\"name\":\"Explosion 17\"},{\"time\":0.4,\"name\":\"Explosion 19\"},{\"time\":0.4333,\"name\":\"Explosion 21\"},{\"time\":0.4667,\"name\":\"Explosion 23\"},{\"time\":0.5,\"name\":\"Explosion 25\"},{\"time\":0.5333,\"name\":\"Explosion 27\"},{\"time\":0.5667,\"name\":\"Explosion 28\"},{\"time\":0.6,\"name\":\"Explosion 29\"},{\"time\":0.6333,\"name\":\"Explosion 30\"},{\"time\":0.6667,\"name\":\"Explosion 31\"}]}},\"bones\":{\"Explosion\":{\"scale\":[{\"time\":0,\"x\":0,\"y\":0},{\"time\":0.1333,\"x\":1.333,\"y\":1.333,\"curve\":\"stepped\"},{\"time\":0.1667,\"x\":1,\"y\":1,\"curve\":\"stepped\"},{\"time\":0.5333,\"x\":1,\"y\":1},{\"time\":0.8333,\"x\":1.333,\"y\":1.333}]},\"Light\":{\"scale\":[{\"time\":0,\"x\":0,\"y\":0},{\"time\":0.1333,\"x\":7,\"y\":7},{\"time\":0.3333,\"x\":7.5,\"y\":7.5},{\"time\":0.5333,\"x\":8,\"y\":8},{\"time\":0.8333,\"x\":0,\"y\":0}]}}}}}","_skeletonJson":{"skeleton":{"hash":"EAb0BByT0FDKAn+5VhIRRIq9n0U","spine":"3.7.94","width":335.67,"height":335.67,"images":"./images/","audio":""},"bones":[{"name":"root","scaleX":0.67,"scaleY":0.67},{"name":"Explosion","parent":"root","scaleX":3,"scaleY":3},{"name":"Light","parent":"root","x":-10}],"slots":[{"name":"Light","bone":"Light","color":"ffb978ff","attachment":"Light"},{"name":"Explosion","bone":"Explosion","attachment":"Explosion 30"}],"skins":{"default":{"Explosion":{"Explosion 01":{"width":137,"height":137},"Explosion 03":{"width":137,"height":137},"Explosion 05":{"width":141,"height":141},"Explosion 07":{"width":167,"height":167},"Explosion 09":{"width":167,"height":167},"Explosion 11":{"width":167,"height":167},"Explosion 13":{"width":167,"height":167},"Explosion 15":{"width":167,"height":167},"Explosion 17":{"width":167,"height":167},"Explosion 19":{"width":167,"height":167},"Explosion 21":{"width":167,"height":167},"Explosion 23":{"width":167,"height":167},"Explosion 25":{"width":167,"height":167},"Explosion 27":{"width":167,"height":167},"Explosion 28":{"width":167,"height":167},"Explosion 29":{"width":167,"height":167},"Explosion 30":{"width":167,"height":167},"Explosion 31":{"width":167,"height":167}},"Light":{"Light":{"scaleX":2,"scaleY":2,"width":64,"height":64}}}},"animations":{"animation":{"slots":{"Explosion":{"color":[{"time":0.6667,"color":"ffffffff"},{"time":0.8333,"color":"ffffff00"}],"attachment":[{"time":0,"name":"Explosion 01"},{"time":0.1333,"name":"Explosion 03"},{"time":0.1667,"name":"Explosion 05"},{"time":0.2,"name":"Explosion 07"},{"time":0.2333,"name":"Explosion 09"},{"time":0.2667,"name":"Explosion 11"},{"time":0.3,"name":"Explosion 13"},{"time":0.3333,"name":"Explosion 15"},{"time":0.3667,"name":"Explosion 17"},{"time":0.4,"name":"Explosion 19"},{"time":0.4333,"name":"Explosion 21"},{"time":0.4667,"name":"Explosion 23"},{"time":0.5,"name":"Explosion 25"},{"time":0.5333,"name":"Explosion 27"},{"time":0.5667,"name":"Explosion 28"},{"time":0.6,"name":"Explosion 29"},{"time":0.6333,"name":"Explosion 30"},{"time":0.6667,"name":"Explosion 31"}]}},"bones":{"Explosion":{"scale":[{"time":0,"x":0,"y":0},{"time":0.1333,"x":1.333,"y":1.333,"curve":"stepped"},{"time":0.1667,"x":1,"y":1,"curve":"stepped"},{"time":0.5333,"x":1,"y":1},{"time":0.8333,"x":1.333,"y":1.333}]},"Light":{"scale":[{"time":0,"x":0,"y":0},{"time":0.1333,"x":7,"y":7},{"time":0.3333,"x":7.5,"y":7.5},{"time":0.5333,"x":8,"y":8},{"time":0.8333,"x":0,"y":0}]}}}}},"_atlasText":"\nExplosion.png\nsize: 458,554\nformat: RGBA8888\nfilter: Linear,Linear\nrepeat: none\nExplosion 01\n  rotate: false\n  xy: 344, 118\n  size: 92, 92\n  orig: 92, 92\n  offset: 0, 0\n  index: -1\nExplosion 03\n  rotate: false\n  xy: 98, 4\n  size: 92, 92\n  orig: 92, 92\n  offset: 0, 0\n  index: -1\nExplosion 05\n  rotate: false\n  xy: 2, 2\n  size: 94, 94\n  orig: 94, 94\n  offset: 0, 0\n  index: -1\nExplosion 07\n  rotate: false\n  xy: 2, 440\n  size: 112, 112\n  orig: 112, 112\n  offset: 0, 0\n  index: -1\nExplosion 09\n  rotate: false\n  xy: 2, 326\n  size: 112, 112\n  orig: 112, 112\n  offset: 0, 0\n  index: -1\nExplosion 11\n  rotate: false\n  xy: 116, 440\n  size: 112, 112\n  orig: 112, 112\n  offset: 0, 0\n  index: -1\nExplosion 13\n  rotate: false\n  xy: 2, 212\n  size: 112, 112\n  orig: 112, 112\n  offset: 0, 0\n  index: -1\nExplosion 15\n  rotate: false\n  xy: 116, 326\n  size: 112, 112\n  orig: 112, 112\n  offset: 0, 0\n  index: -1\nExplosion 17\n  rotate: false\n  xy: 230, 440\n  size: 112, 112\n  orig: 112, 112\n  offset: 0, 0\n  index: -1\nExplosion 19\n  rotate: false\n  xy: 2, 98\n  size: 112, 112\n  orig: 112, 112\n  offset: 0, 0\n  index: -1\nExplosion 21\n  rotate: false\n  xy: 116, 212\n  size: 112, 112\n  orig: 112, 112\n  offset: 0, 0\n  index: -1\nExplosion 23\n  rotate: false\n  xy: 230, 326\n  size: 112, 112\n  orig: 112, 112\n  offset: 0, 0\n  index: -1\nExplosion 25\n  rotate: false\n  xy: 344, 440\n  size: 112, 112\n  orig: 112, 112\n  offset: 0, 0\n  index: -1\nExplosion 27\n  rotate: false\n  xy: 116, 98\n  size: 112, 112\n  orig: 112, 112\n  offset: 0, 0\n  index: -1\nExplosion 28\n  rotate: false\n  xy: 230, 212\n  size: 112, 112\n  orig: 112, 112\n  offset: 0, 0\n  index: -1\nExplosion 29\n  rotate: false\n  xy: 344, 326\n  size: 112, 112\n  orig: 112, 112\n  offset: 0, 0\n  index: -1\nExplosion 30\n  rotate: false\n  xy: 344, 212\n  size: 112, 112\n  orig: 112, 112\n  offset: 0, 0\n  index: -1\nExplosion 31\n  rotate: false\n  xy: 230, 98\n  size: 112, 112\n  orig: 112, 112\n  offset: 0, 0\n  index: -1\nLight\n  rotate: false\n  xy: 192, 53\n  size: 43, 43\n  orig: 43, 43\n  offset: 0, 0\n  index: -1\n","textures":[{"__uuid__":"132vDms6BLf4Tc4WV5p9oP"}],"textureNames":["Explosion.png"]}