[{"__type__":"cc.Prefab","_name":"CutSceneSkill1992","data":{"__id__":1}},{"__type__":"cc.Node","_name":"CutSceneItem","_children":[{"__id__":2},{"__id__":3}],"_level":1,"_components":[{"__type__":"49389ixelBIMJ7ZvvjE0oS/","node":{"__id__":1},"spineCutScene":{"__id__":4},"lstDataSpineCutScene":[{"__uuid__":"17dPymDdtDkpxDTmTbWm2+"},{"__uuid__":"728sxCRV9JdZsTROCOY5c5"},{"__uuid__":"fazW9nLkpHfJiizEzgykyA"},{"__uuid__":"b6BK738u5A2JOJyvkjPSRD"}]}],"_prefab":{"__type__":"cc.PrefabInfo","root":{"__id__":1},"asset":{"__uuid__":"04Y32NzrdBWaqXcEyqUzCv"},"fileId":"1dgEAj4CNAy5dPOsQHCfVs"},"_contentSize":{"__type__":"cc.Size","width":1604,"height":720}},{"__type__":"cc.Node","_name":"Overlay","_parent":{"__id__":1},"_level":4,"_components":[{"__type__":"cc.Sprite","node":{"__id__":2},"_materials":[{"__uuid__":"ecpdLyjvZBwrvm+cedCcQy"}],"_spriteFrame":{"__uuid__":"dcnf2ctq5AprUxSPIh8CVb"},"_type":1,"_sizeMode":0},{"__type__":"cc.BlockInputEvents","node":{"__id__":2}},{"__type__":"cc.Widget","node":{"__id__":2},"_alignFlags":45,"_left":-115,"_right":-115,"_top":-60,"_bottom":-60,"_originalWidth":1604,"_originalHeight":903}],"_prefab":{"__type__":"cc.PrefabInfo","root":{"__id__":1},"asset":{"__uuid__":"04Y32NzrdBWaqXcEyqUzCv"},"fileId":"c7NCabDjBOsZqYWJs6DqLJ"},"_opacity":150,"_color":{"__type__":"cc.Color"},"_contentSize":{"__type__":"cc.Size","width":1834,"height":840}},{"__type__":"cc.Node","_name":"anim","_parent":{"__id__":1},"_level":2,"_components":[{"__id__":4}],"_prefab":{"__type__":"cc.PrefabInfo","root":{"__id__":1},"asset":{"__uuid__":"04Y32NzrdBWaqXcEyqUzCv"},"fileId":"28EJxPqddHebBAEhoUfo0p"},"_contentSize":{"__type__":"cc.Size","width":1280.02,"height":122.95}},{"__type__":"sp.Skeleton","node":{"__id__":3},"_materials":[{"__uuid__":"7a/QZLET9IDreTiBfRn2PD"}],"_preCacheMode":0,"loop":false,"premultipliedAlpha":false}]